remote: 
remote: Create a pull request for 'v2-results-cald' on GitHub by visiting:        
remote:      https://github.com/xieguaiwu/LLMs-and-impossible-language-acquisition/pull/new/v2-results-cald        
remote: 
To https://github.com/xieguaiwu/LLMs-and-impossible-language-acquisition.git
 * [new branch]      edad73d1d39703afb58abb4cc00f9fc13c00d35c -> v2-results-cald
[2026-09-30T02:15:47+08:00] incremental publish OK -> v2-results-cald (cells=0)
To https://github.com/xieguaiwu/LLMs-and-impossible-language-acquisition.git
 + edad73d...bf03877 bf03877181408703bc4a6ee236c5220cb5428471 -> v2-results-cald (forced update)
[2026-10-03T06:27:34+08:00] incremental publish OK -> v2-results-cald (cells=0)
To https://github.com/xieguaiwu/LLMs-and-impossible-language-acquisition.git
 + bf03877...94c9da8 94c9da89148b3c1d9fb5d14e92011efd09e5c998 -> v2-results-cald (forced update)
[2026-10-03T06:41:45+08:00] incremental publish OK -> v2-results-cald (cells=0)
To https://github.com/xieguaiwu/LLMs-and-impossible-language-acquisition.git
 + 94c9da8...02136d2 02136d2129acd622fc185e68b83d4ad14922fae0 -> v2-results-cald (forced update)
[2026-10-03T06:55:59+08:00] incremental publish OK -> v2-results-cald (cells=0)
To https://github.com/xieguaiwu/LLMs-and-impossible-language-acquisition.git
 + 02136d2...442b90d 442b90d1c1f26e3d6c8dc1fe4bdc4119adeb4246 -> v2-results-cald (forced update)
[2026-10-03T07:10:15+08:00] incremental publish OK -> v2-results-cald (cells=0)
To https://github.com/xieguaiwu/LLMs-and-impossible-language-acquisition.git
 + 442b90d...18573bb 18573bb2d189dd5dbaefd17f704ef059fb012e68 -> v2-results-cald (forced update)
[2026-10-03T07:24:42+08:00] incremental publish OK -> v2-results-cald (cells=0)
To https://github.com/xieguaiwu/LLMs-and-impossible-language-acquisition.git
 + 18573bb...2836ec3 2836ec3bc71c420e6298709f15817642aed5b3ed -> v2-results-cald (forced update)
[2026-10-03T07:39:05+08:00] incremental publish OK -> v2-results-cald (cells=0)
To https://github.com/xieguaiwu/LLMs-and-impossible-language-acquisition.git
 + 2836ec3...87fa2a9 87fa2a99ea579f58fbfdbf6013f592808fc1c6c5 -> v2-results-cald (forced update)
[2026-10-03T07:53:14+08:00] incremental publish OK -> v2-results-cald (cells=0)
To https://github.com/xieguaiwu/LLMs-and-impossible-language-acquisition.git
 + 87fa2a9...81c0a34 81c0a34b58253581d8a2770228dc3bf1d6ae194d -> v2-results-cald (forced update)
[2026-10-03T08:07:21+08:00] incremental publish OK -> v2-results-cald (cells=0)
To https://github.com/xieguaiwu/LLMs-and-impossible-language-acquisition.git
 + 81c0a34...c60906a c60906ae27461aadc02d35e1324eb8be7b67f2b7 -> v2-results-cald (forced update)
[2026-10-03T08:21:21+08:00] incremental publish OK -> v2-results-cald (cells=0)
To https://github.com/xieguaiwu/LLMs-and-impossible-language-acquisition.git
 + c60906a...b8f32cd b8f32cdf8578f40702138f37d2df06a128be3a78 -> v2-results-cald (forced update)
[2026-10-03T22:23:02+08:00] incremental publish OK -> v2-results-cald (cells=0)
To https://github.com/xieguaiwu/LLMs-and-impossible-language-acquisition.git
 + b8f32cd...28d2700 28d27005b3df0e807c12315cdc0d2c13a100e151 -> v2-results-cald (forced update)
[2026-10-04T07:42:02+08:00] incremental publish OK -> v2-results-cald (cells=0)
To https://github.com/xieguaiwu/LLMs-and-impossible-language-acquisition.git
 + 28d2700...9b28058 9b2805892fe028f2176ce73aa5f5eef780de08a6 -> v2-results-cald (forced update)
[2026-10-04T07:54:12+08:00] incremental publish OK -> v2-results-cald (cells=0)
To https://github.com/xieguaiwu/LLMs-and-impossible-language-acquisition.git
 + 9b28058...fe64880 fe6488065e4de9d1c259ddb0351719c1ee4d1315 -> v2-results-cald (forced update)
[2026-10-04T08:06:05+08:00] incremental publish OK -> v2-results-cald (cells=0)
To https://github.com/xieguaiwu/LLMs-and-impossible-language-acquisition.git
 + fe64880...6dfd9ab 6dfd9ab3fabeea13ab4ddfb618def5e127778de6 -> v2-results-cald (forced update)
[2026-10-04T08:18:11+08:00] incremental publish OK -> v2-results-cald (cells=0)
To https://github.com/xieguaiwu/LLMs-and-impossible-language-acquisition.git
 + 6dfd9ab...a2fcec6 a2fcec616d7897899446be3658c365a653132a83 -> v2-results-cald (forced update)
[2026-10-04T08:30:30+08:00] incremental publish OK -> v2-results-cald (cells=0)
To https://github.com/xieguaiwu/LLMs-and-impossible-language-acquisition.git
 + a2fcec6...c34d17a c34d17a380c3847ea6af82a35447b9dca4acf1a7 -> v2-results-cald (forced update)
[2026-10-04T08:42:42+08:00] incremental publish OK -> v2-results-cald (cells=0)
To https://github.com/xieguaiwu/LLMs-and-impossible-language-acquisition.git
 + c34d17a...ba5ed9a ba5ed9a5d5f2abb216e122627445cab01d3731fa -> v2-results-cald (forced update)
[2026-10-04T08:54:43+08:00] incremental publish OK -> v2-results-cald (cells=0)
To https://github.com/xieguaiwu/LLMs-and-impossible-language-acquisition.git
 + ba5ed9a...690c918 690c91819d2cb0b6c52b75ed432e3d37e55c6325 -> v2-results-cald (forced update)
[2026-10-04T09:06:43+08:00] incremental publish OK -> v2-results-cald (cells=0)
To https://github.com/xieguaiwu/LLMs-and-impossible-language-acquisition.git
 + 690c918...2059461 20594617d6b794d6be32a62400e4de6e399dcfdd -> v2-results-cald (forced update)
[2026-10-04T09:18:55+08:00] incremental publish OK -> v2-results-cald (cells=0)
To https://github.com/xieguaiwu/LLMs-and-impossible-language-acquisition.git
 + 2059461...9444839 9444839cb394d31b6e87023a628f1ee0cef68ab6 -> v2-results-cald (forced update)
[2026-10-04T09:30:55+08:00] incremental publish OK -> v2-results-cald (cells=0)
To https://github.com/xieguaiwu/LLMs-and-impossible-language-acquisition.git
 + 9444839...1830480 1830480969a79511f887731ee1df9bddfd2e64d6 -> v2-results-cald (forced update)
[2026-10-04T09:42:58+08:00] incremental publish OK -> v2-results-cald (cells=0)
To https://github.com/xieguaiwu/LLMs-and-impossible-language-acquisition.git
 + 1830480...295fe58 295fe589b4cb1bfaedd93170beb4f70949c07996 -> v2-results-cald (forced update)
[2026-10-04T09:55:10+08:00] incremental publish OK -> v2-results-cald (cells=0)
To https://github.com/xieguaiwu/LLMs-and-impossible-language-acquisition.git
 + 295fe58...4aadbdf 4aadbdf0cf29a5b1ecac26329160e1ea404d8987 -> v2-results-cald (forced update)
[2026-10-04T10:07:28+08:00] incremental publish OK -> v2-results-cald (cells=0)
To https://github.com/xieguaiwu/LLMs-and-impossible-language-acquisition.git
 + 4aadbdf...0eea660 0eea660d389eaaa6a70137a71cfd90e017d28963 -> v2-results-cald (forced update)
[2026-10-04T10:19:35+08:00] incremental publish OK -> v2-results-cald (cells=0)
To https://github.com/xieguaiwu/LLMs-and-impossible-language-acquisition.git
 + 0eea660...c2533f1 c2533f1f05940d8914ec6170092a895777d45422 -> v2-results-cald (forced update)
[2026-10-04T10:31:56+08:00] incremental publish OK -> v2-results-cald (cells=0)
To https://github.com/xieguaiwu/LLMs-and-impossible-language-acquisition.git
 + c2533f1...835d273 835d273c28b4dd7357d281190ef8d39f43e4e1b2 -> v2-results-cald (forced update)
[2026-10-04T10:44:53+08:00] incremental publish OK -> v2-results-cald (cells=0)
To https://github.com/xieguaiwu/LLMs-and-impossible-language-acquisition.git
 + 835d273...8b23ea8 8b23ea8e3226e019c0e1f13ca7752ef190497fdf -> v2-results-cald (forced update)
[2026-10-04T10:58:25+08:00] incremental publish OK -> v2-results-cald (cells=0)
To https://github.com/xieguaiwu/LLMs-and-impossible-language-acquisition.git
 + 8b23ea8...075682e 075682e531f4d32a5f72b6cd1ebbb10e96480f02 -> v2-results-cald (forced update)
[2026-10-04T11:11:18+08:00] incremental publish OK -> v2-results-cald (cells=0)
To https://github.com/xieguaiwu/LLMs-and-impossible-language-acquisition.git
 + 075682e...d656285 d65628524dff389e4acbf4020284a2935105a402 -> v2-results-cald (forced update)
[2026-10-04T11:23:43+08:00] incremental publish OK -> v2-results-cald (cells=0)
To https://github.com/xieguaiwu/LLMs-and-impossible-language-acquisition.git
 + d656285...b3311e5 b3311e5dccccaa9dde51e513041c0734b1daffc6 -> v2-results-cald (forced update)
[2026-10-04T11:35:56+08:00] incremental publish OK -> v2-results-cald (cells=0)
To https://github.com/xieguaiwu/LLMs-and-impossible-language-acquisition.git
 + b3311e5...057276b 057276bc0f9a3f45b30eee416e4af79383d9779d -> v2-results-cald (forced update)
[2026-10-04T11:48:17+08:00] incremental publish OK -> v2-results-cald (cells=0)
To https://github.com/xieguaiwu/LLMs-and-impossible-language-acquisition.git
 + 057276b...f22095c f22095c697637fcde6f70eea8698d65a1200697a -> v2-results-cald (forced update)
[2026-10-04T12:01:00+08:00] incremental publish OK -> v2-results-cald (cells=0)
To https://github.com/xieguaiwu/LLMs-and-impossible-language-acquisition.git
 + f22095c...7414162 7414162f18e244284efc61399dbaebf46efcfddb -> v2-results-cald (forced update)
[2026-10-04T12:13:51+08:00] incremental publish OK -> v2-results-cald (cells=0)
To https://github.com/xieguaiwu/LLMs-and-impossible-language-acquisition.git
 + 7414162...5c2c462 5c2c4625cc3d0dcb2e6495e5be20b680912386d2 -> v2-results-cald (forced update)
[2026-10-04T12:26:12+08:00] incremental publish OK -> v2-results-cald (cells=0)
To https://github.com/xieguaiwu/LLMs-and-impossible-language-acquisition.git
 + 5c2c462...278adf4 278adf4eca645e8b4d1a1d5bfd263f3eb6f3aaae -> v2-results-cald (forced update)
[2026-10-04T12:38:30+08:00] incremental publish OK -> v2-results-cald (cells=0)
To https://github.com/xieguaiwu/LLMs-and-impossible-language-acquisition.git
 + 278adf4...eb2cdf7 eb2cdf7e6f11a825a83e86995025f9568da93d89 -> v2-results-cald (forced update)
[2026-10-04T12:50:48+08:00] incremental publish OK -> v2-results-cald (cells=0)
To https://github.com/xieguaiwu/LLMs-and-impossible-language-acquisition.git
 + eb2cdf7...9ca3a4d 9ca3a4dfabd68af02fa271bc8425ff0839e093c2 -> v2-results-cald (forced update)
[2026-10-04T13:03:27+08:00] incremental publish OK -> v2-results-cald (cells=0)
To https://github.com/xieguaiwu/LLMs-and-impossible-language-acquisition.git
 + 9ca3a4d...a02f55f a02f55f47cfab07d7f7c9237ff1ddb4dd5933b3d -> v2-results-cald (forced update)
[2026-10-04T13:16:46+08:00] incremental publish OK -> v2-results-cald (cells=0)
To https://github.com/xieguaiwu/LLMs-and-impossible-language-acquisition.git
 + a02f55f...adc3a36 adc3a36e20be66531858fa97eff8db937c9fafef -> v2-results-cald (forced update)
[2026-10-04T13:29:46+08:00] incremental publish OK -> v2-results-cald (cells=0)
To https://github.com/xieguaiwu/LLMs-and-impossible-language-acquisition.git
 + adc3a36...82c5c21 82c5c21fad620083da6b9cc269e747004f141eac -> v2-results-cald (forced update)
[2026-10-04T13:43:00+08:00] incremental publish OK -> v2-results-cald (cells=0)
To https://github.com/xieguaiwu/LLMs-and-impossible-language-acquisition.git
 + 82c5c21...afaa110 afaa11099604fb2ff43a11566066515d69fd1ec1 -> v2-results-cald (forced update)
[2026-10-04T13:56:23+08:00] incremental publish OK -> v2-results-cald (cells=0)
To https://github.com/xieguaiwu/LLMs-and-impossible-language-acquisition.git
 + afaa110...772c043 772c043616e84f7c90e9248b0de0e886689c5697 -> v2-results-cald (forced update)
[2026-10-04T14:09:35+08:00] incremental publish OK -> v2-results-cald (cells=0)
To https://github.com/xieguaiwu/LLMs-and-impossible-language-acquisition.git
 + 772c043...feac4ba feac4ba9569e415f1a7e672f7904580287180b9c -> v2-results-cald (forced update)
[2026-10-04T14:23:33+08:00] incremental publish OK -> v2-results-cald (cells=0)
To https://github.com/xieguaiwu/LLMs-and-impossible-language-acquisition.git
 + feac4ba...b46ffa7 b46ffa7f3c20476f77bc003bcb4c975ac82258bf -> v2-results-cald (forced update)
[2026-10-04T14:37:50+08:00] incremental publish OK -> v2-results-cald (cells=0)
To https://github.com/xieguaiwu/LLMs-and-impossible-language-acquisition.git
 + b46ffa7...8478fb4 8478fb46d4e74a3c28b14abdec33390215bf782f -> v2-results-cald (forced update)
[2026-10-04T14:52:04+08:00] incremental publish OK -> v2-results-cald (cells=0)
To https://github.com/xieguaiwu/LLMs-and-impossible-language-acquisition.git
 + 8478fb4...36aa2f8 36aa2f8a5df35c9f6edc6bd0c76c9830b44b0939 -> v2-results-cald (forced update)
[2026-10-04T15:05:26+08:00] incremental publish OK -> v2-results-cald (cells=0)
To https://github.com/xieguaiwu/LLMs-and-impossible-language-acquisition.git
 + 36aa2f8...f0c0678 f0c0678ca1481f55c209ce6c04745d50ae198d8e -> v2-results-cald (forced update)
[2026-10-04T15:18:54+08:00] incremental publish OK -> v2-results-cald (cells=0)
To https://github.com/xieguaiwu/LLMs-and-impossible-language-acquisition.git
 + f0c0678...0eefc31 0eefc31735471dc3c7c0e7883460df281786b49a -> v2-results-cald (forced update)
[2026-10-04T15:32:26+08:00] incremental publish OK -> v2-results-cald (cells=0)
To https://github.com/xieguaiwu/LLMs-and-impossible-language-acquisition.git
 + 0eefc31...3382a3c 3382a3c35f97d931a91638b92245504eb6794855 -> v2-results-cald (forced update)
[2026-10-04T15:45:51+08:00] incremental publish OK -> v2-results-cald (cells=0)
To https://github.com/xieguaiwu/LLMs-and-impossible-language-acquisition.git
 + 3382a3c...c5a6c85 c5a6c8503059ad257e49404e07887e16c1c933a5 -> v2-results-cald (forced update)
[2026-10-04T16:00:26+08:00] incremental publish OK -> v2-results-cald (cells=0)
To https://github.com/xieguaiwu/LLMs-and-impossible-language-acquisition.git
 + c5a6c85...c2a99d7 c2a99d7be586be835c99ab9a23422d9b3c6535fa -> v2-results-cald (forced update)
[2026-10-04T16:16:45+08:00] incremental publish OK -> v2-results-cald (cells=0)
To https://github.com/xieguaiwu/LLMs-and-impossible-language-acquisition.git
 + c2a99d7...287359d 287359df01ab59330a47f4b7293f1a3cd32bd465 -> v2-results-cald (forced update)
[2026-10-04T16:30:00+08:00] incremental publish OK -> v2-results-cald (cells=0)
To https://github.com/xieguaiwu/LLMs-and-impossible-language-acquisition.git
 + 287359d...826b59d 826b59d1d38beb477acdfbc61c80feee36a61043 -> v2-results-cald (forced update)
[2026-10-04T16:42:56+08:00] incremental publish OK -> v2-results-cald (cells=0)
To https://github.com/xieguaiwu/LLMs-and-impossible-language-acquisition.git
 + 826b59d...c2c2a02 c2c2a026428355b149b2d927a635d37082130d59 -> v2-results-cald (forced update)
[2026-10-04T16:55:40+08:00] incremental publish OK -> v2-results-cald (cells=0)
To https://github.com/xieguaiwu/LLMs-and-impossible-language-acquisition.git
 + c2c2a02...057a2aa 057a2aa8bd3380a7081e83530db8256d478462e1 -> v2-results-cald (forced update)
[2026-10-04T17:08:29+08:00] incremental publish OK -> v2-results-cald (cells=0)
To https://github.com/xieguaiwu/LLMs-and-impossible-language-acquisition.git
 + 057a2aa...928e2af 928e2af36fbc328863be83623f0e4cef38aa5190 -> v2-results-cald (forced update)
[2026-10-04T17:21:36+08:00] incremental publish OK -> v2-results-cald (cells=0)
To https://github.com/xieguaiwu/LLMs-and-impossible-language-acquisition.git
 + 928e2af...378824c 378824c77171c924de7e7a5856d2c80823c8c13e -> v2-results-cald (forced update)
[2026-10-04T17:35:49+08:00] incremental publish OK -> v2-results-cald (cells=0)
To https://github.com/xieguaiwu/LLMs-and-impossible-language-acquisition.git
 + 378824c...a7c846b a7c846bc8e2d5d01cc7b29e41629cb9b9a562035 -> v2-results-cald (forced update)
[2026-10-04T17:49:30+08:00] incremental publish OK -> v2-results-cald (cells=0)
To https://github.com/xieguaiwu/LLMs-and-impossible-language-acquisition.git
 + a7c846b...e9cb120 e9cb1205841411231d6bae99c89871ec8d338968 -> v2-results-cald (forced update)
[2026-10-04T18:02:32+08:00] incremental publish OK -> v2-results-cald (cells=0)
To https://github.com/xieguaiwu/LLMs-and-impossible-language-acquisition.git
 + e9cb120...25ab2a1 25ab2a17e92089d04a38614707cab8e2dcde8b08 -> v2-results-cald (forced update)
[2026-10-04T18:15:28+08:00] incremental publish OK -> v2-results-cald (cells=0)
To https://github.com/xieguaiwu/LLMs-and-impossible-language-acquisition.git
 + 25ab2a1...e503839 e50383990363b519cccba2f03832d92a7249c69d -> v2-results-cald (forced update)
[2026-10-04T18:28:58+08:00] incremental publish OK -> v2-results-cald (cells=0)
To https://github.com/xieguaiwu/LLMs-and-impossible-language-acquisition.git
 + e503839...adec18a adec18af8863d83ccff005916d5f16cb0c5b4394 -> v2-results-cald (forced update)
[2026-10-04T18:42:37+08:00] incremental publish OK -> v2-results-cald (cells=0)
To https://github.com/xieguaiwu/LLMs-and-impossible-language-acquisition.git
 + adec18a...4ea43ff 4ea43ff51c13e028e1b3e8362771fae0ecf34a75 -> v2-results-cald (forced update)
[2026-10-04T18:55:59+08:00] incremental publish OK -> v2-results-cald (cells=0)
To https://github.com/xieguaiwu/LLMs-and-impossible-language-acquisition.git
 + 4ea43ff...767a005 767a00532df296dfbb4b1e1005664a825bc11453 -> v2-results-cald (forced update)
[2026-10-04T19:09:21+08:00] incremental publish OK -> v2-results-cald (cells=0)
To https://github.com/xieguaiwu/LLMs-and-impossible-language-acquisition.git
 + 767a005...e569442 e569442eb56599334488a1571f8c43d45f651376 -> v2-results-cald (forced update)
[2026-10-04T19:22:16+08:00] incremental publish OK -> v2-results-cald (cells=0)
To https://github.com/xieguaiwu/LLMs-and-impossible-language-acquisition.git
 + e569442...a1347ef a1347efc574b28b954c8e3994c6e978fba739084 -> v2-results-cald (forced update)
[2026-10-04T19:35:36+08:00] incremental publish OK -> v2-results-cald (cells=0)
To https://github.com/xieguaiwu/LLMs-and-impossible-language-acquisition.git
 + a1347ef...6723b6e 6723b6e4e0c4df4929dfb4844fd5dfa0c801f37d -> v2-results-cald (forced update)
[2026-10-04T19:49:16+08:00] incremental publish OK -> v2-results-cald (cells=0)
To https://github.com/xieguaiwu/LLMs-and-impossible-language-acquisition.git
 + 6723b6e...d3ef8d0 d3ef8d0ce514117feecb02040ab32062e1941862 -> v2-results-cald (forced update)
[2026-10-04T20:03:01+08:00] incremental publish OK -> v2-results-cald (cells=0)
To https://github.com/xieguaiwu/LLMs-and-impossible-language-acquisition.git
 + d3ef8d0...fa38766 fa387663c4b58774e8e823683d73bb01a75da4d3 -> v2-results-cald (forced update)
[2026-10-04T20:17:05+08:00] incremental publish OK -> v2-results-cald (cells=0)
To https://github.com/xieguaiwu/LLMs-and-impossible-language-acquisition.git
 + fa38766...f7cb617 f7cb6174f1bed2ecda0eb705da070fcce6bc623a -> v2-results-cald (forced update)
[2026-10-04T20:31:19+08:00] incremental publish OK -> v2-results-cald (cells=0)
To https://github.com/xieguaiwu/LLMs-and-impossible-language-acquisition.git
 + f7cb617...3386d1a 3386d1a3f193479c873e9c9eee9091a9d6d01c63 -> v2-results-cald (forced update)
[2026-10-04T20:45:36+08:00] incremental publish OK -> v2-results-cald (cells=0)
To https://github.com/xieguaiwu/LLMs-and-impossible-language-acquisition.git
 + 3386d1a...94d5d60 94d5d60ce19028a354fbcc279f8d3d6a0b07f734 -> v2-results-cald (forced update)
[2026-10-04T21:00:07+08:00] incremental publish OK -> v2-results-cald (cells=0)
To https://github.com/xieguaiwu/LLMs-and-impossible-language-acquisition.git
 + 94d5d60...36bb659 36bb65973ed07e71008fc2db99dabe26199b1083 -> v2-results-cald (forced update)
[2026-10-04T21:14:50+08:00] incremental publish OK -> v2-results-cald (cells=0)
To https://github.com/xieguaiwu/LLMs-and-impossible-language-acquisition.git
 + 36bb659...7ca09f5 7ca09f5b403e4417c0581260631c7fec67d5cb1b -> v2-results-cald (forced update)
[2026-10-04T21:29:39+08:00] incremental publish OK -> v2-results-cald (cells=0)
To https://github.com/xieguaiwu/LLMs-and-impossible-language-acquisition.git
 + 7ca09f5...e1695f4 e1695f4bebbed79742e247946806190b39189ad7 -> v2-results-cald (forced update)
[2026-10-04T21:44:34+08:00] incremental publish OK -> v2-results-cald (cells=0)
To https://github.com/xieguaiwu/LLMs-and-impossible-language-acquisition.git
 + e1695f4...d16d885 d16d8854a3af2f53a85bb2272593ea635f16c76c -> v2-results-cald (forced update)
[2026-10-04T22:00:05+08:00] incremental publish OK -> v2-results-cald (cells=0)
To https://github.com/xieguaiwu/LLMs-and-impossible-language-acquisition.git
 + d16d885...a40715d a40715d94d8c7f735c845c78130018ccda8a0da8 -> v2-results-cald (forced update)
[2026-10-04T22:15:25+08:00] incremental publish OK -> v2-results-cald (cells=0)
To https://github.com/xieguaiwu/LLMs-and-impossible-language-acquisition.git
 + a40715d...f766665 f766665e7724464addbe4e6a16cfea3079264559 -> v2-results-cald (forced update)
[2026-10-04T22:30:34+08:00] incremental publish OK -> v2-results-cald (cells=0)
To https://github.com/xieguaiwu/LLMs-and-impossible-language-acquisition.git
 + f766665...7cbea58 7cbea58b0a6d269dd88fe1b677c4fe628e493fe0 -> v2-results-cald (forced update)
[2026-10-04T22:45:31+08:00] incremental publish OK -> v2-results-cald (cells=0)
To https://github.com/xieguaiwu/LLMs-and-impossible-language-acquisition.git
 + 7cbea58...1da9406 1da9406327f47ff8d6eca8c93fc04a6a025b69ea -> v2-results-cald (forced update)
[2026-10-04T23:00:27+08:00] incremental publish OK -> v2-results-cald (cells=0)
To https://github.com/xieguaiwu/LLMs-and-impossible-language-acquisition.git
 + 1da9406...c1d350f c1d350f68c3814d8b0e14b87b4edb29b88dbf3d7 -> v2-results-cald (forced update)
[2026-10-04T23:15:37+08:00] incremental publish OK -> v2-results-cald (cells=0)
To https://github.com/xieguaiwu/LLMs-and-impossible-language-acquisition.git
 + c1d350f...2080d95 2080d953c5c32ce31fba039b434a15f36fe7cc38 -> v2-results-cald (forced update)
[2026-10-04T23:31:00+08:00] incremental publish OK -> v2-results-cald (cells=0)
To https://github.com/xieguaiwu/LLMs-and-impossible-language-acquisition.git
 + 2080d95...134cdf4 134cdf46a8a67da63bada560f9f490f09d3d7d52 -> v2-results-cald (forced update)
[2026-10-04T23:46:10+08:00] incremental publish OK -> v2-results-cald (cells=0)
To https://github.com/xieguaiwu/LLMs-and-impossible-language-acquisition.git
 + 134cdf4...c1e1bb5 c1e1bb5ef4b1f68ef31dba7a26c9e01d1f3d1c85 -> v2-results-cald (forced update)
[2026-10-05T00:00:24+08:00] incremental publish OK -> v2-results-cald (cells=0)
To https://github.com/xieguaiwu/LLMs-and-impossible-language-acquisition.git
 + c1e1bb5...dcb99a5 dcb99a5db2bb69933d910aeb22866f69cebb5017 -> v2-results-cald (forced update)
[2026-10-05T00:15:18+08:00] incremental publish OK -> v2-results-cald (cells=0)
To https://github.com/xieguaiwu/LLMs-and-impossible-language-acquisition.git
 + dcb99a5...e3f0aeb e3f0aeb18bb2cf8f717791f38ff43b75c4de450e -> v2-results-cald (forced update)
[2026-10-05T00:29:33+08:00] incremental publish OK -> v2-results-cald (cells=0)
To https://github.com/xieguaiwu/LLMs-and-impossible-language-acquisition.git
 + e3f0aeb...f9dce1f f9dce1fb8a8bf3db8f9c1540a87dc0dcd64170a8 -> v2-results-cald (forced update)
[2026-10-05T00:44:07+08:00] incremental publish OK -> v2-results-cald (cells=0)
To https://github.com/xieguaiwu/LLMs-and-impossible-language-acquisition.git
 + f9dce1f...ad1d0df ad1d0dffc66c61e2f4b9ff64903a8f8c0a06d755 -> v2-results-cald (forced update)
[2026-10-05T00:58:37+08:00] incremental publish OK -> v2-results-cald (cells=0)
To https://github.com/xieguaiwu/LLMs-and-impossible-language-acquisition.git
 + ad1d0df...8df7b21 8df7b2179f4aebeb09e19d58d17dc59788b4084c -> v2-results-cald (forced update)
[2026-10-05T01:12:32+08:00] incremental publish OK -> v2-results-cald (cells=0)
To https://github.com/xieguaiwu/LLMs-and-impossible-language-acquisition.git
 + 8df7b21...8c745ac 8c745ac0032d6cd9f9a4cf09fbbae0a2e94594da -> v2-results-cald (forced update)
[2026-10-05T01:26:42+08:00] incremental publish OK -> v2-results-cald (cells=0)
To https://github.com/xieguaiwu/LLMs-and-impossible-language-acquisition.git
 + 8c745ac...90d6d16 90d6d161760791b1d341aa04d1ee9a035569f922 -> v2-results-cald (forced update)
[2026-10-05T01:40:58+08:00] incremental publish OK -> v2-results-cald (cells=0)
To https://github.com/xieguaiwu/LLMs-and-impossible-language-acquisition.git
 + 90d6d16...2af1933 2af19339df6df43989b60f92a69268d2c32112e7 -> v2-results-cald (forced update)
[2026-10-05T01:54:10+08:00] incremental publish OK -> v2-results-cald (cells=0)
To https://github.com/xieguaiwu/LLMs-and-impossible-language-acquisition.git
 + 2af1933...25515f6 25515f62a9b9d15be8b7eea494a72567d12c480f -> v2-results-cald (forced update)
[2026-10-05T02:06:49+08:00] incremental publish OK -> v2-results-cald (cells=0)
To https://github.com/xieguaiwu/LLMs-and-impossible-language-acquisition.git
 + 25515f6...9410233 94102339dfde48ee675df900ae531f37e0e7f2d6 -> v2-results-cald (forced update)
[2026-10-05T02:19:03+08:00] incremental publish OK -> v2-results-cald (cells=0)
To https://github.com/xieguaiwu/LLMs-and-impossible-language-acquisition.git
 + 9410233...7a77eb2 7a77eb20dc29e68d7bbbfb0ce64f5a60c7819493 -> v2-results-cald (forced update)
[2026-10-05T02:31:10+08:00] incremental publish OK -> v2-results-cald (cells=0)
To https://github.com/xieguaiwu/LLMs-and-impossible-language-acquisition.git
 + 7a77eb2...a4c7a02 a4c7a024a6dcc67c562def4d4c1bc2a9111f5ebf -> v2-results-cald (forced update)
[2026-10-05T02:43:10+08:00] incremental publish OK -> v2-results-cald (cells=0)
To https://github.com/xieguaiwu/LLMs-and-impossible-language-acquisition.git
 + a4c7a02...df23bf0 df23bf07ea94a5739aa7e47488bc64ed6dbdc2c3 -> v2-results-cald (forced update)
[2026-10-05T02:55:20+08:00] incremental publish OK -> v2-results-cald (cells=0)
To https://github.com/xieguaiwu/LLMs-and-impossible-language-acquisition.git
 + df23bf0...3ef31a9 3ef31a9c4330190621ec23c7b5519d63364ebb67 -> v2-results-cald (forced update)
[2026-10-05T03:07:28+08:00] incremental publish OK -> v2-results-cald (cells=0)
To https://github.com/xieguaiwu/LLMs-and-impossible-language-acquisition.git
 + 3ef31a9...eac111a eac111a55eb330b48c5954ea62d6014d966f20a6 -> v2-results-cald (forced update)
[2026-10-05T03:19:25+08:00] incremental publish OK -> v2-results-cald (cells=0)
To https://github.com/xieguaiwu/LLMs-and-impossible-language-acquisition.git
 + eac111a...627ab8e 627ab8e934200296650f0e20a62b9e8abc34a2ac -> v2-results-cald (forced update)
[2026-10-05T03:31:25+08:00] incremental publish OK -> v2-results-cald (cells=0)
To https://github.com/xieguaiwu/LLMs-and-impossible-language-acquisition.git
 + 627ab8e...7965c1e 7965c1eaf485723a3894829489ce9e1752562a19 -> v2-results-cald (forced update)
[2026-10-05T03:43:15+08:00] incremental publish OK -> v2-results-cald (cells=0)
To https://github.com/xieguaiwu/LLMs-and-impossible-language-acquisition.git
 + 7965c1e...264beae 264beaeb51384f193b9c46484b379d93e995b29f -> v2-results-cald (forced update)
[2026-10-05T03:54:58+08:00] incremental publish OK -> v2-results-cald (cells=0)
To https://github.com/xieguaiwu/LLMs-and-impossible-language-acquisition.git
 + 264beae...3cde4c0 3cde4c017daa5d62cf3d62403f0475e22dfbba19 -> v2-results-cald (forced update)
[2026-10-05T04:06:46+08:00] incremental publish OK -> v2-results-cald (cells=0)
To https://github.com/xieguaiwu/LLMs-and-impossible-language-acquisition.git
 + 3cde4c0...c970d98 c970d9802c95ba67efbdebd342b243ba0daf1ecd -> v2-results-cald (forced update)
[2026-10-05T04:18:55+08:00] incremental publish OK -> v2-results-cald (cells=0)
To https://github.com/xieguaiwu/LLMs-and-impossible-language-acquisition.git
 + c970d98...d5855df d5855df12abda547165e3d7882f4e9f5855386a2 -> v2-results-cald (forced update)
[2026-10-05T04:31:00+08:00] incremental publish OK -> v2-results-cald (cells=0)
To https://github.com/xieguaiwu/LLMs-and-impossible-language-acquisition.git
 + d5855df...6ca7de3 6ca7de38972e6235f2ddc50995a98b415798e4bc -> v2-results-cald (forced update)
[2026-10-05T04:42:53+08:00] incremental publish OK -> v2-results-cald (cells=0)
To https://github.com/xieguaiwu/LLMs-and-impossible-language-acquisition.git
 + 6ca7de3...b2ad8c7 b2ad8c79977e3ef9da6e6bd7c6cb6e5e4765ec4f -> v2-results-cald (forced update)
[2026-10-05T04:54:36+08:00] incremental publish OK -> v2-results-cald (cells=0)
To https://github.com/xieguaiwu/LLMs-and-impossible-language-acquisition.git
 + b2ad8c7...eaef1b2 eaef1b24c5f9cea6fd94d92060a589d50549ad2d -> v2-results-cald (forced update)
[2026-10-05T05:06:24+08:00] incremental publish OK -> v2-results-cald (cells=0)
To https://github.com/xieguaiwu/LLMs-and-impossible-language-acquisition.git
 + eaef1b2...dccf34b dccf34ba0cc761bedcacdb2e4d8a7dc01227b276 -> v2-results-cald (forced update)
[2026-10-05T05:18:08+08:00] incremental publish OK -> v2-results-cald (cells=0)
To https://github.com/xieguaiwu/LLMs-and-impossible-language-acquisition.git
 + dccf34b...f63818f f63818fd33224a7a22ed7846a36239739fed92f9 -> v2-results-cald (forced update)
[2026-10-05T05:30:02+08:00] incremental publish OK -> v2-results-cald (cells=0)
To https://github.com/xieguaiwu/LLMs-and-impossible-language-acquisition.git
 + f63818f...02aeaf6 02aeaf6545cc52c7e3ba3ec43610f4f21be1e31e -> v2-results-cald (forced update)
[2026-10-05T05:42:10+08:00] incremental publish OK -> v2-results-cald (cells=0)
To https://github.com/xieguaiwu/LLMs-and-impossible-language-acquisition.git
 + 02aeaf6...ec5aab9 ec5aab9c9844d8d865a059fd4eb54afae621cd36 -> v2-results-cald (forced update)
[2026-10-05T05:54:11+08:00] incremental publish OK -> v2-results-cald (cells=0)
To https://github.com/xieguaiwu/LLMs-and-impossible-language-acquisition.git
 + ec5aab9...3042955 3042955e45af7ff9f10c17862aec7680ec6d0c1f -> v2-results-cald (forced update)
[2026-10-05T06:06:08+08:00] incremental publish OK -> v2-results-cald (cells=0)
To https://github.com/xieguaiwu/LLMs-and-impossible-language-acquisition.git
 + 3042955e...6b841eca 6b841eca7f6af2d1995195ac90cfc10f873befeb -> v2-results-cald (forced update)
[2026-10-05T06:17:59+08:00] incremental publish OK -> v2-results-cald (cells=0)
To https://github.com/xieguaiwu/LLMs-and-impossible-language-acquisition.git
 + 6b841eca...bc4ddcb2 bc4ddcb247cb876a653184c1ed20c7df6f3de239 -> v2-results-cald (forced update)
[2026-10-05T06:29:55+08:00] incremental publish OK -> v2-results-cald (cells=0)
To https://github.com/xieguaiwu/LLMs-and-impossible-language-acquisition.git
 + bc4ddcb2...d891eb37 d891eb37846b3c860f2087435457676e392f5ea4 -> v2-results-cald (forced update)
[2026-10-05T06:41:49+08:00] incremental publish OK -> v2-results-cald (cells=0)
To https://github.com/xieguaiwu/LLMs-and-impossible-language-acquisition.git
 + d891eb37...1bbc0a83 1bbc0a83e834397e94f329631f1f5ac7566e28b0 -> v2-results-cald (forced update)
[2026-10-05T06:53:39+08:00] incremental publish OK -> v2-results-cald (cells=0)
To https://github.com/xieguaiwu/LLMs-and-impossible-language-acquisition.git
 + 1bbc0a83...ee785b31 ee785b3188129fb4e68d4f599e12bdf789b5ed28 -> v2-results-cald (forced update)
[2026-10-05T07:05:29+08:00] incremental publish OK -> v2-results-cald (cells=0)
To https://github.com/xieguaiwu/LLMs-and-impossible-language-acquisition.git
 + ee785b31...92a27e26 92a27e26d2b691679f3f6e2a0df27f79f5636839 -> v2-results-cald (forced update)
[2026-10-05T07:17:44+08:00] incremental publish OK -> v2-results-cald (cells=0)
To https://github.com/xieguaiwu/LLMs-and-impossible-language-acquisition.git
 + 92a27e26...f3f79964 f3f799642f500a211dc61ea35972c764940f511c -> v2-results-cald (forced update)
[2026-10-05T07:29:47+08:00] incremental publish OK -> v2-results-cald (cells=0)
To https://github.com/xieguaiwu/LLMs-and-impossible-language-acquisition.git
 + f3f79964...26d191e6 26d191e622649a1a17c04c5a68ebdb2361c523de -> v2-results-cald (forced update)
[2026-10-05T07:41:50+08:00] incremental publish OK -> v2-results-cald (cells=0)
To https://github.com/xieguaiwu/LLMs-and-impossible-language-acquisition.git
 + 26d191e6...22e58c4a 22e58c4a3eb97a7d505bb1dcc390643c9af709f0 -> v2-results-cald (forced update)
[2026-10-05T07:54:17+08:00] incremental publish OK -> v2-results-cald (cells=0)
To https://github.com/xieguaiwu/LLMs-and-impossible-language-acquisition.git
 + 22e58c4a...4a3ff3e7 4a3ff3e7cb0bc498675edb12306d35382e819f3a -> v2-results-cald (forced update)
[2026-10-05T08:06:49+08:00] incremental publish OK -> v2-results-cald (cells=0)
To https://github.com/xieguaiwu/LLMs-and-impossible-language-acquisition.git
 + 4a3ff3e7...0350f9a2 0350f9a22b343476ef8489cfae364bffec81a877 -> v2-results-cald (forced update)
[2026-10-05T08:19:50+08:00] incremental publish OK -> v2-results-cald (cells=0)
To https://github.com/xieguaiwu/LLMs-and-impossible-language-acquisition.git
 + 0350f9a2...f82be5bb f82be5bb0262024518976895333a3f050a6792dc -> v2-results-cald (forced update)
[2026-10-05T08:32:20+08:00] incremental publish OK -> v2-results-cald (cells=0)
To https://github.com/xieguaiwu/LLMs-and-impossible-language-acquisition.git
 + f82be5bb...027a6ec9 027a6ec94be8d5d3a8e417fb725c334461afd796 -> v2-results-cald (forced update)
[2026-10-05T08:45:33+08:00] incremental publish OK -> v2-results-cald (cells=0)
To https://github.com/xieguaiwu/LLMs-and-impossible-language-acquisition.git
 + 027a6ec9...40382063 40382063af15e481a2dd199cf27bceb4e1b82091 -> v2-results-cald (forced update)
[2026-10-05T08:58:06+08:00] incremental publish OK -> v2-results-cald (cells=0)
To https://github.com/xieguaiwu/LLMs-and-impossible-language-acquisition.git
 + 40382063...445877ff 445877ff32d4b6eff03714e01f8f334e22466f6a -> v2-results-cald (forced update)
[2026-10-05T09:10:12+08:00] incremental publish OK -> v2-results-cald (cells=0)
To https://github.com/xieguaiwu/LLMs-and-impossible-language-acquisition.git
 + 445877ff...3ca8f7de 3ca8f7de3906074fbe9b40fb808b7b96127649f8 -> v2-results-cald (forced update)
[2026-10-05T09:22:30+08:00] incremental publish OK -> v2-results-cald (cells=0)
To https://github.com/xieguaiwu/LLMs-and-impossible-language-acquisition.git
 + 3ca8f7de...3483feca 3483feca73475775ae192c01adf6471cbdcffdb7 -> v2-results-cald (forced update)
[2026-10-05T09:34:51+08:00] incremental publish OK -> v2-results-cald (cells=0)
To https://github.com/xieguaiwu/LLMs-and-impossible-language-acquisition.git
 + 3483feca...80f1d088 80f1d088f0359f44b968e17ef5fdeff72e4b7bb9 -> v2-results-cald (forced update)
[2026-10-05T09:47:39+08:00] incremental publish OK -> v2-results-cald (cells=0)
To https://github.com/xieguaiwu/LLMs-and-impossible-language-acquisition.git
 + 80f1d088...7fe12dab 7fe12dabe1b7dab74f9ae3c819bd6c541606290c -> v2-results-cald (forced update)
[2026-10-05T10:00:14+08:00] incremental publish OK -> v2-results-cald (cells=0)
To https://github.com/xieguaiwu/LLMs-and-impossible-language-acquisition.git
 + 7fe12dab...d6a3f223 d6a3f2237a5b9ae2a313ae2d42bc903328ceac9f -> v2-results-cald (forced update)
[2026-10-05T10:12:49+08:00] incremental publish OK -> v2-results-cald (cells=0)
To https://github.com/xieguaiwu/LLMs-and-impossible-language-acquisition.git
 + d6a3f223...a3f4a794 a3f4a794b57d11628f189f9abd50afd4d302ff1b -> v2-results-cald (forced update)
[2026-10-05T10:25:28+08:00] incremental publish OK -> v2-results-cald (cells=0)
To https://github.com/xieguaiwu/LLMs-and-impossible-language-acquisition.git
 + a3f4a794...51bc9f89 51bc9f89d082821388db1799d164d43b2b4cbc0f -> v2-results-cald (forced update)
[2026-10-05T10:37:54+08:00] incremental publish OK -> v2-results-cald (cells=0)
To https://github.com/xieguaiwu/LLMs-and-impossible-language-acquisition.git
 + 51bc9f89...c579e51c c579e51cbc2d92daca4713c30ce183d74b6bb581 -> v2-results-cald (forced update)
[2026-10-05T10:50:48+08:00] incremental publish OK -> v2-results-cald (cells=0)
To https://github.com/xieguaiwu/LLMs-and-impossible-language-acquisition.git
 + c579e51c...98bbd342 98bbd342ed49293f962a738005d0b0b57c68db24 -> v2-results-cald (forced update)
[2026-10-05T11:03:33+08:00] incremental publish OK -> v2-results-cald (cells=0)
To https://github.com/xieguaiwu/LLMs-and-impossible-language-acquisition.git
 + 98bbd342...d9b4f16c d9b4f16c9a45d3178e70dcd3e98bbb9624e04408 -> v2-results-cald (forced update)
[2026-10-05T11:16:06+08:00] incremental publish OK -> v2-results-cald (cells=0)
To https://github.com/xieguaiwu/LLMs-and-impossible-language-acquisition.git
 + d9b4f16c...15a203ca 15a203cac5083cf5fb115bb563d73367e868a62f -> v2-results-cald (forced update)
[2026-10-05T11:28:52+08:00] incremental publish OK -> v2-results-cald (cells=0)
To https://github.com/xieguaiwu/LLMs-and-impossible-language-acquisition.git
 + 15a203ca...cbe9cc0c cbe9cc0c17caf771901ca3bccd58242781148340 -> v2-results-cald (forced update)
[2026-10-05T11:41:52+08:00] incremental publish OK -> v2-results-cald (cells=0)
To https://github.com/xieguaiwu/LLMs-and-impossible-language-acquisition.git
 + cbe9cc0c...c009eda6 c009eda61c54b21053db38bc261a4e3f1c88117b -> v2-results-cald (forced update)
[2026-10-05T11:54:47+08:00] incremental publish OK -> v2-results-cald (cells=0)
To https://github.com/xieguaiwu/LLMs-and-impossible-language-acquisition.git
 + c009eda6...99ff419e 99ff419e640762ceba4f4029d3ba1175f1b06ba4 -> v2-results-cald (forced update)
[2026-10-05T12:07:31+08:00] incremental publish OK -> v2-results-cald (cells=0)
To https://github.com/xieguaiwu/LLMs-and-impossible-language-acquisition.git
 + 99ff419e...6237fd54 6237fd54bb84a046b2340d3fe735d4634889d151 -> v2-results-cald (forced update)
[2026-10-05T12:20:05+08:00] incremental publish OK -> v2-results-cald (cells=0)
To https://github.com/xieguaiwu/LLMs-and-impossible-language-acquisition.git
 + 6237fd54...ff1d86e1 ff1d86e1afa5ec9d63527204eb321bbd7894546c -> v2-results-cald (forced update)
[2026-10-05T12:32:43+08:00] incremental publish OK -> v2-results-cald (cells=0)
To https://github.com/xieguaiwu/LLMs-and-impossible-language-acquisition.git
 + ff1d86e1...feab3b4f feab3b4f54eb2ffaf743f5f2c27ab90e42b914ff -> v2-results-cald (forced update)
[2026-10-05T12:45:51+08:00] incremental publish OK -> v2-results-cald (cells=0)
To https://github.com/xieguaiwu/LLMs-and-impossible-language-acquisition.git
 + feab3b4f...42f7716d 42f7716d137deb3c6be34943ea0379eb10bc5607 -> v2-results-cald (forced update)
[2026-10-05T12:58:35+08:00] incremental publish OK -> v2-results-cald (cells=0)
To https://github.com/xieguaiwu/LLMs-and-impossible-language-acquisition.git
 + 42f7716d...58d27d72 58d27d72b6de215b8399f6725b78d766fa0392b5 -> v2-results-cald (forced update)
[2026-10-05T13:11:42+08:00] incremental publish OK -> v2-results-cald (cells=0)
To https://github.com/xieguaiwu/LLMs-and-impossible-language-acquisition.git
 + 58d27d72...ab91b934 ab91b93422aea40446beb2561aea493d9db88fd2 -> v2-results-cald (forced update)
[2026-10-05T13:25:16+08:00] incremental publish OK -> v2-results-cald (cells=0)
To https://github.com/xieguaiwu/LLMs-and-impossible-language-acquisition.git
 + ab91b934...d6946740 d694674090710413be33ccc62ac55ca798e02dc7 -> v2-results-cald (forced update)
[2026-10-05T13:37:38+08:00] incremental publish OK -> v2-results-cald (cells=0)
To https://github.com/xieguaiwu/LLMs-and-impossible-language-acquisition.git
 + d6946740...dfb1a307 dfb1a307ab68fecf195ddef030e6f5014fd1c42b -> v2-results-cald (forced update)
[2026-10-05T13:49:53+08:00] incremental publish OK -> v2-results-cald (cells=0)
To https://github.com/xieguaiwu/LLMs-and-impossible-language-acquisition.git
 + dfb1a307...62433e4a 62433e4a497eb82b6f80e01f8d7160ba974bba7d -> v2-results-cald (forced update)
[2026-10-05T14:02:38+08:00] incremental publish OK -> v2-results-cald (cells=0)
To https://github.com/xieguaiwu/LLMs-and-impossible-language-acquisition.git
 + 62433e4a...f89eac9a f89eac9a5e7a0a998ee5ddf423ff2c0e951fd930 -> v2-results-cald (forced update)
[2026-10-05T14:16:53+08:00] incremental publish OK -> v2-results-cald (cells=0)
To https://github.com/xieguaiwu/LLMs-and-impossible-language-acquisition.git
 + f89eac9a...76d871ac 76d871ac526b03153b6c15db1edda9f457607608 -> v2-results-cald (forced update)
[2026-10-05T14:30:47+08:00] incremental publish OK -> v2-results-cald (cells=0)
To https://github.com/xieguaiwu/LLMs-and-impossible-language-acquisition.git
 + 76d871ac...ac010ee1 ac010ee13f84e83f9d6f5ab9ac6cb2b92a5f79cd -> v2-results-cald (forced update)
[2026-10-05T14:44:14+08:00] incremental publish OK -> v2-results-cald (cells=0)
To https://github.com/xieguaiwu/LLMs-and-impossible-language-acquisition.git
 + ac010ee1...f10d856c f10d856c4d2dd940940e27547742059a5899dd08 -> v2-results-cald (forced update)
[2026-10-05T14:57:23+08:00] incremental publish OK -> v2-results-cald (cells=0)
To https://github.com/xieguaiwu/LLMs-and-impossible-language-acquisition.git
 + f10d856c...8068696b 8068696b259848f68d0ac1ba88814eec118c87d5 -> v2-results-cald (forced update)
[2026-10-05T15:10:43+08:00] incremental publish OK -> v2-results-cald (cells=0)
To https://github.com/xieguaiwu/LLMs-and-impossible-language-acquisition.git
 + 8068696b...c592cce7 c592cce74f2c517f1bac0c776ace86cc655c2e23 -> v2-results-cald (forced update)
[2026-10-05T15:24:04+08:00] incremental publish OK -> v2-results-cald (cells=0)
To https://github.com/xieguaiwu/LLMs-and-impossible-language-acquisition.git
 + c592cce7...370bfcad 370bfcadcfd1c8d727dd5b744b1f0c4346bee9c7 -> v2-results-cald (forced update)
[2026-10-05T15:38:12+08:00] incremental publish OK -> v2-results-cald (cells=0)
To https://github.com/xieguaiwu/LLMs-and-impossible-language-acquisition.git
 + 370bfcad...07081ebb 07081ebb7a62bd2e81cbb1efe659f1d1746674b2 -> v2-results-cald (forced update)
[2026-10-05T15:52:39+08:00] incremental publish OK -> v2-results-cald (cells=0)
To https://github.com/xieguaiwu/LLMs-and-impossible-language-acquisition.git
 + 07081ebb...a95e1d24 a95e1d24c0dd13de1ec71e4225cb59fdc13fbb44 -> v2-results-cald (forced update)
[2026-10-05T16:06:06+08:00] incremental publish OK -> v2-results-cald (cells=0)
To https://github.com/xieguaiwu/LLMs-and-impossible-language-acquisition.git
 + a95e1d24...316bdb2c 316bdb2c79c65a50ac2ba2d1183a1c45893985db -> v2-results-cald (forced update)
[2026-10-05T16:21:33+08:00] incremental publish OK -> v2-results-cald (cells=0)
To https://github.com/xieguaiwu/LLMs-and-impossible-language-acquisition.git
 + 316bdb2c...6291ecb1 6291ecb1d6ab43484fa464b4ff4f9e13ea6e6c9e -> v2-results-cald (forced update)
[2026-10-05T16:36:40+08:00] incremental publish OK -> v2-results-cald (cells=0)
To https://github.com/xieguaiwu/LLMs-and-impossible-language-acquisition.git
 + 6291ecb1...7c64985c 7c64985cdab061f06369ef0b33cc232c142eed76 -> v2-results-cald (forced update)
[2026-10-05T16:50:17+08:00] incremental publish OK -> v2-results-cald (cells=0)
To https://github.com/xieguaiwu/LLMs-and-impossible-language-acquisition.git
 + 7c64985c...3c620c0e 3c620c0e84a90b886da0ed68f0383225227c695f -> v2-results-cald (forced update)
[2026-10-05T17:03:22+08:00] incremental publish OK -> v2-results-cald (cells=0)
To https://github.com/xieguaiwu/LLMs-and-impossible-language-acquisition.git
 + 3c620c0e...3d0f1e74 3d0f1e7477999e7aa6eaa18161b6a9e2387b1eda -> v2-results-cald (forced update)
[2026-10-05T17:15:46+08:00] incremental publish OK -> v2-results-cald (cells=0)
To https://github.com/xieguaiwu/LLMs-and-impossible-language-acquisition.git
 + 3d0f1e74...70beb27c 70beb27cb3686ec3630dbe0490d0a92d75277fa3 -> v2-results-cald (forced update)
[2026-10-05T17:29:58+08:00] incremental publish OK -> v2-results-cald (cells=0)
To https://github.com/xieguaiwu/LLMs-and-impossible-language-acquisition.git
 + 70beb27c...dfd20362 dfd20362167adf9745b942843e9e1e87acddf93b -> v2-results-cald (forced update)
[2026-10-05T17:43:22+08:00] incremental publish OK -> v2-results-cald (cells=0)
To https://github.com/xieguaiwu/LLMs-and-impossible-language-acquisition.git
 + dfd20362...26a8d6d0 26a8d6d02dd3a496deb5eb1dc28b156769c702c8 -> v2-results-cald (forced update)
[2026-10-05T17:56:02+08:00] incremental publish OK -> v2-results-cald (cells=0)
To https://github.com/xieguaiwu/LLMs-and-impossible-language-acquisition.git
 + 26a8d6d0...a733df26 a733df268f9a5b0493fa0d5714190175b38403d0 -> v2-results-cald (forced update)
[2026-10-05T18:08:27+08:00] incremental publish OK -> v2-results-cald (cells=0)
To https://github.com/xieguaiwu/LLMs-and-impossible-language-acquisition.git
 + a733df26...99dce090 99dce0907e1e561b0776af9ceb470bedb9a87a53 -> v2-results-cald (forced update)
[2026-10-05T18:21:12+08:00] incremental publish OK -> v2-results-cald (cells=0)
To https://github.com/xieguaiwu/LLMs-and-impossible-language-acquisition.git
 + 99dce090...928f35f9 928f35f969241a602a6d186b840fb0386d06baf4 -> v2-results-cald (forced update)
[2026-10-05T18:33:45+08:00] incremental publish OK -> v2-results-cald (cells=0)
To https://github.com/xieguaiwu/LLMs-and-impossible-language-acquisition.git
 + 928f35f9...1bc19ea8 1bc19ea8070615b74a58e7315d03620bb88b56d5 -> v2-results-cald (forced update)
[2026-10-05T18:46:36+08:00] incremental publish OK -> v2-results-cald (cells=0)
To https://github.com/xieguaiwu/LLMs-and-impossible-language-acquisition.git
 + 1bc19ea8...c649465d c649465d678803b768af5f8d6a993bf6839898b4 -> v2-results-cald (forced update)
[2026-10-05T18:59:27+08:00] incremental publish OK -> v2-results-cald (cells=0)
To https://github.com/xieguaiwu/LLMs-and-impossible-language-acquisition.git
 + c649465d...d71c859f d71c859f4cf57d93645c29f4e22714043086045b -> v2-results-cald (forced update)
[2026-10-05T19:12:33+08:00] incremental publish OK -> v2-results-cald (cells=0)
To https://github.com/xieguaiwu/LLMs-and-impossible-language-acquisition.git
 + d71c859f...775ceb63 775ceb635f7d77c018f568864b0c3f6329a6c446 -> v2-results-cald (forced update)
[2026-10-05T19:25:43+08:00] incremental publish OK -> v2-results-cald (cells=0)
To https://github.com/xieguaiwu/LLMs-and-impossible-language-acquisition.git
 + 775ceb63...f5d947f3 f5d947f3139c6188b081421144f5d8738114aa11 -> v2-results-cald (forced update)
[2026-10-05T19:38:43+08:00] incremental publish OK -> v2-results-cald (cells=0)
To https://github.com/xieguaiwu/LLMs-and-impossible-language-acquisition.git
 + f5d947f3...c22fe59c c22fe59cc05f3b1fa67a8e46d6863f94d86b0c2a -> v2-results-cald (forced update)
[2026-10-05T19:51:57+08:00] incremental publish OK -> v2-results-cald (cells=0)
To https://github.com/xieguaiwu/LLMs-and-impossible-language-acquisition.git
 + c22fe59c...52f4b9de 52f4b9de50a504247b66b08e84955907774809a7 -> v2-results-cald (forced update)
[2026-10-05T20:05:14+08:00] incremental publish OK -> v2-results-cald (cells=0)
To https://github.com/xieguaiwu/LLMs-and-impossible-language-acquisition.git
 + 52f4b9de...f5eae3f9 f5eae3f9ce94ffd800a2af4ed7d53b6f2fae0781 -> v2-results-cald (forced update)
[2026-10-05T20:18:22+08:00] incremental publish OK -> v2-results-cald (cells=0)
To https://github.com/xieguaiwu/LLMs-and-impossible-language-acquisition.git
 + f5eae3f9...c938796f c938796f755f45be4cabb149cf9ec51f7e2f8c41 -> v2-results-cald (forced update)
[2026-10-05T20:32:06+08:00] incremental publish OK -> v2-results-cald (cells=0)
To https://github.com/xieguaiwu/LLMs-and-impossible-language-acquisition.git
 + c938796f...5fd7a822 5fd7a8225facafa5ad71fef791268b41fafa421d -> v2-results-cald (forced update)
[2026-10-05T20:47:33+08:00] incremental publish OK -> v2-results-cald (cells=0)
To https://github.com/xieguaiwu/LLMs-and-impossible-language-acquisition.git
 + 5fd7a822...08aa4b8d 08aa4b8df74fe846b563d93fc6c4ee38082f7da1 -> v2-results-cald (forced update)
[2026-10-05T21:03:09+08:00] incremental publish OK -> v2-results-cald (cells=0)
To https://github.com/xieguaiwu/LLMs-and-impossible-language-acquisition.git
 + 08aa4b8d...57088730 570887304effc76325b9862259806178973a3c07 -> v2-results-cald (forced update)
[2026-10-05T21:18:51+08:00] incremental publish OK -> v2-results-cald (cells=0)
To https://github.com/xieguaiwu/LLMs-and-impossible-language-acquisition.git
 + 57088730...d156843b d156843b308cf21355232fb5709493dca9c00e75 -> v2-results-cald (forced update)
[2026-10-05T21:33:56+08:00] incremental publish OK -> v2-results-cald (cells=0)
To https://github.com/xieguaiwu/LLMs-and-impossible-language-acquisition.git
 + d156843b...87e32c5f 87e32c5f0398ff6fa49a28a389be2a0b61ab6742 -> v2-results-cald (forced update)
[2026-10-05T21:49:39+08:00] incremental publish OK -> v2-results-cald (cells=0)
To https://github.com/xieguaiwu/LLMs-and-impossible-language-acquisition.git
 + 87e32c5f...2a8fd540 2a8fd54081fdcc54779a3f70a6a3c6ce8d3cbe77 -> v2-results-cald (forced update)
[2026-10-05T22:05:16+08:00] incremental publish OK -> v2-results-cald (cells=0)
To https://github.com/xieguaiwu/LLMs-and-impossible-language-acquisition.git
 + 2a8fd540...970d4327 970d432735c0a63e0ed383e31082d4b98e520dff -> v2-results-cald (forced update)
[2026-10-05T22:20:18+08:00] incremental publish OK -> v2-results-cald (cells=0)
To https://github.com/xieguaiwu/LLMs-and-impossible-language-acquisition.git
 + 970d4327...344b8b7c 344b8b7c87baadfed5d786770f60163c697abb86 -> v2-results-cald (forced update)
[2026-10-05T22:35:42+08:00] incremental publish OK -> v2-results-cald (cells=0)
To https://github.com/xieguaiwu/LLMs-and-impossible-language-acquisition.git
 + 344b8b7c...a888584d a888584d61ad269291685fcf7c10f3a224a0d547 -> v2-results-cald (forced update)
[2026-10-05T22:52:08+08:00] incremental publish OK -> v2-results-cald (cells=0)
To https://github.com/xieguaiwu/LLMs-and-impossible-language-acquisition.git
 + a888584d...bf39cc29 bf39cc291c17454657e284907f92e533e3e7cd9e -> v2-results-cald (forced update)
[2026-10-05T23:08:13+08:00] incremental publish OK -> v2-results-cald (cells=0)
To https://github.com/xieguaiwu/LLMs-and-impossible-language-acquisition.git
 + bf39cc29...86b2a5c0 86b2a5c030fa86e32e6f085479028f519ad95d67 -> v2-results-cald (forced update)
[2026-10-05T23:24:27+08:00] incremental publish OK -> v2-results-cald (cells=0)
To https://github.com/xieguaiwu/LLMs-and-impossible-language-acquisition.git
 + 86b2a5c0...5494ac8d 5494ac8d00d90a49c95fb73d5d969a235ab6ef37 -> v2-results-cald (forced update)
[2026-10-05T23:39:58+08:00] incremental publish OK -> v2-results-cald (cells=0)
To https://github.com/xieguaiwu/LLMs-and-impossible-language-acquisition.git
 + 5494ac8d...543ed072 543ed072dc70c9e80eac936d99b67d5abf5bc743 -> v2-results-cald (forced update)
[2026-10-05T23:55:38+08:00] incremental publish OK -> v2-results-cald (cells=0)
To https://github.com/xieguaiwu/LLMs-and-impossible-language-acquisition.git
 + 543ed072...382b8f4f 382b8f4fe03bf0a242292f48693a37e7bb63c469 -> v2-results-cald (forced update)
[2026-10-06T00:14:31+08:00] incremental publish OK -> v2-results-cald (cells=0)
To https://github.com/xieguaiwu/LLMs-and-impossible-language-acquisition.git
 + 382b8f4f...bdfe750d bdfe750db9610e31c540dc9ec5f731b62b9a65a3 -> v2-results-cald (forced update)
[2026-10-06T00:29:49+08:00] incremental publish OK -> v2-results-cald (cells=0)
To https://github.com/xieguaiwu/LLMs-and-impossible-language-acquisition.git
 + bdfe750d...5e2d73ce 5e2d73cec622cdd534e7a6883527fa7b886dc147 -> v2-results-cald (forced update)
[2026-10-06T00:44:40+08:00] incremental publish OK -> v2-results-cald (cells=0)
To https://github.com/xieguaiwu/LLMs-and-impossible-language-acquisition.git
 + 5e2d73ce...b77def78 b77def78a15d85df230f5176477034071960a4b0 -> v2-results-cald (forced update)
[2026-10-06T00:58:43+08:00] incremental publish OK -> v2-results-cald (cells=0)
To https://github.com/xieguaiwu/LLMs-and-impossible-language-acquisition.git
 + b77def78...48a8fba4 48a8fba4c5b11bedfa104b9a568ed74abbdcc6ae -> v2-results-cald (forced update)
[2026-10-06T01:12:42+08:00] incremental publish OK -> v2-results-cald (cells=0)
To https://github.com/xieguaiwu/LLMs-and-impossible-language-acquisition.git
 + 48a8fba4...21dce8c5 21dce8c5a0cd9c26efa62aff75e8ddcc8e437da7 -> v2-results-cald (forced update)
[2026-10-06T01:26:25+08:00] incremental publish OK -> v2-results-cald (cells=0)
To https://github.com/xieguaiwu/LLMs-and-impossible-language-acquisition.git
 + 21dce8c5...0aee5227 0aee5227cbb0e7543bcde73b1875bc0ed9300bc7 -> v2-results-cald (forced update)
[2026-10-06T01:39:35+08:00] incremental publish OK -> v2-results-cald (cells=0)
To https://github.com/xieguaiwu/LLMs-and-impossible-language-acquisition.git
 + 0aee5227...8cf0546d 8cf0546d00d47a6d14302e10f341fe23db526948 -> v2-results-cald (forced update)
[2026-10-06T01:52:50+08:00] incremental publish OK -> v2-results-cald (cells=0)
To https://github.com/xieguaiwu/LLMs-and-impossible-language-acquisition.git
 + 8cf0546d...0d4b5916 0d4b5916612a922317dde6de2a255007ddd8bdce -> v2-results-cald (forced update)
[2026-10-06T02:06:03+08:00] incremental publish OK -> v2-results-cald (cells=0)
To https://github.com/xieguaiwu/LLMs-and-impossible-language-acquisition.git
 + 0d4b5916...f0dbe439 f0dbe439ce3c796a16c1211feb79bbfb03c570d4 -> v2-results-cald (forced update)
[2026-10-06T02:18:42+08:00] incremental publish OK -> v2-results-cald (cells=0)
To https://github.com/xieguaiwu/LLMs-and-impossible-language-acquisition.git
 + f0dbe439...e6661928 e666192897aa52f2086d44790d39de3e251a40d0 -> v2-results-cald (forced update)
[2026-10-06T02:31:01+08:00] incremental publish OK -> v2-results-cald (cells=0)
To https://github.com/xieguaiwu/LLMs-and-impossible-language-acquisition.git
 + e6661928...8dd1379c 8dd1379cb6dd480a3164a9be8532d83b142a4010 -> v2-results-cald (forced update)
[2026-10-06T02:43:06+08:00] incremental publish OK -> v2-results-cald (cells=0)
To https://github.com/xieguaiwu/LLMs-and-impossible-language-acquisition.git
 + 8dd1379c...1f1cac98 1f1cac98d1afe8021986508f96c07f6a85ef2368 -> v2-results-cald (forced update)
[2026-10-06T02:54:59+08:00] incremental publish OK -> v2-results-cald (cells=0)
To https://github.com/xieguaiwu/LLMs-and-impossible-language-acquisition.git
 + 1f1cac98...24ef9f26 24ef9f263135b735cbfb69d657b603407aede8b8 -> v2-results-cald (forced update)
[2026-10-06T03:06:54+08:00] incremental publish OK -> v2-results-cald (cells=0)
To https://github.com/xieguaiwu/LLMs-and-impossible-language-acquisition.git
 + 24ef9f26...26055741 26055741115d17bbe6677aa12aaf51b2d33d5e83 -> v2-results-cald (forced update)
[2026-10-06T03:18:40+08:00] incremental publish OK -> v2-results-cald (cells=0)
To https://github.com/xieguaiwu/LLMs-and-impossible-language-acquisition.git
 + 26055741...63eb5f36 63eb5f36db91e576a0b1490995109a00f0b7dbcc -> v2-results-cald (forced update)
[2026-10-06T03:30:25+08:00] incremental publish OK -> v2-results-cald (cells=0)
To https://github.com/xieguaiwu/LLMs-and-impossible-language-acquisition.git
 + 63eb5f36...b52577a3 b52577a3ccfb74cc7ecba8d94ba14766beb704f6 -> v2-results-cald (forced update)
[2026-10-06T03:42:21+08:00] incremental publish OK -> v2-results-cald (cells=0)
To https://github.com/xieguaiwu/LLMs-and-impossible-language-acquisition.git
 + c58ea08e...5e66b2e3 5e66b2e31aa2d3fe0f660bb2a9f7996d9acc8458 -> v2-results-cald (forced update)
[2026-10-06T03:54:08+08:00] incremental publish OK -> v2-results-cald (cells=0)
To https://github.com/xieguaiwu/LLMs-and-impossible-language-acquisition.git
 + 5e66b2e3...ce8e99b1 ce8e99b159697d4a3ec7e89d3d04546b1525af46 -> v2-results-cald (forced update)
[2026-10-06T04:05:47+08:00] incremental publish OK -> v2-results-cald (cells=0)
To https://github.com/xieguaiwu/LLMs-and-impossible-language-acquisition.git
 + ce8e99b1...78e08377 78e083779601b411cdc15ee8255af698680e3bfb -> v2-results-cald (forced update)
[2026-10-06T04:17:55+08:00] incremental publish OK -> v2-results-cald (cells=0)
To https://github.com/xieguaiwu/LLMs-and-impossible-language-acquisition.git
 + 78e08377...2651d88a 2651d88aac81ab390907d3c259700bf7c7daf127 -> v2-results-cald (forced update)
[2026-10-06T04:29:44+08:00] incremental publish OK -> v2-results-cald (cells=0)
To https://github.com/xieguaiwu/LLMs-and-impossible-language-acquisition.git
 + 2651d88a...ee30d338 ee30d33833b0295ad85ca247f262b2e0bef33cbf -> v2-results-cald (forced update)
[2026-10-06T04:41:18+08:00] incremental publish OK -> v2-results-cald (cells=0)
To https://github.com/xieguaiwu/LLMs-and-impossible-language-acquisition.git
 + ee30d338...337043a5 337043a57edf688fad5869711693cc903004d801 -> v2-results-cald (forced update)
[2026-10-06T04:52:49+08:00] incremental publish OK -> v2-results-cald (cells=0)
To https://github.com/xieguaiwu/LLMs-and-impossible-language-acquisition.git
 + 337043a5...cbe4e93a cbe4e93a4919e580cce7672645d4c8df50420322 -> v2-results-cald (forced update)
[2026-10-06T05:04:38+08:00] incremental publish OK -> v2-results-cald (cells=0)
To https://github.com/xieguaiwu/LLMs-and-impossible-language-acquisition.git
 + cbe4e93a...dcba6e62 dcba6e621a3825d72f591057dc22ab51d9bf96f4 -> v2-results-cald (forced update)
[2026-10-06T05:16:26+08:00] incremental publish OK -> v2-results-cald (cells=0)
To https://github.com/xieguaiwu/LLMs-and-impossible-language-acquisition.git
 + dcba6e62...b3a52802 b3a52802cee41f19181f6106c4fbb474167b9f05 -> v2-results-cald (forced update)
[2026-10-06T05:28:13+08:00] incremental publish OK -> v2-results-cald (cells=0)
To https://github.com/xieguaiwu/LLMs-and-impossible-language-acquisition.git
 + b3a52802...fb499a6e fb499a6e1d97cabc650eb57be22247db349b8a57 -> v2-results-cald (forced update)
[2026-10-06T05:40:00+08:00] incremental publish OK -> v2-results-cald (cells=0)
To https://github.com/xieguaiwu/LLMs-and-impossible-language-acquisition.git
 + fb499a6e...1e8fdeca 1e8fdeca78919337bf7ca398d4d7f5ca0ba140e6 -> v2-results-cald (forced update)
[2026-10-06T05:51:43+08:00] incremental publish OK -> v2-results-cald (cells=0)
To https://github.com/xieguaiwu/LLMs-and-impossible-language-acquisition.git
 + 1e8fdeca...2a3c9878 2a3c98787ca8f6ade2b5e68953aada344313a7b5 -> v2-results-cald (forced update)
[2026-10-06T06:03:18+08:00] incremental publish OK -> v2-results-cald (cells=0)
To https://github.com/xieguaiwu/LLMs-and-impossible-language-acquisition.git
 + 2a3c9878...22dbd67e 22dbd67e3c67f8d6fb54d7aec0963eaa9d18844a -> v2-results-cald (forced update)
[2026-10-06T06:14:54+08:00] incremental publish OK -> v2-results-cald (cells=0)
To https://github.com/xieguaiwu/LLMs-and-impossible-language-acquisition.git
 + 22dbd67e...1d8fa31a 1d8fa31ae1e25410c083b67819ed4b0054ad72e0 -> v2-results-cald (forced update)
[2026-10-06T06:26:37+08:00] incremental publish OK -> v2-results-cald (cells=0)
To https://github.com/xieguaiwu/LLMs-and-impossible-language-acquisition.git
 + 1d8fa31a...4ba57991 4ba5799121aed6246d855d4f4cb13207a1088d14 -> v2-results-cald (forced update)
[2026-10-06T06:38:24+08:00] incremental publish OK -> v2-results-cald (cells=0)
To https://github.com/xieguaiwu/LLMs-and-impossible-language-acquisition.git
 + 4ba57991...22a75e2e 22a75e2e8456af36b1cdded442383584f48e39da -> v2-results-cald (forced update)
[2026-10-06T06:51:31+08:00] incremental publish OK -> v2-results-cald (cells=0)
To https://github.com/xieguaiwu/LLMs-and-impossible-language-acquisition.git
 + 22a75e2e...0a954065 0a954065d4384b38ca08b4371bf4231007bc4723 -> v2-results-cald (forced update)
[2026-10-06T07:04:52+08:00] incremental publish OK -> v2-results-cald (cells=0)
To https://github.com/xieguaiwu/LLMs-and-impossible-language-acquisition.git
 + 0a954065...49fda8e3 49fda8e327d6424cb603fbf1eb6eda9cc9c98e1e -> v2-results-cald (forced update)
[2026-10-06T07:16:44+08:00] incremental publish OK -> v2-results-cald (cells=0)
To https://github.com/xieguaiwu/LLMs-and-impossible-language-acquisition.git
 + 49fda8e3...332bd793 332bd793913043904cea8ded9e1ce99844634bed -> v2-results-cald (forced update)
[2026-10-06T07:28:27+08:00] incremental publish OK -> v2-results-cald (cells=0)
To https://github.com/xieguaiwu/LLMs-and-impossible-language-acquisition.git
 + 332bd793...332b43ad 332b43adc03d3c0aebf2f1c716c67fc63c748545 -> v2-results-cald (forced update)
[2026-10-06T07:40:13+08:00] incremental publish OK -> v2-results-cald (cells=0)
To https://github.com/xieguaiwu/LLMs-and-impossible-language-acquisition.git
 + 332b43ad...ff04eacb ff04eacb061ed65533ecd7f651d88e6b4e2a3784 -> v2-results-cald (forced update)
[2026-10-06T07:52:42+08:00] incremental publish OK -> v2-results-cald (cells=0)
To https://github.com/xieguaiwu/LLMs-and-impossible-language-acquisition.git
 + ff04eacb...06b8a907 06b8a907186ea2c307bb80af3101e3a1c0b83f17 -> v2-results-cald (forced update)
[2026-10-06T08:05:10+08:00] incremental publish OK -> v2-results-cald (cells=0)
To https://github.com/xieguaiwu/LLMs-and-impossible-language-acquisition.git
 + 06b8a907...cb295797 cb295797a8af77a1ad4a473079f7aa1131ae9ad3 -> v2-results-cald (forced update)
[2026-10-06T08:17:32+08:00] incremental publish OK -> v2-results-cald (cells=0)
To https://github.com/xieguaiwu/LLMs-and-impossible-language-acquisition.git
 + cb295797...acdc93f8 acdc93f8601b9c4015933649b56de8d4dc19dcdf -> v2-results-cald (forced update)
[2026-10-06T08:29:48+08:00] incremental publish OK -> v2-results-cald (cells=0)
To https://github.com/xieguaiwu/LLMs-and-impossible-language-acquisition.git
 + acdc93f8...4132da26 4132da2631f52b3d1a0f54fc472ca746b3674fce -> v2-results-cald (forced update)
[2026-10-06T08:42:11+08:00] incremental publish OK -> v2-results-cald (cells=0)
To https://github.com/xieguaiwu/LLMs-and-impossible-language-acquisition.git
 + 4132da26...17fdcddc 17fdcddcb175e6b4a84091d35c827bf07c8b6422 -> v2-results-cald (forced update)
[2026-10-06T08:54:40+08:00] incremental publish OK -> v2-results-cald (cells=0)
To https://github.com/xieguaiwu/LLMs-and-impossible-language-acquisition.git
 + 17fdcddc...23b01938 23b0193835a93147a6c58a5bf3158c316af608d0 -> v2-results-cald (forced update)
[2026-10-06T09:07:05+08:00] incremental publish OK -> v2-results-cald (cells=0)
To https://github.com/xieguaiwu/LLMs-and-impossible-language-acquisition.git
 + 23b01938...39aa8ba7 39aa8ba7670f5bfb7214986751f406ccc838133b -> v2-results-cald (forced update)
[2026-10-06T09:20:54+08:00] incremental publish OK -> v2-results-cald (cells=0)
To https://github.com/xieguaiwu/LLMs-and-impossible-language-acquisition.git
 + 39aa8ba7...9dab50f9 9dab50f9a06e33ab3d082bed54f359bf984f790b -> v2-results-cald (forced update)
[2026-10-06T09:35:05+08:00] incremental publish OK -> v2-results-cald (cells=0)
To https://github.com/xieguaiwu/LLMs-and-impossible-language-acquisition.git
 + 9dab50f9...a8b1d925 a8b1d92577c696a2105f34a5ceb701d8a4cb1b2d -> v2-results-cald (forced update)
[2026-10-06T09:48:49+08:00] incremental publish OK -> v2-results-cald (cells=0)
To https://github.com/xieguaiwu/LLMs-and-impossible-language-acquisition.git
 + a8b1d925...60a43b03 60a43b039c5f14d69dab4d22b5c0c58ef26a2eec -> v2-results-cald (forced update)
[2026-10-06T10:01:19+08:00] incremental publish OK -> v2-results-cald (cells=0)
To https://github.com/xieguaiwu/LLMs-and-impossible-language-acquisition.git
 + 60a43b03...2402ebea 2402ebea5673d0f481d862184909832e61a20472 -> v2-results-cald (forced update)
[2026-10-06T10:14:09+08:00] incremental publish OK -> v2-results-cald (cells=0)
To https://github.com/xieguaiwu/LLMs-and-impossible-language-acquisition.git
 + 2402ebea...81529614 815296144f76ad016d9da98b42f5d582dfd23bf4 -> v2-results-cald (forced update)
[2026-10-06T10:26:54+08:00] incremental publish OK -> v2-results-cald (cells=0)
To https://github.com/xieguaiwu/LLMs-and-impossible-language-acquisition.git
 + 81529614...f6249d94 f6249d9401c00c9aecf1750bcc086b2e794bdc0e -> v2-results-cald (forced update)
[2026-10-06T10:40:02+08:00] incremental publish OK -> v2-results-cald (cells=0)
To https://github.com/xieguaiwu/LLMs-and-impossible-language-acquisition.git
 + f6249d94...9c0333d5 9c0333d5d2cbaef0f164a06e52c1a11b45cc2127 -> v2-results-cald (forced update)
[2026-10-06T10:53:18+08:00] incremental publish OK -> v2-results-cald (cells=0)
To https://github.com/xieguaiwu/LLMs-and-impossible-language-acquisition.git
 + 9c0333d5...b2a82306 b2a82306cf8d33450d9f7e746230ad5a0ac103d5 -> v2-results-cald (forced update)
[2026-10-06T11:06:14+08:00] incremental publish OK -> v2-results-cald (cells=0)
To https://github.com/xieguaiwu/LLMs-and-impossible-language-acquisition.git
 + b2a82306...e04a6274 e04a627478269e55d577b105e829c9e986e7086d -> v2-results-cald (forced update)
[2026-10-06T11:19:37+08:00] incremental publish OK -> v2-results-cald (cells=0)
To https://github.com/xieguaiwu/LLMs-and-impossible-language-acquisition.git
 + e04a6274...1f5e4c2e 1f5e4c2ef54075ea670b6edf5d987ba30783bce6 -> v2-results-cald (forced update)
[2026-10-06T11:32:44+08:00] incremental publish OK -> v2-results-cald (cells=0)
To https://github.com/xieguaiwu/LLMs-and-impossible-language-acquisition.git
 + 1f5e4c2e...dde04e26 dde04e26eec2dcd7b574035962d0dd47a7ac683f -> v2-results-cald (forced update)
[2026-10-06T11:45:31+08:00] incremental publish OK -> v2-results-cald (cells=0)
To https://github.com/xieguaiwu/LLMs-and-impossible-language-acquisition.git
 + dde04e26...f0c7f478 f0c7f4784ad76425e46f8401c77403e1f50afd6c -> v2-results-cald (forced update)
[2026-10-06T11:58:26+08:00] incremental publish OK -> v2-results-cald (cells=0)
To https://github.com/xieguaiwu/LLMs-and-impossible-language-acquisition.git
 + f0c7f478...014fa9b0 014fa9b05ff9927f6265d1d54506fce6c7055cc4 -> v2-results-cald (forced update)
[2026-10-06T12:11:16+08:00] incremental publish OK -> v2-results-cald (cells=0)
To https://github.com/xieguaiwu/LLMs-and-impossible-language-acquisition.git
 + 014fa9b0...19fd002c 19fd002c6c47f35d0526d2c51cdc960fb81ce041 -> v2-results-cald (forced update)
[2026-10-06T12:24:33+08:00] incremental publish OK -> v2-results-cald (cells=0)
To https://github.com/xieguaiwu/LLMs-and-impossible-language-acquisition.git
 + 19fd002c...f7164203 f71642039cb79427da583634ca8cffbf9baf810d -> v2-results-cald (forced update)
[2026-10-06T12:39:23+08:00] incremental publish OK -> v2-results-cald (cells=0)
To https://github.com/xieguaiwu/LLMs-and-impossible-language-acquisition.git
 + f7164203...a6fd9316 a6fd9316171292cc9e188fdd3069980b77d9ba15 -> v2-results-cald (forced update)
[2026-10-06T12:56:49+08:00] incremental publish OK -> v2-results-cald (cells=0)
To https://github.com/xieguaiwu/LLMs-and-impossible-language-acquisition.git
 + a6fd9316...69cb8074 69cb80749f4221a5c213684e7cdf6dfedb5626b0 -> v2-results-cald (forced update)
[2026-10-06T13:10:30+08:00] incremental publish OK -> v2-results-cald (cells=0)
To https://github.com/xieguaiwu/LLMs-and-impossible-language-acquisition.git
 + 69cb8074...bcd2e4ac bcd2e4ac009301897ad175abf37cf4eade0d9746 -> v2-results-cald (forced update)
[2026-10-06T13:23:43+08:00] incremental publish OK -> v2-results-cald (cells=0)
To https://github.com/xieguaiwu/LLMs-and-impossible-language-acquisition.git
 + bcd2e4ac...78eca91d 78eca91d43e5f28cb2c1844b2b4cbfc4d66c0d91 -> v2-results-cald (forced update)
[2026-10-06T13:37:58+08:00] incremental publish OK -> v2-results-cald (cells=0)
To https://github.com/xieguaiwu/LLMs-and-impossible-language-acquisition.git
 + 78eca91d...88ca3c0d 88ca3c0d2bfe0586033e12e15cd6c3b43a9e4fcb -> v2-results-cald (forced update)
[2026-10-06T13:52:24+08:00] incremental publish OK -> v2-results-cald (cells=0)
To https://github.com/xieguaiwu/LLMs-and-impossible-language-acquisition.git
 + 88ca3c0d...a3fcb4b3 a3fcb4b35bf5eaad0a992556776efb61360b1798 -> v2-results-cald (forced update)
[2026-10-06T14:07:28+08:00] incremental publish OK -> v2-results-cald (cells=0)
To https://github.com/xieguaiwu/LLMs-and-impossible-language-acquisition.git
 + a3fcb4b3...37781bf8 37781bf8313182f74820ecd6967e156cf6879115 -> v2-results-cald (forced update)
[2026-10-06T14:22:42+08:00] incremental publish OK -> v2-results-cald (cells=0)
To https://github.com/xieguaiwu/LLMs-and-impossible-language-acquisition.git
 + 37781bf8...53ec3c03 53ec3c0380d5f76fb429bb06ebdbf0c9a23ca58b -> v2-results-cald (forced update)
[2026-10-06T14:37:22+08:00] incremental publish OK -> v2-results-cald (cells=0)
To https://github.com/xieguaiwu/LLMs-and-impossible-language-acquisition.git
 + 53ec3c03...eed1102a eed1102aae6dd67fe7a54d93721a3d3eaaa381c3 -> v2-results-cald (forced update)
[2026-10-06T14:51:14+08:00] incremental publish OK -> v2-results-cald (cells=0)
To https://github.com/xieguaiwu/LLMs-and-impossible-language-acquisition.git
 + eed1102a...c8a54a76 c8a54a768ea51b0d5e93380fe198a4a8c899dd1f -> v2-results-cald (forced update)
[2026-10-06T15:06:48+08:00] incremental publish OK -> v2-results-cald (cells=0)
To https://github.com/xieguaiwu/LLMs-and-impossible-language-acquisition.git
 + c8a54a76...a3bd2bf1 a3bd2bf1780a3299b9ec62318c872c5bdee9847f -> v2-results-cald (forced update)
[2026-10-06T15:24:09+08:00] incremental publish OK -> v2-results-cald (cells=0)
To https://github.com/xieguaiwu/LLMs-and-impossible-language-acquisition.git
 + a3bd2bf1...cac210d5 cac210d54f374cbef91ead001ea69d1d7617be67 -> v2-results-cald (forced update)
[2026-10-06T15:41:13+08:00] incremental publish OK -> v2-results-cald (cells=0)
To https://github.com/xieguaiwu/LLMs-and-impossible-language-acquisition.git
 + cac210d5...1bd0313d 1bd0313d059f40cf48316f5d1e3b411f679428fe -> v2-results-cald (forced update)
[2026-10-06T15:59:08+08:00] incremental publish OK -> v2-results-cald (cells=0)
To https://github.com/xieguaiwu/LLMs-and-impossible-language-acquisition.git
 + 1bd0313d...36fc47b2 36fc47b2be356876acc8f2d13caa04295b755d58 -> v2-results-cald (forced update)
[2026-10-06T16:17:57+08:00] incremental publish OK -> v2-results-cald (cells=0)
To https://github.com/xieguaiwu/LLMs-and-impossible-language-acquisition.git
 + 36fc47b2...9f8f27cc 9f8f27cce055aca1edd4a2660dda6200efed2aa7 -> v2-results-cald (forced update)
[2026-10-06T16:32:54+08:00] incremental publish OK -> v2-results-cald (cells=0)
To https://github.com/xieguaiwu/LLMs-and-impossible-language-acquisition.git
 + 9f8f27cc...6a5fc7b3 6a5fc7b3ccece3ad02e69fb60a9144b1c0e7e631 -> v2-results-cald (forced update)
[2026-10-06T16:47:05+08:00] incremental publish OK -> v2-results-cald (cells=0)
To https://github.com/xieguaiwu/LLMs-and-impossible-language-acquisition.git
 + 6a5fc7b3...3a766bb4 3a766bb4bbd104b7050b9dc15e5899f3f6ff3335 -> v2-results-cald (forced update)
[2026-10-06T17:00:46+08:00] incremental publish OK -> v2-results-cald (cells=0)
To https://github.com/xieguaiwu/LLMs-and-impossible-language-acquisition.git
 + 3a766bb4...cc77d329 cc77d3297c9639b35e9515a1dd1ec4ebb703dca4 -> v2-results-cald (forced update)
[2026-10-06T17:14:45+08:00] incremental publish OK -> v2-results-cald (cells=0)
To https://github.com/xieguaiwu/LLMs-and-impossible-language-acquisition.git
 + cc77d329...28391ef7 28391ef77382885b8b7d4ee0b138bfd7c6e35af7 -> v2-results-cald (forced update)
[2026-10-06T17:29:36+08:00] incremental publish OK -> v2-results-cald (cells=0)
To https://github.com/xieguaiwu/LLMs-and-impossible-language-acquisition.git
 + 28391ef7...be142c0c be142c0cf30c4d7416611195181c0ab31b0b1f36 -> v2-results-cald (forced update)
[2026-10-06T17:44:20+08:00] incremental publish OK -> v2-results-cald (cells=0)
To https://github.com/xieguaiwu/LLMs-and-impossible-language-acquisition.git
 + d47d45f2...6d815fca 6d815fcad6b44a62a5a302e489b12083183c8eff -> v2-results-cald (forced update)
[2026-10-06T17:57:58+08:00] incremental publish OK -> v2-results-cald (cells=0)
To https://github.com/xieguaiwu/LLMs-and-impossible-language-acquisition.git
 + 6d815fca...a7a2da1b a7a2da1b55b28df6910f4389211faa3fa60512e5 -> v2-results-cald (forced update)
[2026-10-06T18:11:17+08:00] incremental publish OK -> v2-results-cald (cells=0)
To https://github.com/xieguaiwu/LLMs-and-impossible-language-acquisition.git
 + a7a2da1b...f546993b f546993be25b53600763be98bcf11db63e2c0446 -> v2-results-cald (forced update)
[2026-10-06T18:24:21+08:00] incremental publish OK -> v2-results-cald (cells=0)
To https://github.com/xieguaiwu/LLMs-and-impossible-language-acquisition.git
 + f546993b...73459d25 73459d25ddaf98d5183b583e7f1ec05a9e032656 -> v2-results-cald (forced update)
[2026-10-06T18:38:07+08:00] incremental publish OK -> v2-results-cald (cells=0)
To https://github.com/xieguaiwu/LLMs-and-impossible-language-acquisition.git
 + 73459d25...28a41b13 28a41b13ef8385a34fd5310ad2d51034b71b238a -> v2-results-cald (forced update)
[2026-10-06T18:52:47+08:00] incremental publish OK -> v2-results-cald (cells=0)
To https://github.com/xieguaiwu/LLMs-and-impossible-language-acquisition.git
 + 28a41b13...ee3401cc ee3401cc55210993d4a06f7da41a401ef39d3477 -> v2-results-cald (forced update)
[2026-10-06T19:09:46+08:00] incremental publish OK -> v2-results-cald (cells=0)
To https://github.com/xieguaiwu/LLMs-and-impossible-language-acquisition.git
 + ee3401cc...27a1377e 27a1377e0e0ac55b58c86df6f1b6e41951295ae7 -> v2-results-cald (forced update)
[2026-10-06T19:23:29+08:00] incremental publish OK -> v2-results-cald (cells=0)
To https://github.com/xieguaiwu/LLMs-and-impossible-language-acquisition.git
 + 27a1377e...53293136 53293136c6a7dfdaaaf2f9f9f4130f4d39c90747 -> v2-results-cald (forced update)
[2026-10-06T19:37:38+08:00] incremental publish OK -> v2-results-cald (cells=0)
To https://github.com/xieguaiwu/LLMs-and-impossible-language-acquisition.git
 + 53293136...888cc4d3 888cc4d381ef6f36213e2fc2e99c5612d113b980 -> v2-results-cald (forced update)
[2026-10-06T19:51:20+08:00] incremental publish OK -> v2-results-cald (cells=0)
To https://github.com/xieguaiwu/LLMs-and-impossible-language-acquisition.git
 + 888cc4d3...eb26b3be eb26b3beeae4e8357612f6bc5db9055ec8e5c27e -> v2-results-cald (forced update)
[2026-10-06T20:05:32+08:00] incremental publish OK -> v2-results-cald (cells=0)
To https://github.com/xieguaiwu/LLMs-and-impossible-language-acquisition.git
 + eb26b3be...30077bdd 30077bddeed8680f78be6a34ee9527a73400ea82 -> v2-results-cald (forced update)
[2026-10-06T20:19:55+08:00] incremental publish OK -> v2-results-cald (cells=0)
To https://github.com/xieguaiwu/LLMs-and-impossible-language-acquisition.git
 + 30077bdd...61f354b7 61f354b742dccbd883d2b6140e3b157d2688894d -> v2-results-cald (forced update)
[2026-10-06T20:35:34+08:00] incremental publish OK -> v2-results-cald (cells=0)
To https://github.com/xieguaiwu/LLMs-and-impossible-language-acquisition.git
 + 61f354b7...ae4f29e6 ae4f29e6dc2704ef5878365c07bb502dd4c903f9 -> v2-results-cald (forced update)
[2026-10-06T20:50:14+08:00] incremental publish OK -> v2-results-cald (cells=0)
To https://github.com/xieguaiwu/LLMs-and-impossible-language-acquisition.git
 + ae4f29e6...c6b5d1b2 c6b5d1b26b54b781ff9a0f80f35dfe9a7f7ab493 -> v2-results-cald (forced update)
[2026-10-06T21:05:07+08:00] incremental publish OK -> v2-results-cald (cells=0)
To https://github.com/xieguaiwu/LLMs-and-impossible-language-acquisition.git
 + c6b5d1b2...f133f6bb f133f6bb7f7abaec960071f88a989e75d72a5861 -> v2-results-cald (forced update)
[2026-10-06T21:19:50+08:00] incremental publish OK -> v2-results-cald (cells=0)
To https://github.com/xieguaiwu/LLMs-and-impossible-language-acquisition.git
 + f133f6bb...b5ccf53e b5ccf53e219ecf0ef48233355c9ac0a97f4cc67c -> v2-results-cald (forced update)
[2026-10-06T21:34:22+08:00] incremental publish OK -> v2-results-cald (cells=0)
To https://github.com/xieguaiwu/LLMs-and-impossible-language-acquisition.git
 + b5ccf53e...0d643a20 0d643a20d1e685349370133672c4f24fb2e3633e -> v2-results-cald (forced update)
[2026-10-06T21:49:32+08:00] incremental publish OK -> v2-results-cald (cells=0)
To https://github.com/xieguaiwu/LLMs-and-impossible-language-acquisition.git
 + 0d643a20...087a909a 087a909aaaa1363752346d27675a421b69de3b81 -> v2-results-cald (forced update)
[2026-10-06T22:04:32+08:00] incremental publish OK -> v2-results-cald (cells=0)
To https://github.com/xieguaiwu/LLMs-and-impossible-language-acquisition.git
 + 087a909a...8bacd01e 8bacd01e459df03beab0a79a37dd85b6b346b23f -> v2-results-cald (forced update)
[2026-10-06T22:20:01+08:00] incremental publish OK -> v2-results-cald (cells=0)
To https://github.com/xieguaiwu/LLMs-and-impossible-language-acquisition.git
 + 8bacd01e...0bcbfdca 0bcbfdca77fa2149e729919b2436ef488e90de2b -> v2-results-cald (forced update)
[2026-10-06T22:35:19+08:00] incremental publish OK -> v2-results-cald (cells=0)
To https://github.com/xieguaiwu/LLMs-and-impossible-language-acquisition.git
 + 0bcbfdca...a49c34d3 a49c34d396919dd20fe4df3ffcd6146fc52540ab -> v2-results-cald (forced update)
[2026-10-06T22:50:50+08:00] incremental publish OK -> v2-results-cald (cells=0)
To https://github.com/xieguaiwu/LLMs-and-impossible-language-acquisition.git
 + a49c34d3...5fad6fe8 5fad6fe8bf96f064068f9164794b537cfc355ddb -> v2-results-cald (forced update)
[2026-10-06T23:05:54+08:00] incremental publish OK -> v2-results-cald (cells=0)
To https://github.com/xieguaiwu/LLMs-and-impossible-language-acquisition.git
 + 5fad6fe8...f0b67224 f0b67224b525cce345364b9677bb93e83dc4fb5f -> v2-results-cald (forced update)
[2026-10-06T23:21:36+08:00] incremental publish OK -> v2-results-cald (cells=0)
To https://github.com/xieguaiwu/LLMs-and-impossible-language-acquisition.git
 + f0b67224...d3bfcf4b d3bfcf4b5b657444af8241597bc5f3e0398b8b70 -> v2-results-cald (forced update)
[2026-10-06T23:37:21+08:00] incremental publish OK -> v2-results-cald (cells=0)
To https://github.com/xieguaiwu/LLMs-and-impossible-language-acquisition.git
 + d3bfcf4b...ad6608e2 ad6608e252ab7022efc1ffdbdbf438ac22484fa0 -> v2-results-cald (forced update)
[2026-10-06T23:53:06+08:00] incremental publish OK -> v2-results-cald (cells=0)
To https://github.com/xieguaiwu/LLMs-and-impossible-language-acquisition.git
 + ad6608e2...c9239b30 c9239b30ea53fccfbe9902a60e91acba784c95a4 -> v2-results-cald (forced update)
[2026-10-07T00:08:53+08:00] incremental publish OK -> v2-results-cald (cells=0)
To https://github.com/xieguaiwu/LLMs-and-impossible-language-acquisition.git
 + c9239b30...6f5db659 6f5db659f8a712bdc23a1e475b65d2603b19dfa9 -> v2-results-cald (forced update)
[2026-10-07T00:25:06+08:00] incremental publish OK -> v2-results-cald (cells=0)
To https://github.com/xieguaiwu/LLMs-and-impossible-language-acquisition.git
 + 6f5db659...1b0d1e55 1b0d1e55c9ac4ada1065dd93775838ef8bc5e0f3 -> v2-results-cald (forced update)
[2026-10-07T00:39:15+08:00] incremental publish OK -> v2-results-cald (cells=0)
To https://github.com/xieguaiwu/LLMs-and-impossible-language-acquisition.git
 + 1b0d1e55...b2b88bc9 b2b88bc93fa2d876badde060ce6992d8f86b6fd0 -> v2-results-cald (forced update)
[2026-10-07T00:53:15+08:00] incremental publish OK -> v2-results-cald (cells=0)
To https://github.com/xieguaiwu/LLMs-and-impossible-language-acquisition.git
 + b2b88bc9...f2e7d8a8 f2e7d8a8556f5233201e840fbb4bbe5ab234a3a0 -> v2-results-cald (forced update)
[2026-10-07T01:07:16+08:00] incremental publish OK -> v2-results-cald (cells=0)
To https://github.com/xieguaiwu/LLMs-and-impossible-language-acquisition.git
 + f2e7d8a8...fe2e0803 fe2e0803679b4bb2bc6a70a95ae2f8b4c1fdf6b5 -> v2-results-cald (forced update)
[2026-10-07T01:21:18+08:00] incremental publish OK -> v2-results-cald (cells=0)
To https://github.com/xieguaiwu/LLMs-and-impossible-language-acquisition.git
 + fe2e0803...c2a19cf9 c2a19cf9fbf5a4150e2beb989d20db9f9a588d1f -> v2-results-cald (forced update)
[2026-10-07T01:35:12+08:00] incremental publish OK -> v2-results-cald (cells=0)
To https://github.com/xieguaiwu/LLMs-and-impossible-language-acquisition.git
 + c2a19cf9...cfcb7ee3 cfcb7ee35724e031163cbfdc146a1548c9d0ca3b -> v2-results-cald (forced update)
[2026-10-07T01:48:56+08:00] incremental publish OK -> v2-results-cald (cells=0)
To https://github.com/xieguaiwu/LLMs-and-impossible-language-acquisition.git
 + cfcb7ee3...2f9a8409 2f9a8409c4a8aa74c479212aa214c90dcc8d0b70 -> v2-results-cald (forced update)
[2026-10-07T02:01:58+08:00] incremental publish OK -> v2-results-cald (cells=0)
To https://github.com/xieguaiwu/LLMs-and-impossible-language-acquisition.git
 + 2f9a8409...5e7f1128 5e7f1128b468d8787e5d04ebdfac542d3d347e1a -> v2-results-cald (forced update)
[2026-10-07T02:14:27+08:00] incremental publish OK -> v2-results-cald (cells=0)
To https://github.com/xieguaiwu/LLMs-and-impossible-language-acquisition.git
 + 5e7f1128...4d012873 4d012873752d479d842671726de7cffaa053aa35 -> v2-results-cald (forced update)
[2026-10-07T02:26:26+08:00] incremental publish OK -> v2-results-cald (cells=0)
To https://github.com/xieguaiwu/LLMs-and-impossible-language-acquisition.git
 + 4d012873...f0395e41 f0395e4139a8f687b9e2cecab8f1192aad41667a -> v2-results-cald (forced update)
[2026-10-07T02:38:15+08:00] incremental publish OK -> v2-results-cald (cells=0)
To https://github.com/xieguaiwu/LLMs-and-impossible-language-acquisition.git
 + f0395e41...a1c2d6ac a1c2d6ac6afd0f4a00c1efa263361d073161f79a -> v2-results-cald (forced update)
[2026-10-07T02:50:05+08:00] incremental publish OK -> v2-results-cald (cells=0)
To https://github.com/xieguaiwu/LLMs-and-impossible-language-acquisition.git
 + a1c2d6ac...4df8ba51 4df8ba51f84ced75d8a909d7eaf86b9ac1f71d7a -> v2-results-cald (forced update)
[2026-10-07T03:01:56+08:00] incremental publish OK -> v2-results-cald (cells=0)
To https://github.com/xieguaiwu/LLMs-and-impossible-language-acquisition.git
 + 4df8ba51...8f523d46 8f523d461283a17f9488fbd6acf45d89ab81a1a5 -> v2-results-cald (forced update)
[2026-10-07T03:14:19+08:00] incremental publish OK -> v2-results-cald (cells=0)
To https://github.com/xieguaiwu/LLMs-and-impossible-language-acquisition.git
 + 8f523d46...317e22a5 317e22a5191647a1cb273f16d357e0f8e9c04a92 -> v2-results-cald (forced update)
[2026-10-07T03:26:28+08:00] incremental publish OK -> v2-results-cald (cells=0)
To https://github.com/xieguaiwu/LLMs-and-impossible-language-acquisition.git
 + 317e22a5...4769c024 4769c02405c6a5a4bac56bee7123b57d2decded2 -> v2-results-cald (forced update)
[2026-10-07T03:38:13+08:00] incremental publish OK -> v2-results-cald (cells=0)
To https://github.com/xieguaiwu/LLMs-and-impossible-language-acquisition.git
 + 4769c024...65972210 6597221047bd03c963f7d9c1d3ce2e2a76d7245b -> v2-results-cald (forced update)
[2026-10-07T03:49:47+08:00] incremental publish OK -> v2-results-cald (cells=0)
To https://github.com/xieguaiwu/LLMs-and-impossible-language-acquisition.git
 + 65972210...78fe8957 78fe8957ef47e6060f84cf013c6b29589723a195 -> v2-results-cald (forced update)
[2026-10-07T04:01:11+08:00] incremental publish OK -> v2-results-cald (cells=0)
To https://github.com/xieguaiwu/LLMs-and-impossible-language-acquisition.git
 + 78fe8957...6e5cc4bb 6e5cc4bbbbff1bc2636014ad00f5c79c2fefde88 -> v2-results-cald (forced update)
[2026-10-07T04:12:34+08:00] incremental publish OK -> v2-results-cald (cells=0)
To https://github.com/xieguaiwu/LLMs-and-impossible-language-acquisition.git
 + 6e5cc4bb...e423083b e423083b01e86c68ad5e98ca8aaaeae49b5e4310 -> v2-results-cald (forced update)
[2026-10-07T04:24:34+08:00] incremental publish OK -> v2-results-cald (cells=0)
To https://github.com/xieguaiwu/LLMs-and-impossible-language-acquisition.git
 + e423083b...04c07ef9 04c07ef9613105d612340f15ef9904158f175c7e -> v2-results-cald (forced update)
[2026-10-07T04:35:50+08:00] incremental publish OK -> v2-results-cald (cells=0)
To https://github.com/xieguaiwu/LLMs-and-impossible-language-acquisition.git
 + 04c07ef9...e8f30fa3 e8f30fa3a63e1fae099166d924e19b959ab0c242 -> v2-results-cald (forced update)
[2026-10-07T04:47:30+08:00] incremental publish OK -> v2-results-cald (cells=0)
To https://github.com/xieguaiwu/LLMs-and-impossible-language-acquisition.git
 + e8f30fa3...d433f0a4 d433f0a43afd1db21545d03bdad4eb492cb7b5f1 -> v2-results-cald (forced update)
[2026-10-07T04:59:29+08:00] incremental publish OK -> v2-results-cald (cells=0)
To https://github.com/xieguaiwu/LLMs-and-impossible-language-acquisition.git
 + d433f0a4...b56e0d70 b56e0d700660c81acf1e83f1dba2cf3d3191c3e9 -> v2-results-cald (forced update)
[2026-10-07T05:11:34+08:00] incremental publish OK -> v2-results-cald (cells=0)
To https://github.com/xieguaiwu/LLMs-and-impossible-language-acquisition.git
 + b56e0d70...8d53cffc 8d53cffca710886fd62d1fd2bc808e2eca7ed83f -> v2-results-cald (forced update)
[2026-10-07T05:23:32+08:00] incremental publish OK -> v2-results-cald (cells=0)
To https://github.com/xieguaiwu/LLMs-and-impossible-language-acquisition.git
 + 8d53cffc...75be507d 75be507d676698af6065553f9517290aa9b3b5e1 -> v2-results-cald (forced update)
[2026-10-07T05:35:16+08:00] incremental publish OK -> v2-results-cald (cells=0)
To https://github.com/xieguaiwu/LLMs-and-impossible-language-acquisition.git
 + 75be507d...8e4edbc0 8e4edbc0bfd83c72a3ed77c488c4f157bb91fbb8 -> v2-results-cald (forced update)
[2026-10-07T05:46:53+08:00] incremental publish OK -> v2-results-cald (cells=0)
To https://github.com/xieguaiwu/LLMs-and-impossible-language-acquisition.git
 + 8e4edbc0...8a13d80e 8a13d80eb009068905d1ed5ebd2896dcd6914487 -> v2-results-cald (forced update)
[2026-10-07T05:58:25+08:00] incremental publish OK -> v2-results-cald (cells=0)
To https://github.com/xieguaiwu/LLMs-and-impossible-language-acquisition.git
 + 8a13d80e...0ca9234e 0ca9234e2eecb4be04fc32973d438e6dba72de26 -> v2-results-cald (forced update)
[2026-10-07T06:10:03+08:00] incremental publish OK -> v2-results-cald (cells=0)
To https://github.com/xieguaiwu/LLMs-and-impossible-language-acquisition.git
 + 0ca9234e...6b8661cb 6b8661cb5febd16120634052b559989bd34846a0 -> v2-results-cald (forced update)
[2026-10-07T06:21:48+08:00] incremental publish OK -> v2-results-cald (cells=0)
To https://github.com/xieguaiwu/LLMs-and-impossible-language-acquisition.git
 + 6b8661cb...1f3007ed 1f3007ed9388bf1fb19c73147b66e4f2ac9a546b -> v2-results-cald (forced update)
[2026-10-07T06:33:30+08:00] incremental publish OK -> v2-results-cald (cells=0)
To https://github.com/xieguaiwu/LLMs-and-impossible-language-acquisition.git
 + 1f3007ed...fd72c160 fd72c1604c7b80a81e020ccfe3cb9f2871ec4c77 -> v2-results-cald (forced update)
[2026-10-07T06:45:16+08:00] incremental publish OK -> v2-results-cald (cells=0)
To https://github.com/xieguaiwu/LLMs-and-impossible-language-acquisition.git
 + fd72c160...ccbbecee ccbbecee3e525941230244309a7875664dc104a5 -> v2-results-cald (forced update)
[2026-10-07T06:56:58+08:00] incremental publish OK -> v2-results-cald (cells=0)
To https://github.com/xieguaiwu/LLMs-and-impossible-language-acquisition.git
 + ccbbecee...04a86cca 04a86cca787e2d48f8712797e80f41cb5834d4c0 -> v2-results-cald (forced update)
[2026-10-07T07:08:34+08:00] incremental publish OK -> v2-results-cald (cells=0)
To https://github.com/xieguaiwu/LLMs-and-impossible-language-acquisition.git
 + 04a86cca...d0274e3e d0274e3e2a1e1085933f21c7dbb4711f2820d7b1 -> v2-results-cald (forced update)
[2026-10-07T07:20:02+08:00] incremental publish OK -> v2-results-cald (cells=0)
To https://github.com/xieguaiwu/LLMs-and-impossible-language-acquisition.git
 + d0274e3e...3ad28f8f 3ad28f8fa3d4d64e17658a01790967f9728c576b -> v2-results-cald (forced update)
[2026-10-07T07:31:44+08:00] incremental publish OK -> v2-results-cald (cells=0)
To https://github.com/xieguaiwu/LLMs-and-impossible-language-acquisition.git
 + 3ad28f8f...975ae69e 975ae69eba60e6c2c39d19628e325713711c617d -> v2-results-cald (forced update)
[2026-10-07T07:43:43+08:00] incremental publish OK -> v2-results-cald (cells=0)
To https://github.com/xieguaiwu/LLMs-and-impossible-language-acquisition.git
 + 975ae69e...d3c5aec3 d3c5aec3f627b5399eb877d4e423833308aa54ae -> v2-results-cald (forced update)
[2026-10-07T07:55:46+08:00] incremental publish OK -> v2-results-cald (cells=0)
To https://github.com/xieguaiwu/LLMs-and-impossible-language-acquisition.git
 + d3c5aec3...d9d7a093 d9d7a093e2a8763b60fb11af2796b20cc42a2673 -> v2-results-cald (forced update)
[2026-10-07T08:08:04+08:00] incremental publish OK -> v2-results-cald (cells=0)
To https://github.com/xieguaiwu/LLMs-and-impossible-language-acquisition.git
 + d9d7a093...ec04b467 ec04b4670798cc573291ef10feb0ef601d9d2662 -> v2-results-cald (forced update)
[2026-10-07T08:20:26+08:00] incremental publish OK -> v2-results-cald (cells=0)
To https://github.com/xieguaiwu/LLMs-and-impossible-language-acquisition.git
 + ec04b467...9fee7630 9fee7630580f77b7b194aa3eccd31627273364fa -> v2-results-cald (forced update)
[2026-10-07T08:32:36+08:00] incremental publish OK -> v2-results-cald (cells=0)
To https://github.com/xieguaiwu/LLMs-and-impossible-language-acquisition.git
 + 9fee7630...866de218 866de218c9e6d94222427c95d2fd5039ee2c823e -> v2-results-cald (forced update)
[2026-10-07T08:44:53+08:00] incremental publish OK -> v2-results-cald (cells=0)
fatal: 无法访问 'https://github.com/xieguaiwu/LLMs-and-impossible-language-acquisition.git/'：gnutls_handshake() failed: The TLS connection was non-properly terminated.
[2026-10-07T08:59:46+08:00] incremental publish FAILED (cells=0)
To https://github.com/xieguaiwu/LLMs-and-impossible-language-acquisition.git
 + 866de218...bbd90e68 bbd90e684f7fc292f012ed17cf6016fe010f1888 -> v2-results-cald (forced update)
[2026-10-07T09:22:33+08:00] incremental publish OK -> v2-results-cald (cells=0)
To https://github.com/xieguaiwu/LLMs-and-impossible-language-acquisition.git
 + bbd90e68...58cba8c6 58cba8c6d2a01d26b27583918d88578782a97a3a -> v2-results-cald (forced update)
[2026-10-07T09:36:08+08:00] incremental publish OK -> v2-results-cald (cells=0)
To https://github.com/xieguaiwu/LLMs-and-impossible-language-acquisition.git
 + 58cba8c6...3eebc435 3eebc435ac2904827b215ee1fabe3308442ffbdb -> v2-results-cald (forced update)
[2026-10-07T09:50:30+08:00] incremental publish OK -> v2-results-cald (cells=0)
To https://github.com/xieguaiwu/LLMs-and-impossible-language-acquisition.git
 + 3eebc435...506fb9d2 506fb9d2061f66ef2542ab378733613368a5d1c6 -> v2-results-cald (forced update)
[2026-10-07T10:03:59+08:00] incremental publish OK -> v2-results-cald (cells=0)
To https://github.com/xieguaiwu/LLMs-and-impossible-language-acquisition.git
 + 506fb9d2...fc059ab3 fc059ab34a08e27ca6e97a46e6b3f25d8e689c09 -> v2-results-cald (forced update)
[2026-10-07T10:16:40+08:00] incremental publish OK -> v2-results-cald (cells=0)
To https://github.com/xieguaiwu/LLMs-and-impossible-language-acquisition.git
 + fc059ab3...522b656c 522b656c577611d5f88b4b944f621eb9c1f76251 -> v2-results-cald (forced update)
[2026-10-07T10:28:59+08:00] incremental publish OK -> v2-results-cald (cells=0)
To https://github.com/xieguaiwu/LLMs-and-impossible-language-acquisition.git
 + 522b656c...66c14802 66c148025c70fbc17a899f7407f48f7ada931c6c -> v2-results-cald (forced update)
[2026-10-07T10:42:01+08:00] incremental publish OK -> v2-results-cald (cells=0)
To https://github.com/xieguaiwu/LLMs-and-impossible-language-acquisition.git
 + 66c14802...650b981f 650b981fbf355770f30ae10fe92ebe16bbb8ab3b -> v2-results-cald (forced update)
[2026-10-07T10:56:13+08:00] incremental publish OK -> v2-results-cald (cells=0)
To https://github.com/xieguaiwu/LLMs-and-impossible-language-acquisition.git
 + 650b981f...3b1bba80 3b1bba806092312f99731c91c087a975810899e9 -> v2-results-cald (forced update)
[2026-10-07T11:10:24+08:00] incremental publish OK -> v2-results-cald (cells=0)
To https://github.com/xieguaiwu/LLMs-and-impossible-language-acquisition.git
 + 3b1bba80...be95ca84 be95ca84a941e8514b992e8e9f489c3cf7fd9630 -> v2-results-cald (forced update)
[2026-10-07T11:23:24+08:00] incremental publish OK -> v2-results-cald (cells=0)
To https://github.com/xieguaiwu/LLMs-and-impossible-language-acquisition.git
 + be95ca84...99f703cb 99f703cb2e4032b17f1d5f8e005ed048c73775e7 -> v2-results-cald (forced update)
[2026-10-07T11:36:15+08:00] incremental publish OK -> v2-results-cald (cells=0)
To https://github.com/xieguaiwu/LLMs-and-impossible-language-acquisition.git
 + 99f703cb...52e1e791 52e1e79104fd8d8bfb0c7462507c59653dbf19dd -> v2-results-cald (forced update)
[2026-10-07T11:49:19+08:00] incremental publish OK -> v2-results-cald (cells=0)
To https://github.com/xieguaiwu/LLMs-and-impossible-language-acquisition.git
 + 52e1e791...a4f1761a a4f1761a2b9815118e85ae46f828d12ed31a0b58 -> v2-results-cald (forced update)
[2026-10-07T12:03:04+08:00] incremental publish OK -> v2-results-cald (cells=0)
To https://github.com/xieguaiwu/LLMs-and-impossible-language-acquisition.git
 + a4f1761a...350511e1 350511e1480b46b31b302c1d2cd4dcb3f1c811f1 -> v2-results-cald (forced update)
[2026-10-07T12:17:06+08:00] incremental publish OK -> v2-results-cald (cells=0)
To https://github.com/xieguaiwu/LLMs-and-impossible-language-acquisition.git
 + 350511e1...82dd046f 82dd046f788fec2080293cb6f35c6750c08bc789 -> v2-results-cald (forced update)
[2026-10-07T12:29:34+08:00] incremental publish OK -> v2-results-cald (cells=0)
To https://github.com/xieguaiwu/LLMs-and-impossible-language-acquisition.git
 + 82dd046f...39ca7d28 39ca7d285c20a229a79eff5c0daaa38276190dd0 -> v2-results-cald (forced update)
[2026-10-07T12:42:20+08:00] incremental publish OK -> v2-results-cald (cells=0)
To https://github.com/xieguaiwu/LLMs-and-impossible-language-acquisition.git
 + 39ca7d28...37d82d53 37d82d534c48a7d0e166b431e4b171119cb3e671 -> v2-results-cald (forced update)
[2026-10-07T12:54:50+08:00] incremental publish OK -> v2-results-cald (cells=0)
To https://github.com/xieguaiwu/LLMs-and-impossible-language-acquisition.git
 + 37d82d53...8a5fd340 8a5fd3403fac2c645274e50caf98f7febecdb4ef -> v2-results-cald (forced update)
[2026-10-07T13:07:38+08:00] incremental publish OK -> v2-results-cald (cells=0)
To https://github.com/xieguaiwu/LLMs-and-impossible-language-acquisition.git
 + 8a5fd340...94dba60b 94dba60b2adb729828aa8d3eb1f0292f1b9966fe -> v2-results-cald (forced update)
[2026-10-07T13:20:22+08:00] incremental publish OK -> v2-results-cald (cells=0)
To https://github.com/xieguaiwu/LLMs-and-impossible-language-acquisition.git
 + 94dba60b...ab8a9f06 ab8a9f068c868ca4c2ab2612c1df1a5f2b50087a -> v2-results-cald (forced update)
[2026-10-07T13:33:26+08:00] incremental publish OK -> v2-results-cald (cells=0)
To https://github.com/xieguaiwu/LLMs-and-impossible-language-acquisition.git
 + ab8a9f06...88271fe6 88271fe6b218c818db0ef822d0076f78b3cbb482 -> v2-results-cald (forced update)
[2026-10-07T13:46:37+08:00] incremental publish OK -> v2-results-cald (cells=0)
To https://github.com/xieguaiwu/LLMs-and-impossible-language-acquisition.git
 + 88271fe6...3954081e 3954081ef299138fe6b183ab7c8ee397ef782f9d -> v2-results-cald (forced update)
[2026-10-07T13:59:28+08:00] incremental publish OK -> v2-results-cald (cells=0)
To https://github.com/xieguaiwu/LLMs-and-impossible-language-acquisition.git
 + 3954081e...e0d2ceb7 e0d2ceb7fde2f1deec644725332e11d5f7f65bb6 -> v2-results-cald (forced update)
[2026-10-07T14:12:21+08:00] incremental publish OK -> v2-results-cald (cells=0)
To https://github.com/xieguaiwu/LLMs-and-impossible-language-acquisition.git
 + e0d2ceb7...89d4b965 89d4b965819cd4846db18ce10d6eb4bb55d377e5 -> v2-results-cald (forced update)
[2026-10-07T14:25:29+08:00] incremental publish OK -> v2-results-cald (cells=0)
To https://github.com/xieguaiwu/LLMs-and-impossible-language-acquisition.git
 + 89d4b965...095b198d 095b198d0e97aaf5f35e47d999cf71afa9cd4b24 -> v2-results-cald (forced update)
[2026-10-07T14:39:00+08:00] incremental publish OK -> v2-results-cald (cells=0)
To https://github.com/xieguaiwu/LLMs-and-impossible-language-acquisition.git
 + 095b198d...eb89b6b5 eb89b6b53f1e8077d53eac7db47701c7293a3a74 -> v2-results-cald (forced update)
[2026-10-07T14:52:16+08:00] incremental publish OK -> v2-results-cald (cells=0)
To https://github.com/xieguaiwu/LLMs-and-impossible-language-acquisition.git
 + eb89b6b5...6129fc84 6129fc84d33c456e985ec8a50dba7d386a9f4c99 -> v2-results-cald (forced update)
[2026-10-07T15:05:23+08:00] incremental publish OK -> v2-results-cald (cells=0)
To https://github.com/xieguaiwu/LLMs-and-impossible-language-acquisition.git
 + 6129fc84...a45dc490 a45dc4901c4163fdd381da0492e288263a277737 -> v2-results-cald (forced update)
[2026-10-07T15:18:44+08:00] incremental publish OK -> v2-results-cald (cells=0)
To https://github.com/xieguaiwu/LLMs-and-impossible-language-acquisition.git
 + a45dc490...d2ccca5d d2ccca5dd825cd1fe12969bb8df34f5887606509 -> v2-results-cald (forced update)
[2026-10-07T15:32:12+08:00] incremental publish OK -> v2-results-cald (cells=0)
To https://github.com/xieguaiwu/LLMs-and-impossible-language-acquisition.git
 + d2ccca5d...fd795033 fd795033d7c242cd86ca44d6fc0d33c3ad90c641 -> v2-results-cald (forced update)
[2026-10-07T15:45:11+08:00] incremental publish OK -> v2-results-cald (cells=0)
To https://github.com/xieguaiwu/LLMs-and-impossible-language-acquisition.git
 + fd795033...bacc0093 bacc009393d78489f1b662efb4e57ba2005f4e27 -> v2-results-cald (forced update)
[2026-10-07T15:58:05+08:00] incremental publish OK -> v2-results-cald (cells=0)
To https://github.com/xieguaiwu/LLMs-and-impossible-language-acquisition.git
 + bacc0093...b6af28cb b6af28cb0afc9d32b96bff14c0665ef38939acfe -> v2-results-cald (forced update)
[2026-10-07T16:10:50+08:00] incremental publish OK -> v2-results-cald (cells=0)
To https://github.com/xieguaiwu/LLMs-and-impossible-language-acquisition.git
 + b6af28cb...7ecb80f1 7ecb80f167ccbfb1b77521e2aeb8692eb39493ca -> v2-results-cald (forced update)
[2026-10-07T16:23:32+08:00] incremental publish OK -> v2-results-cald (cells=0)
To https://github.com/xieguaiwu/LLMs-and-impossible-language-acquisition.git
 + 7ecb80f1...19782b57 19782b57c696911cfa14ba4b2dca94094b2523af -> v2-results-cald (forced update)
[2026-10-07T16:36:04+08:00] incremental publish OK -> v2-results-cald (cells=0)
To https://github.com/xieguaiwu/LLMs-and-impossible-language-acquisition.git
 + 19782b57...d44e8389 d44e8389f41006a0080b507f8fc3412ac1e4ed7d -> v2-results-cald (forced update)
[2026-10-07T16:48:49+08:00] incremental publish OK -> v2-results-cald (cells=0)
To https://github.com/xieguaiwu/LLMs-and-impossible-language-acquisition.git
 + d44e8389...3b141766 3b141766ebd91b63e0c93e0334f4a88ec2b5f212 -> v2-results-cald (forced update)
[2026-10-07T17:01:21+08:00] incremental publish OK -> v2-results-cald (cells=0)
To https://github.com/xieguaiwu/LLMs-and-impossible-language-acquisition.git
 + 3b141766...8a598f27 8a598f2796383c8c166d45a74f86a9d38aedf313 -> v2-results-cald (forced update)
[2026-10-07T17:14:11+08:00] incremental publish OK -> v2-results-cald (cells=0)
To https://github.com/xieguaiwu/LLMs-and-impossible-language-acquisition.git
 + 8a598f27...5b0f8425 5b0f84250a7ad63c5de1a2b89fd380553208680f -> v2-results-cald (forced update)
[2026-10-07T17:28:05+08:00] incremental publish OK -> v2-results-cald (cells=0)
To https://github.com/xieguaiwu/LLMs-and-impossible-language-acquisition.git
 + 5b0f8425...d8a693d1 d8a693d1bab79013bb28c4e90cd83c971e7c25b2 -> v2-results-cald (forced update)
[2026-10-07T17:41:45+08:00] incremental publish OK -> v2-results-cald (cells=0)
To https://github.com/xieguaiwu/LLMs-and-impossible-language-acquisition.git
 + d8a693d1...4f1f0fff 4f1f0fffe893416089f85ec22ff08130cd0bd827 -> v2-results-cald (forced update)
[2026-10-07T17:54:13+08:00] incremental publish OK -> v2-results-cald (cells=0)
To https://github.com/xieguaiwu/LLMs-and-impossible-language-acquisition.git
 + 4f1f0fff...b4c0ecaf b4c0ecaf834b47da45cb2149f85597ac8ca588e7 -> v2-results-cald (forced update)
[2026-10-07T18:06:41+08:00] incremental publish OK -> v2-results-cald (cells=0)
To https://github.com/xieguaiwu/LLMs-and-impossible-language-acquisition.git
 + b4c0ecaf...81d7846c 81d7846c15a09ecb8a64eeb2db76d3153f8c37ce -> v2-results-cald (forced update)
[2026-10-07T18:18:53+08:00] incremental publish OK -> v2-results-cald (cells=0)
To https://github.com/xieguaiwu/LLMs-and-impossible-language-acquisition.git
 + 81d7846c...344f24df 344f24dfee1abb9a67bdf909d57e7c6018b14029 -> v2-results-cald (forced update)
[2026-10-07T18:31:35+08:00] incremental publish OK -> v2-results-cald (cells=0)
To https://github.com/xieguaiwu/LLMs-and-impossible-language-acquisition.git
 + 344f24df...f6ea0466 f6ea0466d7e367086a8643587056cec23bbfd71f -> v2-results-cald (forced update)
[2026-10-07T18:44:00+08:00] incremental publish OK -> v2-results-cald (cells=0)
To https://github.com/xieguaiwu/LLMs-and-impossible-language-acquisition.git
 + f6ea0466...f29c3aa3 f29c3aa323e0f70e7cee2ae53eed12c7fb6a857a -> v2-results-cald (forced update)
[2026-10-07T18:56:17+08:00] incremental publish OK -> v2-results-cald (cells=0)
To https://github.com/xieguaiwu/LLMs-and-impossible-language-acquisition.git
 + f29c3aa3...f7ac0329 f7ac0329c6d8d4651b235bf82dda09315770c135 -> v2-results-cald (forced update)
[2026-10-07T19:08:47+08:00] incremental publish OK -> v2-results-cald (cells=0)
To https://github.com/xieguaiwu/LLMs-and-impossible-language-acquisition.git
 + f7ac0329...1167ef6a 1167ef6a87df25be1dfbb96983658d3ea3d170e6 -> v2-results-cald (forced update)
[2026-10-07T19:21:24+08:00] incremental publish OK -> v2-results-cald (cells=0)
To https://github.com/xieguaiwu/LLMs-and-impossible-language-acquisition.git
 + 1167ef6a...e933294e e933294e3deb98f56cf081ed3a16adbc1b8af7d4 -> v2-results-cald (forced update)
[2026-10-07T19:34:03+08:00] incremental publish OK -> v2-results-cald (cells=0)
To https://github.com/xieguaiwu/LLMs-and-impossible-language-acquisition.git
 + e933294e...1fcdbfd5 1fcdbfd5f586fb9e4646db31dd4b3b584b532502 -> v2-results-cald (forced update)
[2026-10-07T19:46:57+08:00] incremental publish OK -> v2-results-cald (cells=0)
To https://github.com/xieguaiwu/LLMs-and-impossible-language-acquisition.git
 + 1fcdbfd5...4e110d6d 4e110d6d8249b030025248ed542f34eb2dce758c -> v2-results-cald (forced update)
[2026-10-07T20:00:33+08:00] incremental publish OK -> v2-results-cald (cells=0)
To https://github.com/xieguaiwu/LLMs-and-impossible-language-acquisition.git
 + 4e110d6d...867e91e8 867e91e8176f487e3ed71b56e942697cbae06e87 -> v2-results-cald (forced update)
[2026-10-07T20:14:38+08:00] incremental publish OK -> v2-results-cald (cells=0)
To https://github.com/xieguaiwu/LLMs-and-impossible-language-acquisition.git
 + 867e91e8...439317dc 439317dcc66a870ec15987fea9726f6662d60614 -> v2-results-cald (forced update)
[2026-10-07T20:35:23+08:00] incremental publish OK -> v2-results-cald (cells=0)
To https://github.com/xieguaiwu/LLMs-and-impossible-language-acquisition.git
 + 439317dc...1f9e06b4 1f9e06b4efa9ca3122320ebdd6531221f8503620 -> v2-results-cald (forced update)
[2026-10-07T20:50:12+08:00] incremental publish OK -> v2-results-cald (cells=0)
To https://github.com/xieguaiwu/LLMs-and-impossible-language-acquisition.git
 + 1f9e06b4...e10eec2f e10eec2f1fa0c50acca8dc062a1ce2f654d2f82b -> v2-results-cald (forced update)
[2026-10-07T21:04:23+08:00] incremental publish OK -> v2-results-cald (cells=0)
To https://github.com/xieguaiwu/LLMs-and-impossible-language-acquisition.git
 + e10eec2f...9e118f5a 9e118f5aca34dcb09465b1aad7e112b0fc1f22c1 -> v2-results-cald (forced update)
[2026-10-07T21:18:42+08:00] incremental publish OK -> v2-results-cald (cells=0)
To https://github.com/xieguaiwu/LLMs-and-impossible-language-acquisition.git
 + 9e118f5a...73b299d8 73b299d81f5335e3ba7cfd26e8bafbbe5ead7544 -> v2-results-cald (forced update)
[2026-10-07T21:33:34+08:00] incremental publish OK -> v2-results-cald (cells=0)
To https://github.com/xieguaiwu/LLMs-and-impossible-language-acquisition.git
 + 73b299d8...7a21f2ed 7a21f2ed2468638a43ecd007ad938f9ceccf0a84 -> v2-results-cald (forced update)
[2026-10-07T21:49:03+08:00] incremental publish OK -> v2-results-cald (cells=0)
To https://github.com/xieguaiwu/LLMs-and-impossible-language-acquisition.git
 + 7a21f2ed...481f56cf 481f56cf6bc1bcf1f9c4a13bf7364be7b3368345 -> v2-results-cald (forced update)
[2026-10-07T22:04:10+08:00] incremental publish OK -> v2-results-cald (cells=0)
To https://github.com/xieguaiwu/LLMs-and-impossible-language-acquisition.git
 + 481f56cf...4f7ea593 4f7ea593d3a97588c5054d239d51ff3dedf1aef9 -> v2-results-cald (forced update)
[2026-10-07T22:18:38+08:00] incremental publish OK -> v2-results-cald (cells=0)
To https://github.com/xieguaiwu/LLMs-and-impossible-language-acquisition.git
 + 4f7ea593...caba47d9 caba47d97ee169fe14231660648637fac16381cf -> v2-results-cald (forced update)
[2026-10-07T22:33:40+08:00] incremental publish OK -> v2-results-cald (cells=0)
To https://github.com/xieguaiwu/LLMs-and-impossible-language-acquisition.git
 + caba47d9...694a2193 694a2193bbed46fb0961af2f2aa67f85eb88f13a -> v2-results-cald (forced update)
[2026-10-07T22:48:15+08:00] incremental publish OK -> v2-results-cald (cells=0)
To https://github.com/xieguaiwu/LLMs-and-impossible-language-acquisition.git
 + 694a2193...a71c632c a71c632c7a89faf0c71fe4f482836c01737ba088 -> v2-results-cald (forced update)
[2026-10-07T23:03:30+08:00] incremental publish OK -> v2-results-cald (cells=0)
To https://github.com/xieguaiwu/LLMs-and-impossible-language-acquisition.git
 + a71c632c...3db1cc59 3db1cc597fabbf12b63e5dd3f2afc7bba2ab0019 -> v2-results-cald (forced update)
[2026-10-07T23:18:14+08:00] incremental publish OK -> v2-results-cald (cells=0)
To https://github.com/xieguaiwu/LLMs-and-impossible-language-acquisition.git
 + 3db1cc59...ae8a0edc ae8a0edcb7ef548338345bda6d393e376b41f1f8 -> v2-results-cald (forced update)
[2026-10-07T23:32:45+08:00] incremental publish OK -> v2-results-cald (cells=0)
To https://github.com/xieguaiwu/LLMs-and-impossible-language-acquisition.git
 + ae8a0edc...a7a3d3e4 a7a3d3e4e2a204ccef83fd359219e255d66459e7 -> v2-results-cald (forced update)
[2026-10-07T23:46:50+08:00] incremental publish OK -> v2-results-cald (cells=0)
