tagged aochildes.train: 763994 sentences -> aochildes_parsed.json
tagged bnc_spoken.train: 666714 sentences -> bnc_spoken_parsed.json
tagged cbt.train: 277290 sentences -> cbt_parsed.json
tagged children_stories.train: 186508 sentences -> children_stories_parsed.json
tagged gutenberg.train: 511713 sentences -> gutenberg_parsed.json
tagged open_subtitles.train: 5135342 sentences -> open_subtitles_parsed.json
tagged qed.train: 867936 sentences -> qed_parsed.json
tagged simple_wikipedia.train: 1023817 sentences -> simple_wikipedia_parsed.json
tagged switchboard.train: 96718 sentences -> switchboard_parsed.json
tagged wikipedia.train: 513223 sentences -> wikipedia_parsed.json
tagged aochildes.test: 59997 sentences -> aochildes_parsed.json
tagged bnc_spoken.test: 75969 sentences -> bnc_spoken_parsed.json
tagged cbt.test: 17319 sentences -> cbt_parsed.json
tagged children_stories.test: 18811 sentences -> children_stories_parsed.json
tagged gutenberg.test: 53996 sentences -> gutenberg_parsed.json
tagged open_subtitles.test: 460290 sentences -> open_subtitles_parsed.json
tagged qed.test: 103226 sentences -> qed_parsed.json
tagged simple_wikipedia.test: 127042 sentences -> simple_wikipedia_parsed.json
tagged switchboard.test: 11749 sentences -> switchboard_parsed.json
tagged wikipedia.test: 63717 sentences -> wikipedia_parsed.json
Traceback (most recent call last):
Traceback (most recent call last):
  File "/root/mission-impossible-language-models/data/perturb.py", line 8, in <module>
  File "/root/mission-impossible-language-models/data/perturb.py", line 8, in <module>
    from utils import PERTURBATIONS, BABYLM_SPLITS, BABYLM_DATA_PATH, \
    from utils import PERTURBATIONS, BABYLM_SPLITS, BABYLM_DATA_PATH, \
ModuleNotFoundError: No module named 'utils'
ModuleNotFoundError: No module named 'utils'
Traceback (most recent call last):
  File "/root/mission-impossible-language-models/data/perturb.py", line 8, in <module>
    from utils import PERTURBATIONS, BABYLM_SPLITS, BABYLM_DATA_PATH, \
ModuleNotFoundError: No module named 'utils'
Traceback (most recent call last):
  File "/root/mission-impossible-language-models/data/perturb.py", line 8, in <module>
    from utils import PERTURBATIONS, BABYLM_SPLITS, BABYLM_DATA_PATH, \
ModuleNotFoundError: No module named 'utils'
Traceback (most recent call last):
  File "/root/mission-impossible-language-models/data/perturb.py", line 8, in <module>
    from utils import PERTURBATIONS, BABYLM_SPLITS, BABYLM_DATA_PATH, \
ModuleNotFoundError: No module named 'utils'
Traceback (most recent call last):
  File "/root/mission-impossible-language-models/data/perturb.py", line 8, in <module>
    from utils import PERTURBATIONS, BABYLM_SPLITS, BABYLM_DATA_PATH, \
ModuleNotFoundError: No module named 'utils'
Traceback (most recent call last):
  File "/root/mission-impossible-language-models/data/perturb.py", line 8, in <module>
    from utils import PERTURBATIONS, BABYLM_SPLITS, BABYLM_DATA_PATH, \
ModuleNotFoundError: No module named 'utils'
Traceback (most recent call last):
  File "/root/mission-impossible-language-models/data/perturb.py", line 8, in <module>
    from utils import PERTURBATIONS, BABYLM_SPLITS, BABYLM_DATA_PATH, \
ModuleNotFoundError: No module named 'utils'
Traceback (most recent call last):
  File "/root/mission-impossible-language-models/data/perturb.py", line 8, in <module>
    from utils import PERTURBATIONS, BABYLM_SPLITS, BABYLM_DATA_PATH, \
ModuleNotFoundError: No module named 'utils'
Traceback (most recent call last):
  File "/root/mission-impossible-language-models/data/perturb.py", line 8, in <module>
    from utils import PERTURBATIONS, BABYLM_SPLITS, BABYLM_DATA_PATH, \
ModuleNotFoundError: No module named 'utils'
Traceback (most recent call last):
  File "/root/mission-impossible-language-models/data/perturb.py", line 8, in <module>
    from utils import PERTURBATIONS, BABYLM_SPLITS, BABYLM_DATA_PATH, \
ModuleNotFoundError: No module named 'utils'
Traceback (most recent call last):
  File "/root/mission-impossible-language-models/data/perturb.py", line 8, in <module>
    from utils import PERTURBATIONS, BABYLM_SPLITS, BABYLM_DATA_PATH, \
ModuleNotFoundError: No module named 'utils'
Traceback (most recent call last):
  File "/root/mission-impossible-language-models/data/perturb.py", line 8, in <module>
    from utils import PERTURBATIONS, BABYLM_SPLITS, BABYLM_DATA_PATH, \
ModuleNotFoundError: No module named 'utils'
Traceback (most recent call last):
  File "/root/mission-impossible-language-models/data/perturb.py", line 8, in <module>
    from utils import PERTURBATIONS, BABYLM_SPLITS, BABYLM_DATA_PATH, \
ModuleNotFoundError: No module named 'utils'
Traceback (most recent call last):
  File "/root/mission-impossible-language-models/data/perturb.py", line 8, in <module>
    from utils import PERTURBATIONS, BABYLM_SPLITS, BABYLM_DATA_PATH, \
ModuleNotFoundError: No module named 'utils'
Traceback (most recent call last):
  File "/root/mission-impossible-language-models/data/perturb.py", line 8, in <module>
    from utils import PERTURBATIONS, BABYLM_SPLITS, BABYLM_DATA_PATH, \
ModuleNotFoundError: No module named 'utils'
Traceback (most recent call last):
  File "/root/mission-impossible-language-models/data/perturb.py", line 8, in <module>
    from utils import PERTURBATIONS, BABYLM_SPLITS, BABYLM_DATA_PATH, \
ModuleNotFoundError: No module named 'utils'
Traceback (most recent call last):
  File "/root/mission-impossible-language-models/data/perturb.py", line 8, in <module>
    from utils import PERTURBATIONS, BABYLM_SPLITS, BABYLM_DATA_PATH, \
ModuleNotFoundError: No module named 'utils'
Traceback (most recent call last):
  File "<stdin>", line 8, in <module>
AssertionError: shim_tag the corpus first
Traceback (most recent call last):
  File "/root/mission-impossible-language-models/data/perturb.py", line 8, in <module>
    from utils import PERTURBATIONS, BABYLM_SPLITS, BABYLM_DATA_PATH, \
ModuleNotFoundError: No module named 'utils'
Traceback (most recent call last):
  File "/root/mission-impossible-language-models/data/perturb.py", line 8, in <module>
    from utils import PERTURBATIONS, BABYLM_SPLITS, BABYLM_DATA_PATH, \
ModuleNotFoundError: No module named 'utils'
Traceback (most recent call last):
  File "/root/mission-impossible-language-models/data/perturb.py", line 8, in <module>
    from utils import PERTURBATIONS, BABYLM_SPLITS, BABYLM_DATA_PATH, \
ModuleNotFoundError: No module named 'utils'
Traceback (most recent call last):
  File "/root/mission-impossible-language-models/data/perturb.py", line 8, in <module>
    from utils import PERTURBATIONS, BABYLM_SPLITS, BABYLM_DATA_PATH, \
ModuleNotFoundError: No module named 'utils'
Traceback (most recent call last):
  File "/root/mission-impossible-language-models/data/perturb.py", line 8, in <module>
    from utils import PERTURBATIONS, BABYLM_SPLITS, BABYLM_DATA_PATH, \
ModuleNotFoundError: No module named 'utils'
Traceback (most recent call last):
  File "/root/mission-impossible-language-models/data/perturb.py", line 8, in <module>
    from utils import PERTURBATIONS, BABYLM_SPLITS, BABYLM_DATA_PATH, \
ModuleNotFoundError: No module named 'utils'
Traceback (most recent call last):
  File "/root/mission-impossible-language-models/data/perturb.py", line 8, in <module>
    from utils import PERTURBATIONS, BABYLM_SPLITS, BABYLM_DATA_PATH, \
ModuleNotFoundError: No module named 'utils'
Traceback (most recent call last):
  File "/root/mission-impossible-language-models/data/perturb.py", line 8, in <module>
    from utils import PERTURBATIONS, BABYLM_SPLITS, BABYLM_DATA_PATH, \
ModuleNotFoundError: No module named 'utils'
Traceback (most recent call last):
  File "/root/mission-impossible-language-models/data/perturb.py", line 8, in <module>
    from utils import PERTURBATIONS, BABYLM_SPLITS, BABYLM_DATA_PATH, \
ModuleNotFoundError: No module named 'utils'
Traceback (most recent call last):
  File "/root/mission-impossible-language-models/data/perturb.py", line 8, in <module>
    from utils import PERTURBATIONS, BABYLM_SPLITS, BABYLM_DATA_PATH, \
ModuleNotFoundError: No module named 'utils'
Traceback (most recent call last):
  File "/root/mission-impossible-language-models/data/perturb.py", line 8, in <module>
    from utils import PERTURBATIONS, BABYLM_SPLITS, BABYLM_DATA_PATH, \
ModuleNotFoundError: No module named 'utils'
Traceback (most recent call last):
  File "/root/mission-impossible-language-models/data/perturb.py", line 8, in <module>
    from utils import PERTURBATIONS, BABYLM_SPLITS, BABYLM_DATA_PATH, \
ModuleNotFoundError: No module named 'utils'
Traceback (most recent call last):
  File "/root/mission-impossible-language-models/data/perturb.py", line 8, in <module>
    from utils import PERTURBATIONS, BABYLM_SPLITS, BABYLM_DATA_PATH, \
ModuleNotFoundError: No module named 'utils'
Traceback (most recent call last):
  File "/root/mission-impossible-language-models/data/perturb.py", line 8, in <module>
    from utils import PERTURBATIONS, BABYLM_SPLITS, BABYLM_DATA_PATH, \
ModuleNotFoundError: No module named 'utils'
Traceback (most recent call last):
  File "/root/mission-impossible-language-models/data/perturb.py", line 8, in <module>
    from utils import PERTURBATIONS, BABYLM_SPLITS, BABYLM_DATA_PATH, \
ModuleNotFoundError: No module named 'utils'
Traceback (most recent call last):
  File "/root/mission-impossible-language-models/data/perturb.py", line 8, in <module>
    from utils import PERTURBATIONS, BABYLM_SPLITS, BABYLM_DATA_PATH, \
ModuleNotFoundError: No module named 'utils'
Traceback (most recent call last):
  File "/root/mission-impossible-language-models/data/perturb.py", line 8, in <module>
    from utils import PERTURBATIONS, BABYLM_SPLITS, BABYLM_DATA_PATH, \
ModuleNotFoundError: No module named 'utils'
Traceback (most recent call last):
  File "/root/mission-impossible-language-models/data/perturb.py", line 8, in <module>
    from utils import PERTURBATIONS, BABYLM_SPLITS, BABYLM_DATA_PATH, \
ModuleNotFoundError: No module named 'utils'
Traceback (most recent call last):
  File "<stdin>", line 8, in <module>
AssertionError: shim_tag the corpus first
Traceback (most recent call last):
  File "/root/mission-impossible-language-models/data/perturb.py", line 8, in <module>
    from utils import PERTURBATIONS, BABYLM_SPLITS, BABYLM_DATA_PATH, \
ModuleNotFoundError: No module named 'utils'
Traceback (most recent call last):
  File "/root/mission-impossible-language-models/data/perturb.py", line 8, in <module>
    from utils import PERTURBATIONS, BABYLM_SPLITS, BABYLM_DATA_PATH, \
ModuleNotFoundError: No module named 'utils'
Traceback (most recent call last):
  File "/root/mission-impossible-language-models/data/perturb.py", line 8, in <module>
    from utils import PERTURBATIONS, BABYLM_SPLITS, BABYLM_DATA_PATH, \
ModuleNotFoundError: No module named 'utils'
Traceback (most recent call last):
  File "/root/mission-impossible-language-models/data/perturb.py", line 8, in <module>
    from utils import PERTURBATIONS, BABYLM_SPLITS, BABYLM_DATA_PATH, \
ModuleNotFoundError: No module named 'utils'
Traceback (most recent call last):
  File "/root/mission-impossible-language-models/data/perturb.py", line 8, in <module>
    from utils import PERTURBATIONS, BABYLM_SPLITS, BABYLM_DATA_PATH, \
ModuleNotFoundError: No module named 'utils'
Traceback (most recent call last):
  File "/root/mission-impossible-language-models/data/perturb.py", line 8, in <module>
    from utils import PERTURBATIONS, BABYLM_SPLITS, BABYLM_DATA_PATH, \
ModuleNotFoundError: No module named 'utils'
Traceback (most recent call last):
  File "/root/mission-impossible-language-models/data/perturb.py", line 8, in <module>
    from utils import PERTURBATIONS, BABYLM_SPLITS, BABYLM_DATA_PATH, \
ModuleNotFoundError: No module named 'utils'
Traceback (most recent call last):
  File "/root/mission-impossible-language-models/data/perturb.py", line 8, in <module>
    from utils import PERTURBATIONS, BABYLM_SPLITS, BABYLM_DATA_PATH, \
ModuleNotFoundError: No module named 'utils'
Traceback (most recent call last):
  File "/root/mission-impossible-language-models/data/perturb.py", line 8, in <module>
    from utils import PERTURBATIONS, BABYLM_SPLITS, BABYLM_DATA_PATH, \
ModuleNotFoundError: No module named 'utils'
Traceback (most recent call last):
  File "/root/mission-impossible-language-models/data/perturb.py", line 8, in <module>
    from utils import PERTURBATIONS, BABYLM_SPLITS, BABYLM_DATA_PATH, \
ModuleNotFoundError: No module named 'utils'
Traceback (most recent call last):
  File "/root/mission-impossible-language-models/data/perturb.py", line 8, in <module>
    from utils import PERTURBATIONS, BABYLM_SPLITS, BABYLM_DATA_PATH, \
ModuleNotFoundError: No module named 'utils'
Traceback (most recent call last):
  File "/root/mission-impossible-language-models/data/perturb.py", line 8, in <module>
    from utils import PERTURBATIONS, BABYLM_SPLITS, BABYLM_DATA_PATH, \
ModuleNotFoundError: No module named 'utils'
Traceback (most recent call last):
  File "/root/mission-impossible-language-models/data/perturb.py", line 8, in <module>
    from utils import PERTURBATIONS, BABYLM_SPLITS, BABYLM_DATA_PATH, \
ModuleNotFoundError: No module named 'utils'
Traceback (most recent call last):
  File "/root/mission-impossible-language-models/data/perturb.py", line 8, in <module>
    from utils import PERTURBATIONS, BABYLM_SPLITS, BABYLM_DATA_PATH, \
ModuleNotFoundError: No module named 'utils'
Traceback (most recent call last):
  File "/root/mission-impossible-language-models/data/perturb.py", line 8, in <module>
    from utils import PERTURBATIONS, BABYLM_SPLITS, BABYLM_DATA_PATH, \
ModuleNotFoundError: No module named 'utils'
Traceback (most recent call last):
  File "/root/mission-impossible-language-models/data/perturb.py", line 8, in <module>
    from utils import PERTURBATIONS, BABYLM_SPLITS, BABYLM_DATA_PATH, \
ModuleNotFoundError: No module named 'utils'
Traceback (most recent call last):
  File "/root/mission-impossible-language-models/data/perturb.py", line 8, in <module>
    from utils import PERTURBATIONS, BABYLM_SPLITS, BABYLM_DATA_PATH, \
ModuleNotFoundError: No module named 'utils'
Traceback (most recent call last):
  File "/root/mission-impossible-language-models/data/perturb.py", line 8, in <module>
    from utils import PERTURBATIONS, BABYLM_SPLITS, BABYLM_DATA_PATH, \
ModuleNotFoundError: No module named 'utils'
Traceback (most recent call last):
  File "<stdin>", line 8, in <module>
AssertionError: shim_tag the corpus first
Traceback (most recent call last):
  File "/root/mission-impossible-language-models/data/perturb.py", line 8, in <module>
Traceback (most recent call last):
  File "/root/mission-impossible-language-models/data/perturb.py", line 8, in <module>
    from utils import PERTURBATIONS, BABYLM_SPLITS, BABYLM_DATA_PATH, \
    from utils import PERTURBATIONS, BABYLM_SPLITS, BABYLM_DATA_PATH, \
Traceback (most recent call last):
ModuleNotFoundError: No module named 'utils'
ModuleNotFoundError: No module named 'utils'
  File "/root/mission-impossible-language-models/data/perturb.py", line 8, in <module>
    from utils import PERTURBATIONS, BABYLM_SPLITS, BABYLM_DATA_PATH, \
ModuleNotFoundError: No module named 'utils'
Traceback (most recent call last):
  File "/root/mission-impossible-language-models/data/perturb.py", line 8, in <module>
    from utils import PERTURBATIONS, BABYLM_SPLITS, BABYLM_DATA_PATH, \
ModuleNotFoundError: No module named 'utils'
Traceback (most recent call last):
  File "/root/mission-impossible-language-models/data/perturb.py", line 8, in <module>
    from utils import PERTURBATIONS, BABYLM_SPLITS, BABYLM_DATA_PATH, \
ModuleNotFoundError: No module named 'utils'
Traceback (most recent call last):
  File "/root/mission-impossible-language-models/data/perturb.py", line 8, in <module>
    from utils import PERTURBATIONS, BABYLM_SPLITS, BABYLM_DATA_PATH, \
ModuleNotFoundError: No module named 'utils'
Traceback (most recent call last):
  File "/root/mission-impossible-language-models/data/perturb.py", line 8, in <module>
    from utils import PERTURBATIONS, BABYLM_SPLITS, BABYLM_DATA_PATH, \
ModuleNotFoundError: No module named 'utils'
Traceback (most recent call last):
  File "/root/mission-impossible-language-models/data/perturb.py", line 8, in <module>
    from utils import PERTURBATIONS, BABYLM_SPLITS, BABYLM_DATA_PATH, \
ModuleNotFoundError: No module named 'utils'
Traceback (most recent call last):
  File "/root/mission-impossible-language-models/data/perturb.py", line 8, in <module>
    from utils import PERTURBATIONS, BABYLM_SPLITS, BABYLM_DATA_PATH, \
ModuleNotFoundError: No module named 'utils'
Traceback (most recent call last):
  File "/root/mission-impossible-language-models/data/perturb.py", line 8, in <module>
    from utils import PERTURBATIONS, BABYLM_SPLITS, BABYLM_DATA_PATH, \
ModuleNotFoundError: No module named 'utils'
Traceback (most recent call last):
  File "/root/mission-impossible-language-models/data/perturb.py", line 8, in <module>
    from utils import PERTURBATIONS, BABYLM_SPLITS, BABYLM_DATA_PATH, \
ModuleNotFoundError: No module named 'utils'
Traceback (most recent call last):
  File "/root/mission-impossible-language-models/data/perturb.py", line 8, in <module>
    from utils import PERTURBATIONS, BABYLM_SPLITS, BABYLM_DATA_PATH, \
ModuleNotFoundError: No module named 'utils'
Traceback (most recent call last):
  File "/root/mission-impossible-language-models/data/perturb.py", line 8, in <module>
    from utils import PERTURBATIONS, BABYLM_SPLITS, BABYLM_DATA_PATH, \
ModuleNotFoundError: No module named 'utils'
Traceback (most recent call last):
  File "/root/mission-impossible-language-models/data/perturb.py", line 8, in <module>
    from utils import PERTURBATIONS, BABYLM_SPLITS, BABYLM_DATA_PATH, \
ModuleNotFoundError: No module named 'utils'
Traceback (most recent call last):
  File "/root/mission-impossible-language-models/data/perturb.py", line 8, in <module>
    from utils import PERTURBATIONS, BABYLM_SPLITS, BABYLM_DATA_PATH, \
ModuleNotFoundError: No module named 'utils'
Traceback (most recent call last):
  File "/root/mission-impossible-language-models/data/perturb.py", line 8, in <module>
    from utils import PERTURBATIONS, BABYLM_SPLITS, BABYLM_DATA_PATH, \
ModuleNotFoundError: No module named 'utils'
Traceback (most recent call last):
  File "/root/mission-impossible-language-models/data/perturb.py", line 8, in <module>
    from utils import PERTURBATIONS, BABYLM_SPLITS, BABYLM_DATA_PATH, \
ModuleNotFoundError: No module named 'utils'
Traceback (most recent call last):
  File "/root/mission-impossible-language-models/data/perturb.py", line 8, in <module>
    from utils import PERTURBATIONS, BABYLM_SPLITS, BABYLM_DATA_PATH, \
ModuleNotFoundError: No module named 'utils'
Traceback (most recent call last):
  File "<stdin>", line 8, in <module>
AssertionError: shim_tag the corpus first
Traceback (most recent call last):
  File "/root/mission-impossible-language-models/data/perturb.py", line 8, in <module>
    from utils import PERTURBATIONS, BABYLM_SPLITS, BABYLM_DATA_PATH, \
ModuleNotFoundError: No module named 'utils'
Traceback (most recent call last):
  File "/root/mission-impossible-language-models/data/perturb.py", line 8, in <module>
    from utils import PERTURBATIONS, BABYLM_SPLITS, BABYLM_DATA_PATH, \
ModuleNotFoundError: No module named 'utils'
Traceback (most recent call last):
  File "/root/mission-impossible-language-models/data/perturb.py", line 8, in <module>
    from utils import PERTURBATIONS, BABYLM_SPLITS, BABYLM_DATA_PATH, \
ModuleNotFoundError: No module named 'utils'
Traceback (most recent call last):
  File "/root/mission-impossible-language-models/data/perturb.py", line 8, in <module>
    from utils import PERTURBATIONS, BABYLM_SPLITS, BABYLM_DATA_PATH, \
ModuleNotFoundError: No module named 'utils'
Traceback (most recent call last):
  File "/root/mission-impossible-language-models/data/perturb.py", line 8, in <module>
    from utils import PERTURBATIONS, BABYLM_SPLITS, BABYLM_DATA_PATH, \
ModuleNotFoundError: No module named 'utils'
Traceback (most recent call last):
  File "/root/mission-impossible-language-models/data/perturb.py", line 8, in <module>
    from utils import PERTURBATIONS, BABYLM_SPLITS, BABYLM_DATA_PATH, \
ModuleNotFoundError: No module named 'utils'
Traceback (most recent call last):
  File "/root/mission-impossible-language-models/data/perturb.py", line 8, in <module>
    from utils import PERTURBATIONS, BABYLM_SPLITS, BABYLM_DATA_PATH, \
ModuleNotFoundError: No module named 'utils'
Traceback (most recent call last):
  File "/root/mission-impossible-language-models/data/perturb.py", line 8, in <module>
    from utils import PERTURBATIONS, BABYLM_SPLITS, BABYLM_DATA_PATH, \
ModuleNotFoundError: No module named 'utils'
Traceback (most recent call last):
  File "/root/mission-impossible-language-models/data/perturb.py", line 8, in <module>
    from utils import PERTURBATIONS, BABYLM_SPLITS, BABYLM_DATA_PATH, \
ModuleNotFoundError: No module named 'utils'
Traceback (most recent call last):
  File "/root/mission-impossible-language-models/data/perturb.py", line 8, in <module>
Traceback (most recent call last):
  File "/root/mission-impossible-language-models/data/perturb.py", line 8, in <module>
    from utils import PERTURBATIONS, BABYLM_SPLITS, BABYLM_DATA_PATH, \
ModuleNotFoundError: No module named 'utils'
    from utils import PERTURBATIONS, BABYLM_SPLITS, BABYLM_DATA_PATH, \
ModuleNotFoundError: No module named 'utils'
Traceback (most recent call last):
  File "/root/mission-impossible-language-models/data/perturb.py", line 8, in <module>
    from utils import PERTURBATIONS, BABYLM_SPLITS, BABYLM_DATA_PATH, \
ModuleNotFoundError: No module named 'utils'
Traceback (most recent call last):
  File "/root/mission-impossible-language-models/data/perturb.py", line 8, in <module>
    from utils import PERTURBATIONS, BABYLM_SPLITS, BABYLM_DATA_PATH, \
ModuleNotFoundError: No module named 'utils'
Traceback (most recent call last):
  File "/root/mission-impossible-language-models/data/perturb.py", line 8, in <module>
    from utils import PERTURBATIONS, BABYLM_SPLITS, BABYLM_DATA_PATH, \
ModuleNotFoundError: No module named 'utils'
Traceback (most recent call last):
  File "/root/mission-impossible-language-models/data/perturb.py", line 8, in <module>
    from utils import PERTURBATIONS, BABYLM_SPLITS, BABYLM_DATA_PATH, \
ModuleNotFoundError: No module named 'utils'
Traceback (most recent call last):
  File "/root/mission-impossible-language-models/data/perturb.py", line 8, in <module>
    from utils import PERTURBATIONS, BABYLM_SPLITS, BABYLM_DATA_PATH, \
ModuleNotFoundError: No module named 'utils'
Traceback (most recent call last):
  File "/root/mission-impossible-language-models/data/perturb.py", line 8, in <module>
    from utils import PERTURBATIONS, BABYLM_SPLITS, BABYLM_DATA_PATH, \
ModuleNotFoundError: No module named 'utils'
Traceback (most recent call last):
  File "/root/mission-impossible-language-models/data/perturb.py", line 8, in <module>
    from utils import PERTURBATIONS, BABYLM_SPLITS, BABYLM_DATA_PATH, \
ModuleNotFoundError: No module named 'utils'
Traceback (most recent call last):
  File "<stdin>", line 8, in <module>
AssertionError: shim_tag the corpus first
Traceback (most recent call last):
  File "/root/mission-impossible-language-models/data/perturb.py", line 8, in <module>
Traceback (most recent call last):
  File "/root/mission-impossible-language-models/data/perturb.py", line 8, in <module>
    from utils import PERTURBATIONS, BABYLM_SPLITS, BABYLM_DATA_PATH, \
    from utils import PERTURBATIONS, BABYLM_SPLITS, BABYLM_DATA_PATH, \
ModuleNotFoundError: No module named 'utils'
ModuleNotFoundError: No module named 'utils'
Traceback (most recent call last):
  File "/root/mission-impossible-language-models/data/perturb.py", line 8, in <module>
    from utils import PERTURBATIONS, BABYLM_SPLITS, BABYLM_DATA_PATH, \
ModuleNotFoundError: No module named 'utils'
Traceback (most recent call last):
  File "/root/mission-impossible-language-models/data/perturb.py", line 8, in <module>
    from utils import PERTURBATIONS, BABYLM_SPLITS, BABYLM_DATA_PATH, \
ModuleNotFoundError: No module named 'utils'
Traceback (most recent call last):
  File "/root/mission-impossible-language-models/data/perturb.py", line 8, in <module>
    from utils import PERTURBATIONS, BABYLM_SPLITS, BABYLM_DATA_PATH, \
ModuleNotFoundError: No module named 'utils'
Traceback (most recent call last):
  File "/root/mission-impossible-language-models/data/perturb.py", line 8, in <module>
    from utils import PERTURBATIONS, BABYLM_SPLITS, BABYLM_DATA_PATH, \
ModuleNotFoundError: No module named 'utils'
Traceback (most recent call last):
  File "/root/mission-impossible-language-models/data/perturb.py", line 8, in <module>
    from utils import PERTURBATIONS, BABYLM_SPLITS, BABYLM_DATA_PATH, \
ModuleNotFoundError: No module named 'utils'
Traceback (most recent call last):
  File "/root/mission-impossible-language-models/data/perturb.py", line 8, in <module>
    from utils import PERTURBATIONS, BABYLM_SPLITS, BABYLM_DATA_PATH, \
ModuleNotFoundError: No module named 'utils'
Traceback (most recent call last):
  File "/root/mission-impossible-language-models/data/perturb.py", line 8, in <module>
    from utils import PERTURBATIONS, BABYLM_SPLITS, BABYLM_DATA_PATH, \
ModuleNotFoundError: No module named 'utils'
Traceback (most recent call last):
  File "/root/mission-impossible-language-models/data/perturb.py", line 8, in <module>
    from utils import PERTURBATIONS, BABYLM_SPLITS, BABYLM_DATA_PATH, \
ModuleNotFoundError: No module named 'utils'
Traceback (most recent call last):
  File "/root/mission-impossible-language-models/data/perturb.py", line 8, in <module>
Traceback (most recent call last):
    from utils import PERTURBATIONS, BABYLM_SPLITS, BABYLM_DATA_PATH, \
  File "/root/mission-impossible-language-models/data/perturb.py", line 8, in <module>
ModuleNotFoundError: No module named 'utils'
    from utils import PERTURBATIONS, BABYLM_SPLITS, BABYLM_DATA_PATH, \
ModuleNotFoundError: No module named 'utils'
Traceback (most recent call last):
  File "/root/mission-impossible-language-models/data/perturb.py", line 8, in <module>
    from utils import PERTURBATIONS, BABYLM_SPLITS, BABYLM_DATA_PATH, \
ModuleNotFoundError: No module named 'utils'
Traceback (most recent call last):
  File "/root/mission-impossible-language-models/data/perturb.py", line 8, in <module>
    from utils import PERTURBATIONS, BABYLM_SPLITS, BABYLM_DATA_PATH, \
ModuleNotFoundError: No module named 'utils'
Traceback (most recent call last):
  File "/root/mission-impossible-language-models/data/perturb.py", line 8, in <module>
    from utils import PERTURBATIONS, BABYLM_SPLITS, BABYLM_DATA_PATH, \
ModuleNotFoundError: No module named 'utils'
Traceback (most recent call last):
  File "/root/mission-impossible-language-models/data/perturb.py", line 8, in <module>
    from utils import PERTURBATIONS, BABYLM_SPLITS, BABYLM_DATA_PATH, \
ModuleNotFoundError: No module named 'utils'
Traceback (most recent call last):
  File "/root/mission-impossible-language-models/data/perturb.py", line 8, in <module>
    from utils import PERTURBATIONS, BABYLM_SPLITS, BABYLM_DATA_PATH, \
ModuleNotFoundError: No module named 'utils'
Traceback (most recent call last):
  File "/root/mission-impossible-language-models/data/perturb.py", line 8, in <module>
    from utils import PERTURBATIONS, BABYLM_SPLITS, BABYLM_DATA_PATH, \
ModuleNotFoundError: No module named 'utils'
Traceback (most recent call last):
  File "<stdin>", line 8, in <module>
AssertionError: shim_tag the corpus first
Traceback (most recent call last):
  File "/root/mission-impossible-language-models/data/perturb.py", line 8, in <module>
    from utils import PERTURBATIONS, BABYLM_SPLITS, BABYLM_DATA_PATH, \
ModuleNotFoundError: No module named 'utils'
Traceback (most recent call last):
  File "/root/mission-impossible-language-models/data/perturb.py", line 8, in <module>
    from utils import PERTURBATIONS, BABYLM_SPLITS, BABYLM_DATA_PATH, \
ModuleNotFoundError: No module named 'utils'
Traceback (most recent call last):
  File "/root/mission-impossible-language-models/data/perturb.py", line 8, in <module>
    from utils import PERTURBATIONS, BABYLM_SPLITS, BABYLM_DATA_PATH, \
ModuleNotFoundError: No module named 'utils'
Traceback (most recent call last):
  File "/root/mission-impossible-language-models/data/perturb.py", line 8, in <module>
    from utils import PERTURBATIONS, BABYLM_SPLITS, BABYLM_DATA_PATH, \
ModuleNotFoundError: No module named 'utils'
Traceback (most recent call last):
  File "/root/mission-impossible-language-models/data/perturb.py", line 8, in <module>
    from utils import PERTURBATIONS, BABYLM_SPLITS, BABYLM_DATA_PATH, \
ModuleNotFoundError: No module named 'utils'
Traceback (most recent call last):
  File "/root/mission-impossible-language-models/data/perturb.py", line 8, in <module>
    from utils import PERTURBATIONS, BABYLM_SPLITS, BABYLM_DATA_PATH, \
ModuleNotFoundError: No module named 'utils'
Traceback (most recent call last):
  File "/root/mission-impossible-language-models/data/perturb.py", line 8, in <module>
    from utils import PERTURBATIONS, BABYLM_SPLITS, BABYLM_DATA_PATH, \
ModuleNotFoundError: No module named 'utils'
Traceback (most recent call last):
  File "/root/mission-impossible-language-models/data/perturb.py", line 8, in <module>
    from utils import PERTURBATIONS, BABYLM_SPLITS, BABYLM_DATA_PATH, \
ModuleNotFoundError: No module named 'utils'
Traceback (most recent call last):
  File "/root/mission-impossible-language-models/data/perturb.py", line 8, in <module>
    from utils import PERTURBATIONS, BABYLM_SPLITS, BABYLM_DATA_PATH, \
ModuleNotFoundError: No module named 'utils'
Traceback (most recent call last):
  File "/root/mission-impossible-language-models/data/perturb.py", line 8, in <module>
    from utils import PERTURBATIONS, BABYLM_SPLITS, BABYLM_DATA_PATH, \
ModuleNotFoundError: No module named 'utils'
Traceback (most recent call last):
  File "/root/mission-impossible-language-models/data/perturb.py", line 8, in <module>
    from utils import PERTURBATIONS, BABYLM_SPLITS, BABYLM_DATA_PATH, \
ModuleNotFoundError: No module named 'utils'
Traceback (most recent call last):
  File "/root/mission-impossible-language-models/data/perturb.py", line 8, in <module>
    from utils import PERTURBATIONS, BABYLM_SPLITS, BABYLM_DATA_PATH, \
ModuleNotFoundError: No module named 'utils'
Traceback (most recent call last):
  File "/root/mission-impossible-language-models/data/perturb.py", line 8, in <module>
    from utils import PERTURBATIONS, BABYLM_SPLITS, BABYLM_DATA_PATH, \
ModuleNotFoundError: No module named 'utils'
Traceback (most recent call last):
  File "/root/mission-impossible-language-models/data/perturb.py", line 8, in <module>
    from utils import PERTURBATIONS, BABYLM_SPLITS, BABYLM_DATA_PATH, \
ModuleNotFoundError: No module named 'utils'
Traceback (most recent call last):
  File "/root/mission-impossible-language-models/data/perturb.py", line 8, in <module>
    from utils import PERTURBATIONS, BABYLM_SPLITS, BABYLM_DATA_PATH, \
ModuleNotFoundError: No module named 'utils'
Traceback (most recent call last):
  File "/root/mission-impossible-language-models/data/perturb.py", line 8, in <module>
    from utils import PERTURBATIONS, BABYLM_SPLITS, BABYLM_DATA_PATH, \
ModuleNotFoundError: No module named 'utils'
Traceback (most recent call last):
  File "/root/mission-impossible-language-models/data/perturb.py", line 8, in <module>
    from utils import PERTURBATIONS, BABYLM_SPLITS, BABYLM_DATA_PATH, \
ModuleNotFoundError: No module named 'utils'
Traceback (most recent call last):
  File "/root/mission-impossible-language-models/data/perturb.py", line 8, in <module>
    from utils import PERTURBATIONS, BABYLM_SPLITS, BABYLM_DATA_PATH, \
ModuleNotFoundError: No module named 'utils'
Traceback (most recent call last):
  File "<stdin>", line 8, in <module>
AssertionError: shim_tag the corpus first
Traceback (most recent call last):
  File "/root/mission-impossible-language-models/data/perturb.py", line 8, in <module>
    from utils import PERTURBATIONS, BABYLM_SPLITS, BABYLM_DATA_PATH, \
ModuleNotFoundError: No module named 'utils'
Traceback (most recent call last):
  File "/root/mission-impossible-language-models/data/perturb.py", line 8, in <module>
    from utils import PERTURBATIONS, BABYLM_SPLITS, BABYLM_DATA_PATH, \
ModuleNotFoundError: No module named 'utils'
Traceback (most recent call last):
  File "/root/mission-impossible-language-models/data/perturb.py", line 8, in <module>
    from utils import PERTURBATIONS, BABYLM_SPLITS, BABYLM_DATA_PATH, \
ModuleNotFoundError: No module named 'utils'
Traceback (most recent call last):
  File "/root/mission-impossible-language-models/data/perturb.py", line 8, in <module>
Traceback (most recent call last):
  File "/root/mission-impossible-language-models/data/perturb.py", line 8, in <module>
    from utils import PERTURBATIONS, BABYLM_SPLITS, BABYLM_DATA_PATH, \
ModuleNotFoundError: No module named 'utils'
    from utils import PERTURBATIONS, BABYLM_SPLITS, BABYLM_DATA_PATH, \
ModuleNotFoundError: No module named 'utils'
Traceback (most recent call last):
  File "/root/mission-impossible-language-models/data/perturb.py", line 8, in <module>
    from utils import PERTURBATIONS, BABYLM_SPLITS, BABYLM_DATA_PATH, \
ModuleNotFoundError: No module named 'utils'
Traceback (most recent call last):
  File "/root/mission-impossible-language-models/data/perturb.py", line 8, in <module>
    from utils import PERTURBATIONS, BABYLM_SPLITS, BABYLM_DATA_PATH, \
ModuleNotFoundError: No module named 'utils'
Traceback (most recent call last):
  File "/root/mission-impossible-language-models/data/perturb.py", line 8, in <module>
    from utils import PERTURBATIONS, BABYLM_SPLITS, BABYLM_DATA_PATH, \
ModuleNotFoundError: No module named 'utils'
Traceback (most recent call last):
  File "/root/mission-impossible-language-models/data/perturb.py", line 8, in <module>
    from utils import PERTURBATIONS, BABYLM_SPLITS, BABYLM_DATA_PATH, \
ModuleNotFoundError: No module named 'utils'
Traceback (most recent call last):
  File "/root/mission-impossible-language-models/data/perturb.py", line 8, in <module>
    from utils import PERTURBATIONS, BABYLM_SPLITS, BABYLM_DATA_PATH, \
ModuleNotFoundError: No module named 'utils'
Traceback (most recent call last):
  File "/root/mission-impossible-language-models/data/perturb.py", line 8, in <module>
    from utils import PERTURBATIONS, BABYLM_SPLITS, BABYLM_DATA_PATH, \
ModuleNotFoundError: No module named 'utils'
Traceback (most recent call last):
  File "/root/mission-impossible-language-models/data/perturb.py", line 8, in <module>
    from utils import PERTURBATIONS, BABYLM_SPLITS, BABYLM_DATA_PATH, \
ModuleNotFoundError: No module named 'utils'
Traceback (most recent call last):
  File "/root/mission-impossible-language-models/data/perturb.py", line 8, in <module>
    from utils import PERTURBATIONS, BABYLM_SPLITS, BABYLM_DATA_PATH, \
ModuleNotFoundError: No module named 'utils'
Traceback (most recent call last):
  File "/root/mission-impossible-language-models/data/perturb.py", line 8, in <module>
    from utils import PERTURBATIONS, BABYLM_SPLITS, BABYLM_DATA_PATH, \
ModuleNotFoundError: No module named 'utils'
Traceback (most recent call last):
  File "/root/mission-impossible-language-models/data/perturb.py", line 8, in <module>
    from utils import PERTURBATIONS, BABYLM_SPLITS, BABYLM_DATA_PATH, \
ModuleNotFoundError: No module named 'utils'
Traceback (most recent call last):
  File "/root/mission-impossible-language-models/data/perturb.py", line 8, in <module>
    from utils import PERTURBATIONS, BABYLM_SPLITS, BABYLM_DATA_PATH, \
ModuleNotFoundError: No module named 'utils'
Traceback (most recent call last):
  File "/root/mission-impossible-language-models/data/perturb.py", line 8, in <module>
    from utils import PERTURBATIONS, BABYLM_SPLITS, BABYLM_DATA_PATH, \
ModuleNotFoundError: No module named 'utils'
Traceback (most recent call last):
  File "/root/mission-impossible-language-models/data/perturb.py", line 8, in <module>
    from utils import PERTURBATIONS, BABYLM_SPLITS, BABYLM_DATA_PATH, \
ModuleNotFoundError: No module named 'utils'
Token indices sequence length is longer than the specified maximum sequence length for this model (1111 > 1024). Running this sequence through the model will result in indexing errors
Traceback (most recent call last):
  File "/root/mission-impossible-language-models/data/perturb.py", line 8, in <module>
Traceback (most recent call last):
  File "/root/mission-impossible-language-models/data/perturb.py", line 8, in <module>
    from utils import PERTURBATIONS, BABYLM_SPLITS, BABYLM_DATA_PATH, \
ModuleNotFoundError: No module named 'utils'
    from utils import PERTURBATIONS, BABYLM_SPLITS, BABYLM_DATA_PATH, \
ModuleNotFoundError: No module named 'utils'
Traceback (most recent call last):
  File "/root/mission-impossible-language-models/data/perturb.py", line 8, in <module>
    from utils import PERTURBATIONS, BABYLM_SPLITS, BABYLM_DATA_PATH, \
ModuleNotFoundError: No module named 'utils'
Traceback (most recent call last):
  File "/root/mission-impossible-language-models/data/perturb.py", line 8, in <module>
Traceback (most recent call last):
  File "/root/mission-impossible-language-models/data/perturb.py", line 8, in <module>
    from utils import PERTURBATIONS, BABYLM_SPLITS, BABYLM_DATA_PATH, \
ModuleNotFoundError: No module named 'utils'
    from utils import PERTURBATIONS, BABYLM_SPLITS, BABYLM_DATA_PATH, \
ModuleNotFoundError: No module named 'utils'
Traceback (most recent call last):
  File "/root/mission-impossible-language-models/data/perturb.py", line 8, in <module>
    from utils import PERTURBATIONS, BABYLM_SPLITS, BABYLM_DATA_PATH, \
ModuleNotFoundError: No module named 'utils'
Traceback (most recent call last):
  File "/root/mission-impossible-language-models/data/perturb.py", line 8, in <module>
    from utils import PERTURBATIONS, BABYLM_SPLITS, BABYLM_DATA_PATH, \
ModuleNotFoundError: No module named 'utils'
Traceback (most recent call last):
  File "/root/mission-impossible-language-models/data/perturb.py", line 8, in <module>
    from utils import PERTURBATIONS, BABYLM_SPLITS, BABYLM_DATA_PATH, \
ModuleNotFoundError: No module named 'utils'
Traceback (most recent call last):
  File "/root/mission-impossible-language-models/data/perturb.py", line 8, in <module>
    from utils import PERTURBATIONS, BABYLM_SPLITS, BABYLM_DATA_PATH, \
ModuleNotFoundError: No module named 'utils'
Traceback (most recent call last):
  File "/root/mission-impossible-language-models/data/perturb.py", line 8, in <module>
    from utils import PERTURBATIONS, BABYLM_SPLITS, BABYLM_DATA_PATH, \
ModuleNotFoundError: No module named 'utils'
Traceback (most recent call last):
  File "/root/mission-impossible-language-models/data/perturb.py", line 8, in <module>
    from utils import PERTURBATIONS, BABYLM_SPLITS, BABYLM_DATA_PATH, \
ModuleNotFoundError: No module named 'utils'
Traceback (most recent call last):
  File "/root/mission-impossible-language-models/data/perturb.py", line 8, in <module>
    from utils import PERTURBATIONS, BABYLM_SPLITS, BABYLM_DATA_PATH, \
ModuleNotFoundError: No module named 'utils'
Traceback (most recent call last):
  File "/root/mission-impossible-language-models/data/perturb.py", line 8, in <module>
    from utils import PERTURBATIONS, BABYLM_SPLITS, BABYLM_DATA_PATH, \
ModuleNotFoundError: No module named 'utils'
Traceback (most recent call last):
  File "/root/mission-impossible-language-models/data/perturb.py", line 8, in <module>
    from utils import PERTURBATIONS, BABYLM_SPLITS, BABYLM_DATA_PATH, \
ModuleNotFoundError: No module named 'utils'
Traceback (most recent call last):
  File "/root/mission-impossible-language-models/data/perturb.py", line 8, in <module>
    from utils import PERTURBATIONS, BABYLM_SPLITS, BABYLM_DATA_PATH, \
ModuleNotFoundError: No module named 'utils'
Traceback (most recent call last):
  File "/root/mission-impossible-language-models/data/perturb.py", line 8, in <module>
    from utils import PERTURBATIONS, BABYLM_SPLITS, BABYLM_DATA_PATH, \
ModuleNotFoundError: No module named 'utils'
Traceback (most recent call last):
  File "/root/mission-impossible-language-models/data/perturb.py", line 8, in <module>
    from utils import PERTURBATIONS, BABYLM_SPLITS, BABYLM_DATA_PATH, \
ModuleNotFoundError: No module named 'utils'
Traceback (most recent call last):
  File "/root/mission-impossible-language-models/data/perturb.py", line 8, in <module>
    from utils import PERTURBATIONS, BABYLM_SPLITS, BABYLM_DATA_PATH, \
ModuleNotFoundError: No module named 'utils'
Traceback (most recent call last):
Traceback (most recent call last):
  File "/root/mission-impossible-language-models/data/perturb.py", line 8, in <module>
  File "/root/mission-impossible-language-models/data/perturb.py", line 8, in <module>
Traceback (most recent call last):
  File "/root/mission-impossible-language-models/data/perturb.py", line 8, in <module>
    from utils import PERTURBATIONS, BABYLM_SPLITS, BABYLM_DATA_PATH, \
    from utils import PERTURBATIONS, BABYLM_SPLITS, BABYLM_DATA_PATH, \
ModuleNotFoundError: No module named 'utils'
ModuleNotFoundError: No module named 'utils'
    from utils import PERTURBATIONS, BABYLM_SPLITS, BABYLM_DATA_PATH, \
ModuleNotFoundError: No module named 'utils'
Traceback (most recent call last):
  File "/root/mission-impossible-language-models/data/perturb.py", line 8, in <module>
    from utils import PERTURBATIONS, BABYLM_SPLITS, BABYLM_DATA_PATH, \
ModuleNotFoundError: No module named 'utils'
Traceback (most recent call last):
  File "/root/mission-impossible-language-models/data/perturb.py", line 8, in <module>
    from utils import PERTURBATIONS, BABYLM_SPLITS, BABYLM_DATA_PATH, \
ModuleNotFoundError: No module named 'utils'
Traceback (most recent call last):
  File "/root/mission-impossible-language-models/data/perturb.py", line 8, in <module>
    from utils import PERTURBATIONS, BABYLM_SPLITS, BABYLM_DATA_PATH, \
ModuleNotFoundError: No module named 'utils'
Traceback (most recent call last):
  File "/root/mission-impossible-language-models/data/perturb.py", line 8, in <module>
    from utils import PERTURBATIONS, BABYLM_SPLITS, BABYLM_DATA_PATH, \
ModuleNotFoundError: No module named 'utils'
Traceback (most recent call last):
  File "/root/mission-impossible-language-models/data/perturb.py", line 8, in <module>
    from utils import PERTURBATIONS, BABYLM_SPLITS, BABYLM_DATA_PATH, \
ModuleNotFoundError: No module named 'utils'
Traceback (most recent call last):
  File "/root/mission-impossible-language-models/data/perturb.py", line 8, in <module>
    from utils import PERTURBATIONS, BABYLM_SPLITS, BABYLM_DATA_PATH, \
ModuleNotFoundError: No module named 'utils'
Traceback (most recent call last):
  File "/root/mission-impossible-language-models/data/perturb.py", line 8, in <module>
    from utils import PERTURBATIONS, BABYLM_SPLITS, BABYLM_DATA_PATH, \
ModuleNotFoundError: No module named 'utils'
Traceback (most recent call last):
  File "/root/mission-impossible-language-models/data/perturb.py", line 8, in <module>
    from utils import PERTURBATIONS, BABYLM_SPLITS, BABYLM_DATA_PATH, \
ModuleNotFoundError: No module named 'utils'
Traceback (most recent call last):
  File "/root/mission-impossible-language-models/data/perturb.py", line 8, in <module>
    from utils import PERTURBATIONS, BABYLM_SPLITS, BABYLM_DATA_PATH, \
ModuleNotFoundError: No module named 'utils'
Traceback (most recent call last):
  File "/root/mission-impossible-language-models/data/perturb.py", line 8, in <module>
    from utils import PERTURBATIONS, BABYLM_SPLITS, BABYLM_DATA_PATH, \
ModuleNotFoundError: No module named 'utils'
Traceback (most recent call last):
  File "/root/mission-impossible-language-models/data/perturb.py", line 8, in <module>
    from utils import PERTURBATIONS, BABYLM_SPLITS, BABYLM_DATA_PATH, \
ModuleNotFoundError: No module named 'utils'
Traceback (most recent call last):
  File "/root/mission-impossible-language-models/data/perturb.py", line 8, in <module>
    from utils import PERTURBATIONS, BABYLM_SPLITS, BABYLM_DATA_PATH, \
ModuleNotFoundError: No module named 'utils'
Traceback (most recent call last):
  File "/root/mission-impossible-language-models/data/perturb.py", line 8, in <module>
Traceback (most recent call last):
  File "/root/mission-impossible-language-models/data/perturb.py", line 8, in <module>
    from utils import PERTURBATIONS, BABYLM_SPLITS, BABYLM_DATA_PATH, \
ModuleNotFoundError: No module named 'utils'
    from utils import PERTURBATIONS, BABYLM_SPLITS, BABYLM_DATA_PATH, \
ModuleNotFoundError: No module named 'utils'
Traceback (most recent call last):
  File "/root/mission-impossible-language-models/data/perturb.py", line 8, in <module>
    from utils import PERTURBATIONS, BABYLM_SPLITS, BABYLM_DATA_PATH, \
ModuleNotFoundError: No module named 'utils'
Traceback (most recent call last):
  File "/root/mission-impossible-language-models/data/perturb.py", line 8, in <module>
    from utils import PERTURBATIONS, BABYLM_SPLITS, BABYLM_DATA_PATH, \
ModuleNotFoundError: No module named 'utils'
Traceback (most recent call last):
  File "/root/mission-impossible-language-models/data/perturb.py", line 8, in <module>
    from utils import PERTURBATIONS, BABYLM_SPLITS, BABYLM_DATA_PATH, \
ModuleNotFoundError: No module named 'utils'
Traceback (most recent call last):
  File "/root/mission-impossible-language-models/data/perturb.py", line 8, in <module>
    from utils import PERTURBATIONS, BABYLM_SPLITS, BABYLM_DATA_PATH, \
ModuleNotFoundError: No module named 'utils'
Traceback (most recent call last):
  File "/root/mission-impossible-language-models/data/perturb.py", line 8, in <module>
    from utils import PERTURBATIONS, BABYLM_SPLITS, BABYLM_DATA_PATH, \
ModuleNotFoundError: No module named 'utils'
Traceback (most recent call last):
  File "/root/mission-impossible-language-models/data/perturb.py", line 8, in <module>
    from utils import PERTURBATIONS, BABYLM_SPLITS, BABYLM_DATA_PATH, \
ModuleNotFoundError: No module named 'utils'
Traceback (most recent call last):
  File "/root/mission-impossible-language-models/data/perturb.py", line 8, in <module>
    from utils import PERTURBATIONS, BABYLM_SPLITS, BABYLM_DATA_PATH, \
ModuleNotFoundError: No module named 'utils'
Traceback (most recent call last):
  File "/root/mission-impossible-language-models/data/perturb.py", line 8, in <module>
    from utils import PERTURBATIONS, BABYLM_SPLITS, BABYLM_DATA_PATH, \
ModuleNotFoundError: No module named 'utils'
Traceback (most recent call last):
  File "/root/mission-impossible-language-models/data/perturb.py", line 8, in <module>
    from utils import PERTURBATIONS, BABYLM_SPLITS, BABYLM_DATA_PATH, \
ModuleNotFoundError: No module named 'utils'
Traceback (most recent call last):
  File "/root/mission-impossible-language-models/data/perturb.py", line 8, in <module>
    from utils import PERTURBATIONS, BABYLM_SPLITS, BABYLM_DATA_PATH, \
ModuleNotFoundError: No module named 'utils'
Traceback (most recent call last):
  File "/root/mission-impossible-language-models/data/perturb.py", line 8, in <module>
Traceback (most recent call last):
  File "/root/mission-impossible-language-models/data/perturb.py", line 8, in <module>
    from utils import PERTURBATIONS, BABYLM_SPLITS, BABYLM_DATA_PATH, \
    from utils import PERTURBATIONS, BABYLM_SPLITS, BABYLM_DATA_PATH, \
ModuleNotFoundError: No module named 'utils'
ModuleNotFoundError: No module named 'utils'
Traceback (most recent call last):
  File "/root/mission-impossible-language-models/data/perturb.py", line 8, in <module>
    from utils import PERTURBATIONS, BABYLM_SPLITS, BABYLM_DATA_PATH, \
ModuleNotFoundError: No module named 'utils'
Traceback (most recent call last):
  File "/root/mission-impossible-language-models/data/perturb.py", line 8, in <module>
    from utils import PERTURBATIONS, BABYLM_SPLITS, BABYLM_DATA_PATH, \
ModuleNotFoundError: No module named 'utils'
Traceback (most recent call last):
  File "/root/mission-impossible-language-models/data/perturb.py", line 8, in <module>
    from utils import PERTURBATIONS, BABYLM_SPLITS, BABYLM_DATA_PATH, \
ModuleNotFoundError: No module named 'utils'
Traceback (most recent call last):
  File "/root/mission-impossible-language-models/data/perturb.py", line 8, in <module>
    from utils import PERTURBATIONS, BABYLM_SPLITS, BABYLM_DATA_PATH, \
ModuleNotFoundError: No module named 'utils'
Traceback (most recent call last):
  File "/root/mission-impossible-language-models/data/perturb.py", line 8, in <module>
Traceback (most recent call last):
  File "/root/mission-impossible-language-models/data/perturb.py", line 8, in <module>
    from utils import PERTURBATIONS, BABYLM_SPLITS, BABYLM_DATA_PATH, \
ModuleNotFoundError: No module named 'utils'
    from utils import PERTURBATIONS, BABYLM_SPLITS, BABYLM_DATA_PATH, \
ModuleNotFoundError: No module named 'utils'
Traceback (most recent call last):
  File "/root/mission-impossible-language-models/data/perturb.py", line 8, in <module>
    from utils import PERTURBATIONS, BABYLM_SPLITS, BABYLM_DATA_PATH, \
ModuleNotFoundError: No module named 'utils'
Traceback (most recent call last):
  File "/root/mission-impossible-language-models/data/perturb.py", line 8, in <module>
    from utils import PERTURBATIONS, BABYLM_SPLITS, BABYLM_DATA_PATH, \
ModuleNotFoundError: No module named 'utils'
Traceback (most recent call last):
  File "/root/mission-impossible-language-models/data/perturb.py", line 8, in <module>
    from utils import PERTURBATIONS, BABYLM_SPLITS, BABYLM_DATA_PATH, \
ModuleNotFoundError: No module named 'utils'
Traceback (most recent call last):
  File "/root/mission-impossible-language-models/data/perturb.py", line 8, in <module>
    from utils import PERTURBATIONS, BABYLM_SPLITS, BABYLM_DATA_PATH, \
ModuleNotFoundError: No module named 'utils'
Traceback (most recent call last):
  File "/root/mission-impossible-language-models/data/perturb.py", line 8, in <module>
    from utils import PERTURBATIONS, BABYLM_SPLITS, BABYLM_DATA_PATH, \
ModuleNotFoundError: No module named 'utils'
Traceback (most recent call last):
  File "/root/mission-impossible-language-models/data/perturb.py", line 8, in <module>
Traceback (most recent call last):
  File "/root/mission-impossible-language-models/data/perturb.py", line 8, in <module>
    from utils import PERTURBATIONS, BABYLM_SPLITS, BABYLM_DATA_PATH, \
ModuleNotFoundError: No module named 'utils'
    from utils import PERTURBATIONS, BABYLM_SPLITS, BABYLM_DATA_PATH, \
ModuleNotFoundError: No module named 'utils'
Traceback (most recent call last):
  File "/root/mission-impossible-language-models/data/perturb.py", line 8, in <module>
    from utils import PERTURBATIONS, BABYLM_SPLITS, BABYLM_DATA_PATH, \
ModuleNotFoundError: No module named 'utils'
Traceback (most recent call last):
  File "/root/mission-impossible-language-models/data/perturb.py", line 8, in <module>
    from utils import PERTURBATIONS, BABYLM_SPLITS, BABYLM_DATA_PATH, \
ModuleNotFoundError: No module named 'utils'
Traceback (most recent call last):
  File "/root/mission-impossible-language-models/data/perturb.py", line 8, in <module>
    from utils import PERTURBATIONS, BABYLM_SPLITS, BABYLM_DATA_PATH, \
ModuleNotFoundError: No module named 'utils'
Traceback (most recent call last):
  File "/root/mission-impossible-language-models/data/perturb.py", line 8, in <module>
    from utils import PERTURBATIONS, BABYLM_SPLITS, BABYLM_DATA_PATH, \
ModuleNotFoundError: No module named 'utils'
Traceback (most recent call last):
  File "/root/mission-impossible-language-models/data/perturb.py", line 8, in <module>
    from utils import PERTURBATIONS, BABYLM_SPLITS, BABYLM_DATA_PATH, \
ModuleNotFoundError: No module named 'utils'
Traceback (most recent call last):
  File "/root/mission-impossible-language-models/data/perturb.py", line 8, in <module>
    from utils import PERTURBATIONS, BABYLM_SPLITS, BABYLM_DATA_PATH, \
ModuleNotFoundError: No module named 'utils'
Traceback (most recent call last):
  File "/root/mission-impossible-language-models/data/perturb.py", line 8, in <module>
    from utils import PERTURBATIONS, BABYLM_SPLITS, BABYLM_DATA_PATH, \
ModuleNotFoundError: No module named 'utils'
Traceback (most recent call last):
  File "/root/mission-impossible-language-models/data/perturb.py", line 8, in <module>
    from utils import PERTURBATIONS, BABYLM_SPLITS, BABYLM_DATA_PATH, \
ModuleNotFoundError: No module named 'utils'
Traceback (most recent call last):
  File "/root/mission-impossible-language-models/data/perturb.py", line 8, in <module>
    from utils import PERTURBATIONS, BABYLM_SPLITS, BABYLM_DATA_PATH, \
ModuleNotFoundError: No module named 'utils'
Traceback (most recent call last):
  File "/root/mission-impossible-language-models/data/perturb.py", line 8, in <module>
    from utils import PERTURBATIONS, BABYLM_SPLITS, BABYLM_DATA_PATH, \
ModuleNotFoundError: No module named 'utils'
Traceback (most recent call last):
  File "/root/mission-impossible-language-models/data/perturb.py", line 8, in <module>
    from utils import PERTURBATIONS, BABYLM_SPLITS, BABYLM_DATA_PATH, \
ModuleNotFoundError: No module named 'utils'
Traceback (most recent call last):
  File "/root/mission-impossible-language-models/data/perturb.py", line 8, in <module>
    from utils import PERTURBATIONS, BABYLM_SPLITS, BABYLM_DATA_PATH, \
ModuleNotFoundError: No module named 'utils'
Traceback (most recent call last):
  File "/root/mission-impossible-language-models/data/perturb.py", line 8, in <module>
    from utils import PERTURBATIONS, BABYLM_SPLITS, BABYLM_DATA_PATH, \
ModuleNotFoundError: No module named 'utils'
Traceback (most recent call last):
  File "/root/mission-impossible-language-models/data/perturb.py", line 8, in <module>
    from utils import PERTURBATIONS, BABYLM_SPLITS, BABYLM_DATA_PATH, \
ModuleNotFoundError: No module named 'utils'
Traceback (most recent call last):
  File "/root/mission-impossible-language-models/data/perturb.py", line 8, in <module>
    from utils import PERTURBATIONS, BABYLM_SPLITS, BABYLM_DATA_PATH, \
ModuleNotFoundError: No module named 'utils'
Traceback (most recent call last):
  File "/root/mission-impossible-language-models/data/perturb.py", line 8, in <module>
Traceback (most recent call last):
  File "/root/mission-impossible-language-models/data/perturb.py", line 8, in <module>
    from utils import PERTURBATIONS, BABYLM_SPLITS, BABYLM_DATA_PATH, \
ModuleNotFoundError: No module named 'utils'
    from utils import PERTURBATIONS, BABYLM_SPLITS, BABYLM_DATA_PATH, \
ModuleNotFoundError: No module named 'utils'
Traceback (most recent call last):
  File "/root/mission-impossible-language-models/data/perturb.py", line 8, in <module>
    from utils import PERTURBATIONS, BABYLM_SPLITS, BABYLM_DATA_PATH, \
ModuleNotFoundError: No module named 'utils'
Traceback (most recent call last):
  File "/root/mission-impossible-language-models/data/perturb.py", line 8, in <module>
Traceback (most recent call last):
    from utils import PERTURBATIONS, BABYLM_SPLITS, BABYLM_DATA_PATH, \
  File "/root/mission-impossible-language-models/data/perturb.py", line 8, in <module>
ModuleNotFoundError: No module named 'utils'
    from utils import PERTURBATIONS, BABYLM_SPLITS, BABYLM_DATA_PATH, \
ModuleNotFoundError: No module named 'utils'
Traceback (most recent call last):
  File "/root/mission-impossible-language-models/data/perturb.py", line 8, in <module>
    from utils import PERTURBATIONS, BABYLM_SPLITS, BABYLM_DATA_PATH, \
ModuleNotFoundError: No module named 'utils'
Traceback (most recent call last):
  File "/root/mission-impossible-language-models/data/perturb.py", line 8, in <module>
    from utils import PERTURBATIONS, BABYLM_SPLITS, BABYLM_DATA_PATH, \
ModuleNotFoundError: No module named 'utils'
Traceback (most recent call last):
  File "/root/mission-impossible-language-models/data/perturb.py", line 8, in <module>
    from utils import PERTURBATIONS, BABYLM_SPLITS, BABYLM_DATA_PATH, \
ModuleNotFoundError: No module named 'utils'
Traceback (most recent call last):
  File "/root/mission-impossible-language-models/data/perturb.py", line 8, in <module>
    from utils import PERTURBATIONS, BABYLM_SPLITS, BABYLM_DATA_PATH, \
ModuleNotFoundError: No module named 'utils'
Traceback (most recent call last):
  File "/root/mission-impossible-language-models/data/perturb.py", line 8, in <module>
    from utils import PERTURBATIONS, BABYLM_SPLITS, BABYLM_DATA_PATH, \
ModuleNotFoundError: No module named 'utils'
Traceback (most recent call last):
  File "/root/mission-impossible-language-models/data/perturb.py", line 8, in <module>
    from utils import PERTURBATIONS, BABYLM_SPLITS, BABYLM_DATA_PATH, \
ModuleNotFoundError: No module named 'utils'
Traceback (most recent call last):
  File "/root/mission-impossible-language-models/data/perturb.py", line 8, in <module>
    from utils import PERTURBATIONS, BABYLM_SPLITS, BABYLM_DATA_PATH, \
ModuleNotFoundError: No module named 'utils'
Traceback (most recent call last):
  File "/root/mission-impossible-language-models/data/perturb.py", line 8, in <module>
    from utils import PERTURBATIONS, BABYLM_SPLITS, BABYLM_DATA_PATH, \
ModuleNotFoundError: No module named 'utils'
Traceback (most recent call last):
  File "/root/mission-impossible-language-models/data/perturb.py", line 8, in <module>
    from utils import PERTURBATIONS, BABYLM_SPLITS, BABYLM_DATA_PATH, \
ModuleNotFoundError: No module named 'utils'
Traceback (most recent call last):
  File "/root/mission-impossible-language-models/data/perturb.py", line 8, in <module>
    from utils import PERTURBATIONS, BABYLM_SPLITS, BABYLM_DATA_PATH, \
ModuleNotFoundError: No module named 'utils'
Traceback (most recent call last):
Traceback (most recent call last):
  File "/root/mission-impossible-language-models/data/perturb.py", line 8, in <module>
  File "/root/mission-impossible-language-models/data/perturb.py", line 8, in <module>
    from utils import PERTURBATIONS, BABYLM_SPLITS, BABYLM_DATA_PATH, \
    from utils import PERTURBATIONS, BABYLM_SPLITS, BABYLM_DATA_PATH, \
ModuleNotFoundError: No module named 'utils'
ModuleNotFoundError: No module named 'utils'
Traceback (most recent call last):
  File "/root/mission-impossible-language-models/data/perturb.py", line 8, in <module>
    from utils import PERTURBATIONS, BABYLM_SPLITS, BABYLM_DATA_PATH, \
ModuleNotFoundError: No module named 'utils'
Traceback (most recent call last):
  File "/root/mission-impossible-language-models/data/perturb.py", line 8, in <module>
    from utils import PERTURBATIONS, BABYLM_SPLITS, BABYLM_DATA_PATH, \
ModuleNotFoundError: No module named 'utils'
Traceback (most recent call last):
  File "/root/mission-impossible-language-models/data/perturb.py", line 8, in <module>
    from utils import PERTURBATIONS, BABYLM_SPLITS, BABYLM_DATA_PATH, \
ModuleNotFoundError: No module named 'utils'
Traceback (most recent call last):
  File "/root/mission-impossible-language-models/data/perturb.py", line 8, in <module>
    from utils import PERTURBATIONS, BABYLM_SPLITS, BABYLM_DATA_PATH, \
ModuleNotFoundError: No module named 'utils'
Traceback (most recent call last):
  File "/root/mission-impossible-language-models/data/perturb.py", line 8, in <module>
    from utils import PERTURBATIONS, BABYLM_SPLITS, BABYLM_DATA_PATH, \
ModuleNotFoundError: No module named 'utils'
Traceback (most recent call last):
  File "/root/mission-impossible-language-models/data/perturb.py", line 8, in <module>
    from utils import PERTURBATIONS, BABYLM_SPLITS, BABYLM_DATA_PATH, \
ModuleNotFoundError: No module named 'utils'
Traceback (most recent call last):
  File "/root/mission-impossible-language-models/data/perturb.py", line 8, in <module>
    from utils import PERTURBATIONS, BABYLM_SPLITS, BABYLM_DATA_PATH, \
ModuleNotFoundError: No module named 'utils'
Traceback (most recent call last):
  File "/root/mission-impossible-language-models/data/perturb.py", line 8, in <module>
    from utils import PERTURBATIONS, BABYLM_SPLITS, BABYLM_DATA_PATH, \
ModuleNotFoundError: No module named 'utils'
Traceback (most recent call last):
  File "/root/mission-impossible-language-models/data/perturb.py", line 8, in <module>
    from utils import PERTURBATIONS, BABYLM_SPLITS, BABYLM_DATA_PATH, \
ModuleNotFoundError: No module named 'utils'
Traceback (most recent call last):
  File "/root/mission-impossible-language-models/data/perturb.py", line 8, in <module>
    from utils import PERTURBATIONS, BABYLM_SPLITS, BABYLM_DATA_PATH, \
ModuleNotFoundError: No module named 'utils'
Traceback (most recent call last):
  File "/root/mission-impossible-language-models/data/perturb.py", line 8, in <module>
    from utils import PERTURBATIONS, BABYLM_SPLITS, BABYLM_DATA_PATH, \
ModuleNotFoundError: No module named 'utils'
Traceback (most recent call last):
  File "/root/mission-impossible-language-models/data/perturb.py", line 8, in <module>
    from utils import PERTURBATIONS, BABYLM_SPLITS, BABYLM_DATA_PATH, \
ModuleNotFoundError: No module named 'utils'
Traceback (most recent call last):
  File "/root/mission-impossible-language-models/data/perturb.py", line 8, in <module>
    from utils import PERTURBATIONS, BABYLM_SPLITS, BABYLM_DATA_PATH, \
ModuleNotFoundError: No module named 'utils'
Traceback (most recent call last):
  File "/root/mission-impossible-language-models/data/perturb.py", line 8, in <module>
    from utils import PERTURBATIONS, BABYLM_SPLITS, BABYLM_DATA_PATH, \
ModuleNotFoundError: No module named 'utils'
Traceback (most recent call last):
  File "/root/mission-impossible-language-models/data/perturb.py", line 8, in <module>
    from utils import PERTURBATIONS, BABYLM_SPLITS, BABYLM_DATA_PATH, \
ModuleNotFoundError: No module named 'utils'
Traceback (most recent call last):
  File "/root/mission-impossible-language-models/data/perturb.py", line 8, in <module>
    from utils import PERTURBATIONS, BABYLM_SPLITS, BABYLM_DATA_PATH, \
ModuleNotFoundError: No module named 'utils'
Traceback (most recent call last):
  File "/root/mission-impossible-language-models/data/perturb.py", line 8, in <module>
    from utils import PERTURBATIONS, BABYLM_SPLITS, BABYLM_DATA_PATH, \
ModuleNotFoundError: No module named 'utils'
Traceback (most recent call last):
  File "/root/mission-impossible-language-models/data/perturb.py", line 8, in <module>
    from utils import PERTURBATIONS, BABYLM_SPLITS, BABYLM_DATA_PATH, \
ModuleNotFoundError: No module named 'utils'
Traceback (most recent call last):
  File "/root/mission-impossible-language-models/data/perturb.py", line 8, in <module>
    from utils import PERTURBATIONS, BABYLM_SPLITS, BABYLM_DATA_PATH, \
ModuleNotFoundError: No module named 'utils'
Traceback (most recent call last):
  File "/root/mission-impossible-language-models/data/perturb.py", line 8, in <module>
    from utils import PERTURBATIONS, BABYLM_SPLITS, BABYLM_DATA_PATH, \
ModuleNotFoundError: No module named 'utils'
Traceback (most recent call last):
  File "/root/mission-impossible-language-models/data/perturb.py", line 8, in <module>
    from utils import PERTURBATIONS, BABYLM_SPLITS, BABYLM_DATA_PATH, \
ModuleNotFoundError: No module named 'utils'
Traceback (most recent call last):
  File "/root/mission-impossible-language-models/data/perturb.py", line 8, in <module>
    from utils import PERTURBATIONS, BABYLM_SPLITS, BABYLM_DATA_PATH, \
ModuleNotFoundError: No module named 'utils'
Traceback (most recent call last):
  File "/root/mission-impossible-language-models/data/perturb.py", line 8, in <module>
    from utils import PERTURBATIONS, BABYLM_SPLITS, BABYLM_DATA_PATH, \
ModuleNotFoundError: No module named 'utils'
Traceback (most recent call last):
  File "/root/mission-impossible-language-models/data/perturb.py", line 8, in <module>
    from utils import PERTURBATIONS, BABYLM_SPLITS, BABYLM_DATA_PATH, \
ModuleNotFoundError: No module named 'utils'
Traceback (most recent call last):
  File "/root/mission-impossible-language-models/data/perturb.py", line 8, in <module>
    from utils import PERTURBATIONS, BABYLM_SPLITS, BABYLM_DATA_PATH, \
ModuleNotFoundError: No module named 'utils'
Traceback (most recent call last):
  File "/root/mission-impossible-language-models/data/perturb.py", line 8, in <module>
    from utils import PERTURBATIONS, BABYLM_SPLITS, BABYLM_DATA_PATH, \
ModuleNotFoundError: No module named 'utils'
Traceback (most recent call last):
  File "/root/mission-impossible-language-models/data/perturb.py", line 8, in <module>
    from utils import PERTURBATIONS, BABYLM_SPLITS, BABYLM_DATA_PATH, \
ModuleNotFoundError: No module named 'utils'
Traceback (most recent call last):
  File "/root/mission-impossible-language-models/data/perturb.py", line 8, in <module>
    from utils import PERTURBATIONS, BABYLM_SPLITS, BABYLM_DATA_PATH, \
ModuleNotFoundError: No module named 'utils'
Traceback (most recent call last):
  File "/root/mission-impossible-language-models/data/perturb.py", line 8, in <module>
    from utils import PERTURBATIONS, BABYLM_SPLITS, BABYLM_DATA_PATH, \
ModuleNotFoundError: No module named 'utils'
Traceback (most recent call last):
  File "/root/mission-impossible-language-models/data/perturb.py", line 8, in <module>
    from utils import PERTURBATIONS, BABYLM_SPLITS, BABYLM_DATA_PATH, \
ModuleNotFoundError: No module named 'utils'
Traceback (most recent call last):
  File "/root/mission-impossible-language-models/data/perturb.py", line 8, in <module>
    from utils import PERTURBATIONS, BABYLM_SPLITS, BABYLM_DATA_PATH, \
ModuleNotFoundError: No module named 'utils'
Traceback (most recent call last):
  File "/root/mission-impossible-language-models/data/perturb.py", line 8, in <module>
    from utils import PERTURBATIONS, BABYLM_SPLITS, BABYLM_DATA_PATH, \
ModuleNotFoundError: No module named 'utils'
Traceback (most recent call last):
  File "/root/mission-impossible-language-models/data/perturb.py", line 8, in <module>
    from utils import PERTURBATIONS, BABYLM_SPLITS, BABYLM_DATA_PATH, \
ModuleNotFoundError: No module named 'utils'
Traceback (most recent call last):
  File "/root/mission-impossible-language-models/data/perturb.py", line 8, in <module>
    from utils import PERTURBATIONS, BABYLM_SPLITS, BABYLM_DATA_PATH, \
ModuleNotFoundError: No module named 'utils'
Traceback (most recent call last):
  File "/root/mission-impossible-language-models/data/perturb.py", line 8, in <module>
    from utils import PERTURBATIONS, BABYLM_SPLITS, BABYLM_DATA_PATH, \
ModuleNotFoundError: No module named 'utils'
Traceback (most recent call last):
  File "/root/mission-impossible-language-models/data/perturb.py", line 8, in <module>
    from utils import PERTURBATIONS, BABYLM_SPLITS, BABYLM_DATA_PATH, \
ModuleNotFoundError: No module named 'utils'
Traceback (most recent call last):
  File "/root/mission-impossible-language-models/data/perturb.py", line 8, in <module>
    from utils import PERTURBATIONS, BABYLM_SPLITS, BABYLM_DATA_PATH, \
ModuleNotFoundError: No module named 'utils'
Traceback (most recent call last):
  File "/root/mission-impossible-language-models/data/perturb.py", line 8, in <module>
    from utils import PERTURBATIONS, BABYLM_SPLITS, BABYLM_DATA_PATH, \
ModuleNotFoundError: No module named 'utils'
Traceback (most recent call last):
  File "/root/mission-impossible-language-models/data/perturb.py", line 8, in <module>
    from utils import PERTURBATIONS, BABYLM_SPLITS, BABYLM_DATA_PATH, \
ModuleNotFoundError: No module named 'utils'
Traceback (most recent call last):
  File "/root/mission-impossible-language-models/data/perturb.py", line 8, in <module>
    from utils import PERTURBATIONS, BABYLM_SPLITS, BABYLM_DATA_PATH, \
ModuleNotFoundError: No module named 'utils'
Traceback (most recent call last):
Traceback (most recent call last):
  File "/root/mission-impossible-language-models/data/perturb.py", line 8, in <module>
  File "/root/mission-impossible-language-models/data/perturb.py", line 8, in <module>
    from utils import PERTURBATIONS, BABYLM_SPLITS, BABYLM_DATA_PATH, \
ModuleNotFoundError: No module named 'utils'
    from utils import PERTURBATIONS, BABYLM_SPLITS, BABYLM_DATA_PATH, \
ModuleNotFoundError: No module named 'utils'
Traceback (most recent call last):
  File "/root/mission-impossible-language-models/data/perturb.py", line 8, in <module>
    from utils import PERTURBATIONS, BABYLM_SPLITS, BABYLM_DATA_PATH, \
ModuleNotFoundError: No module named 'utils'
Traceback (most recent call last):
Traceback (most recent call last):
  File "/root/mission-impossible-language-models/data/perturb.py", line 8, in <module>
  File "/root/mission-impossible-language-models/data/perturb.py", line 8, in <module>
    from utils import PERTURBATIONS, BABYLM_SPLITS, BABYLM_DATA_PATH, \
Traceback (most recent call last):
    from utils import PERTURBATIONS, BABYLM_SPLITS, BABYLM_DATA_PATH, \
  File "/root/mission-impossible-language-models/data/perturb.py", line 8, in <module>
ModuleNotFoundError: No module named 'utils'
ModuleNotFoundError: No module named 'utils'
    from utils import PERTURBATIONS, BABYLM_SPLITS, BABYLM_DATA_PATH, \
ModuleNotFoundError: No module named 'utils'
Traceback (most recent call last):
  File "/root/mission-impossible-language-models/data/perturb.py", line 8, in <module>
    from utils import PERTURBATIONS, BABYLM_SPLITS, BABYLM_DATA_PATH, \
ModuleNotFoundError: No module named 'utils'
Traceback (most recent call last):
  File "/root/mission-impossible-language-models/data/perturb.py", line 8, in <module>
    from utils import PERTURBATIONS, BABYLM_SPLITS, BABYLM_DATA_PATH, \
ModuleNotFoundError: No module named 'utils'
Traceback (most recent call last):
  File "/root/mission-impossible-language-models/data/perturb.py", line 8, in <module>
    from utils import PERTURBATIONS, BABYLM_SPLITS, BABYLM_DATA_PATH, \
ModuleNotFoundError: No module named 'utils'
Traceback (most recent call last):
  File "/root/mission-impossible-language-models/data/perturb.py", line 8, in <module>
    from utils import PERTURBATIONS, BABYLM_SPLITS, BABYLM_DATA_PATH, \
ModuleNotFoundError: No module named 'utils'
Traceback (most recent call last):
  File "/root/mission-impossible-language-models/data/perturb.py", line 8, in <module>
    from utils import PERTURBATIONS, BABYLM_SPLITS, BABYLM_DATA_PATH, \
ModuleNotFoundError: No module named 'utils'
Traceback (most recent call last):
  File "/root/mission-impossible-language-models/data/perturb.py", line 8, in <module>
    from utils import PERTURBATIONS, BABYLM_SPLITS, BABYLM_DATA_PATH, \
ModuleNotFoundError: No module named 'utils'
Traceback (most recent call last):
  File "/root/mission-impossible-language-models/data/perturb.py", line 8, in <module>
    from utils import PERTURBATIONS, BABYLM_SPLITS, BABYLM_DATA_PATH, \
ModuleNotFoundError: No module named 'utils'
Traceback (most recent call last):
  File "/root/mission-impossible-language-models/data/perturb.py", line 8, in <module>
    from utils import PERTURBATIONS, BABYLM_SPLITS, BABYLM_DATA_PATH, \
ModuleNotFoundError: No module named 'utils'
Traceback (most recent call last):
  File "/root/mission-impossible-language-models/data/perturb.py", line 8, in <module>
    from utils import PERTURBATIONS, BABYLM_SPLITS, BABYLM_DATA_PATH, \
ModuleNotFoundError: No module named 'utils'
Traceback (most recent call last):
  File "/root/mission-impossible-language-models/data/perturb.py", line 8, in <module>
    from utils import PERTURBATIONS, BABYLM_SPLITS, BABYLM_DATA_PATH, \
ModuleNotFoundError: No module named 'utils'
Traceback (most recent call last):
  File "/root/mission-impossible-language-models/data/perturb.py", line 8, in <module>
    from utils import PERTURBATIONS, BABYLM_SPLITS, BABYLM_DATA_PATH, \
ModuleNotFoundError: No module named 'utils'
Traceback (most recent call last):
  File "/root/mission-impossible-language-models/data/perturb.py", line 8, in <module>
    from utils import PERTURBATIONS, BABYLM_SPLITS, BABYLM_DATA_PATH, \
ModuleNotFoundError: No module named 'utils'
Traceback (most recent call last):
  File "/root/mission-impossible-language-models/data/perturb.py", line 8, in <module>
    from utils import PERTURBATIONS, BABYLM_SPLITS, BABYLM_DATA_PATH, \
ModuleNotFoundError: No module named 'utils'
Traceback (most recent call last):
  File "/root/mission-impossible-language-models/data/perturb.py", line 8, in <module>
    from utils import PERTURBATIONS, BABYLM_SPLITS, BABYLM_DATA_PATH, \
ModuleNotFoundError: No module named 'utils'
Traceback (most recent call last):
  File "/root/mission-impossible-language-models/data/perturb.py", line 8, in <module>
    from utils import PERTURBATIONS, BABYLM_SPLITS, BABYLM_DATA_PATH, \
ModuleNotFoundError: No module named 'utils'
Traceback (most recent call last):
  File "/root/mission-impossible-language-models/data/perturb.py", line 8, in <module>
    from utils import PERTURBATIONS, BABYLM_SPLITS, BABYLM_DATA_PATH, \
ModuleNotFoundError: No module named 'utils'
Traceback (most recent call last):
  File "/root/mission-impossible-language-models/data/perturb.py", line 8, in <module>
    from utils import PERTURBATIONS, BABYLM_SPLITS, BABYLM_DATA_PATH, \
ModuleNotFoundError: No module named 'utils'
Traceback (most recent call last):
  File "/root/mission-impossible-language-models/data/perturb.py", line 8, in <module>
    from utils import PERTURBATIONS, BABYLM_SPLITS, BABYLM_DATA_PATH, \
ModuleNotFoundError: No module named 'utils'
Traceback (most recent call last):
  File "/root/mission-impossible-language-models/data/perturb.py", line 8, in <module>
    from utils import PERTURBATIONS, BABYLM_SPLITS, BABYLM_DATA_PATH, \
ModuleNotFoundError: No module named 'utils'
Traceback (most recent call last):
  File "/root/mission-impossible-language-models/data/perturb.py", line 8, in <module>
    from utils import PERTURBATIONS, BABYLM_SPLITS, BABYLM_DATA_PATH, \
ModuleNotFoundError: No module named 'utils'
Traceback (most recent call last):
  File "/root/mission-impossible-language-models/data/perturb.py", line 8, in <module>
    from utils import PERTURBATIONS, BABYLM_SPLITS, BABYLM_DATA_PATH, \
ModuleNotFoundError: No module named 'utils'
Traceback (most recent call last):
  File "/root/mission-impossible-language-models/data/perturb.py", line 8, in <module>
    from utils import PERTURBATIONS, BABYLM_SPLITS, BABYLM_DATA_PATH, \
ModuleNotFoundError: No module named 'utils'
Traceback (most recent call last):
  File "/root/mission-impossible-language-models/data/perturb.py", line 8, in <module>
    from utils import PERTURBATIONS, BABYLM_SPLITS, BABYLM_DATA_PATH, \
ModuleNotFoundError: No module named 'utils'
Traceback (most recent call last):
  File "/root/mission-impossible-language-models/data/perturb.py", line 8, in <module>
    from utils import PERTURBATIONS, BABYLM_SPLITS, BABYLM_DATA_PATH, \
ModuleNotFoundError: No module named 'utils'
/root/kallini_data/babylm_data/babylm_100M/aochildes_parsed.json
  0%|          | 0/31 [00:00<?, ?it/s]/root/kallini_data/babylm_data/babylm_100M/aochildes_parsed.json
  0%|          | 0/31 [00:00<?, ?it/s]/root/kallini_data/babylm_data/babylm_100M/aochildes_parsed.json
  0%|          | 0/31 [00:00<?, ?it/s]  3%|▎         | 1/31 [00:02<01:09,  2.30s/it]  3%|▎         | 1/31 [00:02<01:10,  2.35s/it]  3%|▎         | 1/31 [00:03<01:53,  3.78s/it]  6%|▋         | 2/31 [00:04<01:07,  2.31s/it]  6%|▋         | 2/31 [00:04<01:07,  2.33s/it] 10%|▉         | 3/31 [00:06<01:03,  2.29s/it] 10%|▉         | 3/31 [00:06<01:04,  2.29s/it]  6%|▋         | 2/31 [00:07<01:48,  3.75s/it] 13%|█▎        | 4/31 [00:09<01:02,  2.30s/it] 13%|█▎        | 4/31 [00:09<01:03,  2.34s/it] 10%|▉         | 3/31 [00:11<01:42,  3.66s/it] 16%|█▌        | 5/31 [00:11<00:59,  2.30s/it] 16%|█▌        | 5/31 [00:11<01:01,  2.35s/it] 19%|█▉        | 6/31 [00:13<00:58,  2.33s/it] 19%|█▉        | 6/31 [00:14<00:59,  2.37s/it] 13%|█▎        | 4/31 [00:14<01:39,  3.69s/it] 23%|██▎       | 7/31 [00:16<00:55,  2.32s/it] 23%|██▎       | 7/31 [00:16<00:57,  2.41s/it] 26%|██▌       | 8/31 [00:18<00:52,  2.29s/it] 16%|█▌        | 5/31 [00:18<01:36,  3.70s/it] 26%|██▌       | 8/31 [00:18<00:54,  2.38s/it] 29%|██▉       | 9/31 [00:20<00:50,  2.28s/it] 29%|██▉       | 9/31 [00:21<00:52,  2.37s/it] 19%|█▉        | 6/31 [00:22<01:32,  3.70s/it] 32%|███▏      | 10/31 [00:23<00:48,  2.31s/it] 32%|███▏      | 10/31 [00:23<00:50,  2.40s/it] 35%|███▌      | 11/31 [00:25<00:46,  2.32s/it] 23%|██▎       | 7/31 [00:25<01:29,  3.72s/it] 35%|███▌      | 11/31 [00:26<00:48,  2.43s/it] 39%|███▊      | 12/31 [00:27<00:44,  2.33s/it] 39%|███▊      | 12/31 [00:28<00:46,  2.43s/it] 26%|██▌       | 8/31 [00:29<01:25,  3.70s/it] 42%|████▏     | 13/31 [00:30<00:42,  2.35s/it] 42%|████▏     | 13/31 [00:31<00:44,  2.47s/it] 45%|████▌     | 14/31 [00:32<00:40,  2.36s/it] 29%|██▉       | 9/31 [00:33<01:21,  3.68s/it] 45%|████▌     | 14/31 [00:33<00:41,  2.47s/it] 48%|████▊     | 15/31 [00:34<00:37,  2.36s/it] 48%|████▊     | 15/31 [00:36<00:39,  2.47s/it] 32%|███▏      | 10/31 [00:37<01:17,  3.71s/it] 52%|█████▏    | 16/31 [00:37<00:35,  2.35s/it] 52%|█████▏    | 16/31 [00:38<00:36,  2.45s/it] 55%|█████▍    | 17/31 [00:39<00:33,  2.37s/it] 35%|███▌      | 11/31 [00:40<01:14,  3.74s/it] 55%|█████▍    | 17/31 [00:41<00:34,  2.47s/it] 58%|█████▊    | 18/31 [00:41<00:30,  2.36s/it] 58%|█████▊    | 18/31 [00:43<00:31,  2.46s/it] 61%|██████▏   | 19/31 [00:44<00:28,  2.37s/it] 39%|███▊      | 12/31 [00:44<01:11,  3.77s/it] 61%|██████▏   | 19/31 [00:45<00:29,  2.47s/it] 65%|██████▍   | 20/31 [00:46<00:26,  2.40s/it] 65%|██████▍   | 20/31 [00:48<00:27,  2.47s/it] 42%|████▏     | 13/31 [00:48<01:08,  3.78s/it] 68%|██████▊   | 21/31 [00:49<00:24,  2.41s/it] 68%|██████▊   | 21/31 [00:50<00:24,  2.48s/it] 71%|███████   | 22/31 [00:51<00:21,  2.41s/it] 45%|████▌     | 14/31 [00:52<01:04,  3.79s/it] 71%|███████   | 22/31 [00:53<00:22,  2.51s/it] 74%|███████▍  | 23/31 [00:54<00:19,  2.44s/it] 74%|███████▍  | 23/31 [00:56<00:20,  2.51s/it] 48%|████▊     | 15/31 [00:56<01:01,  3.85s/it] 77%|███████▋  | 24/31 [00:56<00:17,  2.45s/it] 77%|███████▋  | 24/31 [00:58<00:17,  2.50s/it] 81%|████████  | 25/31 [00:59<00:14,  2.43s/it] 52%|█████▏    | 16/31 [01:00<00:57,  3.84s/it] 81%|████████  | 25/31 [01:00<00:14,  2.48s/it] 84%|████████▍ | 26/31 [01:01<00:12,  2.43s/it] 84%|████████▍ | 26/31 [01:03<00:12,  2.51s/it] 87%|████████▋ | 27/31 [01:03<00:09,  2.43s/it] 55%|█████▍    | 17/31 [01:03<00:53,  3.85s/it] 87%|████████▋ | 27/31 [01:05<00:09,  2.48s/it] 90%|█████████ | 28/31 [01:06<00:07,  2.46s/it] 58%|█████▊    | 18/31 [01:07<00:49,  3.82s/it] 90%|█████████ | 28/31 [01:08<00:07,  2.50s/it] 94%|█████████▎| 29/31 [01:09<00:04,  2.50s/it] 94%|█████████▎| 29/31 [01:11<00:05,  2.52s/it] 61%|██████▏   | 19/31 [01:11<00:45,  3.83s/it] 97%|█████████▋| 30/31 [01:11<00:02,  2.52s/it]100%|██████████| 31/31 [01:12<00:00,  2.18s/it]100%|██████████| 31/31 [01:12<00:00,  2.35s/it]
 97%|█████████▋| 30/31 [01:13<00:02,  2.55s/it]100%|██████████| 31/31 [01:15<00:00,  2.23s/it]100%|██████████| 31/31 [01:15<00:00,  2.43s/it]
 65%|██████▍   | 20/31 [01:15<00:42,  3.85s/it]/root/kallini_data/babylm_data/babylm_100M/bnc_spoken_parsed.json
  0%|          | 0/170 [00:00<?, ?it/s]  1%|          | 1/170 [00:00<01:38,  1.71it/s]  1%|          | 2/170 [00:01<01:31,  1.84it/s]  2%|▏         | 3/170 [00:01<01:25,  1.96it/s]/root/kallini_data/babylm_data/babylm_100M/bnc_spoken_parsed.json
  0%|          | 0/170 [00:00<?, ?it/s]  2%|▏         | 4/170 [00:02<01:21,  2.04it/s]Token indices sequence length is longer than the specified maximum sequence length for this model (1111 > 1024). Running this sequence through the model will result in indexing errors
  3%|▎         | 5/170 [00:02<01:13,  2.25it/s]  1%|          | 1/170 [00:00<01:43,  1.63it/s]  4%|▎         | 6/170 [00:02<01:15,  2.18it/s]  1%|          | 2/170 [00:01<01:38,  1.71it/s] 68%|██████▊   | 21/31 [01:19<00:38,  3.89s/it]  2%|▏         | 3/170 [00:01<01:32,  1.80it/s]  4%|▍         | 7/170 [00:03<01:29,  1.83it/s]  2%|▏         | 4/170 [00:02<01:26,  1.92it/s]  5%|▍         | 8/170 [00:04<01:32,  1.75it/s]Token indices sequence length is longer than the specified maximum sequence length for this model (1111 > 1024). Running this sequence through the model will result in indexing errors
  3%|▎         | 5/170 [00:02<01:20,  2.05it/s]  5%|▌         | 9/170 [00:04<01:26,  1.87it/s]  4%|▎         | 6/170 [00:03<01:21,  2.00it/s]  6%|▌         | 10/170 [00:05<01:26,  1.86it/s]  4%|▍         | 7/170 [00:03<01:30,  1.81it/s]  6%|▋         | 11/170 [00:05<01:28,  1.80it/s]  5%|▍         | 8/170 [00:04<01:32,  1.76it/s]  7%|▋         | 12/170 [00:06<01:33,  1.69it/s]  5%|▌         | 9/170 [00:04<01:26,  1.86it/s]  8%|▊         | 13/170 [00:07<01:29,  1.75it/s] 71%|███████   | 22/31 [01:23<00:35,  3.92s/it]  6%|▌         | 10/170 [00:05<01:26,  1.84it/s]  6%|▋         | 11/170 [00:06<01:29,  1.79it/s]  8%|▊         | 14/170 [00:07<01:47,  1.46it/s]  7%|▋         | 12/170 [00:06<01:32,  1.70it/s]  8%|▊         | 13/170 [00:07<01:28,  1.77it/s]  9%|▉         | 15/170 [00:09<02:04,  1.25it/s]  9%|▉         | 16/170 [00:09<01:53,  1.35it/s]  8%|▊         | 14/170 [00:08<01:46,  1.46it/s] 10%|█         | 17/170 [00:10<01:46,  1.43it/s] 11%|█         | 18/170 [00:10<01:39,  1.53it/s]  9%|▉         | 15/170 [00:09<02:07,  1.21it/s] 74%|███████▍  | 23/31 [01:27<00:31,  3.94s/it] 11%|█         | 19/170 [00:11<01:30,  1.66it/s]  9%|▉         | 16/170 [00:09<01:54,  1.35it/s] 12%|█▏        | 20/170 [00:11<01:28,  1.69it/s] 10%|█         | 17/170 [00:10<01:45,  1.44it/s] 12%|█▏        | 21/170 [00:12<01:22,  1.81it/s] 11%|█         | 18/170 [00:10<01:37,  1.56it/s] 13%|█▎        | 22/170 [00:12<01:22,  1.79it/s] 11%|█         | 19/170 [00:11<01:30,  1.66it/s] 14%|█▎        | 23/170 [00:13<01:20,  1.83it/s] 12%|█▏        | 20/170 [00:11<01:27,  1.71it/s] 14%|█▍        | 24/170 [00:13<01:18,  1.87it/s] 12%|█▏        | 21/170 [00:12<01:20,  1.85it/s] 15%|█▍        | 25/170 [00:14<01:18,  1.84it/s] 13%|█▎        | 22/170 [00:12<01:21,  1.83it/s] 77%|███████▋  | 24/31 [01:31<00:27,  3.94s/it] 14%|█▎        | 23/170 [00:13<01:18,  1.87it/s] 15%|█▌        | 26/170 [00:15<01:36,  1.49it/s] 14%|█▍        | 24/170 [00:13<01:15,  1.94it/s] 16%|█▌        | 27/170 [00:15<01:27,  1.64it/s] 16%|█▋        | 28/170 [00:16<01:20,  1.77it/s] 15%|█▍        | 25/170 [00:14<01:16,  1.90it/s] 17%|█▋        | 29/170 [00:17<01:33,  1.50it/s] 15%|█▌        | 26/170 [00:15<01:32,  1.55it/s] 16%|█▌        | 27/170 [00:15<01:24,  1.69it/s] 18%|█▊        | 30/170 [00:18<01:39,  1.41it/s] 16%|█▋        | 28/170 [00:16<01:17,  1.84it/s] 18%|█▊        | 31/170 [00:18<01:32,  1.51it/s] 17%|█▋        | 29/170 [00:17<01:30,  1.56it/s] 81%|████████  | 25/31 [01:35<00:23,  3.94s/it] 19%|█▉        | 32/170 [00:19<01:37,  1.41it/s] 18%|█▊        | 30/170 [00:17<01:35,  1.47it/s] 19%|█▉        | 33/170 [00:20<01:41,  1.35it/s] 18%|█▊        | 31/170 [00:18<01:28,  1.57it/s] 20%|██        | 34/170 [00:21<01:41,  1.34it/s] 19%|█▉        | 32/170 [00:19<01:34,  1.47it/s] 21%|██        | 35/170 [00:21<01:38,  1.36it/s] 19%|█▉        | 33/170 [00:20<01:37,  1.40it/s] 21%|██        | 36/170 [00:22<01:38,  1.36it/s] 20%|██        | 34/170 [00:20<01:38,  1.38it/s] 84%|████████▍ | 26/31 [01:39<00:19,  3.94s/it] 22%|██▏       | 37/170 [00:23<01:38,  1.35it/s] 21%|██        | 35/170 [00:21<01:36,  1.40it/s] 22%|██▏       | 38/170 [00:23<01:36,  1.37it/s] 21%|██        | 36/170 [00:22<01:37,  1.37it/s] 23%|██▎       | 39/170 [00:24<01:41,  1.29it/s] 22%|██▏       | 37/170 [00:23<01:37,  1.37it/s] 24%|██▎       | 40/170 [00:25<01:31,  1.42it/s] 22%|██▏       | 38/170 [00:23<01:35,  1.39it/s] 24%|██▍       | 41/170 [00:25<01:26,  1.50it/s] 25%|██▍       | 42/170 [00:26<01:13,  1.75it/s] 23%|██▎       | 39/170 [00:24<01:39,  1.32it/s] 25%|██▌       | 43/170 [00:26<01:09,  1.82it/s] 87%|████████▋ | 27/31 [01:43<00:15,  3.93s/it] 24%|██▎       | 40/170 [00:25<01:30,  1.44it/s] 26%|██▌       | 44/170 [00:27<01:13,  1.72it/s] 24%|██▍       | 41/170 [00:25<01:25,  1.51it/s] 25%|██▍       | 42/170 [00:26<01:14,  1.73it/s] 26%|██▋       | 45/170 [00:27<01:10,  1.78it/s] 25%|██▌       | 43/170 [00:26<01:09,  1.83it/s] 27%|██▋       | 46/170 [00:28<01:15,  1.64it/s] 26%|██▌       | 44/170 [00:27<01:15,  1.68it/s] 28%|██▊       | 47/170 [00:29<01:13,  1.68it/s] 26%|██▋       | 45/170 [00:27<01:12,  1.71it/s] 28%|██▊       | 48/170 [00:29<01:10,  1.72it/s] 29%|██▉       | 49/170 [00:30<01:10,  1.72it/s] 27%|██▋       | 46/170 [00:28<01:17,  1.61it/s] 90%|█████████ | 28/31 [01:47<00:11,  3.93s/it] 28%|██▊       | 47/170 [00:29<01:14,  1.64it/s] 29%|██▉       | 50/170 [00:31<01:20,  1.49it/s] 28%|██▊       | 48/170 [00:29<01:12,  1.67it/s] 30%|███       | 51/170 [00:31<01:18,  1.53it/s] 29%|██▉       | 49/170 [00:30<01:13,  1.65it/s] 31%|███       | 52/170 [00:32<01:26,  1.37it/s] 29%|██▉       | 50/170 [00:31<01:23,  1.43it/s] 31%|███       | 53/170 [00:33<01:19,  1.47it/s] 30%|███       | 51/170 [00:31<01:21,  1.45it/s] 32%|███▏      | 54/170 [00:33<01:12,  1.60it/s] 32%|███▏      | 55/170 [00:34<01:09,  1.65it/s] 31%|███       | 52/170 [00:32<01:31,  1.29it/s] 94%|█████████▎| 29/31 [01:51<00:07,  3.94s/it] 33%|███▎      | 56/170 [00:35<01:12,  1.58it/s] 31%|███       | 53/170 [00:33<01:25,  1.36it/s] 34%|███▎      | 57/170 [00:35<01:14,  1.51it/s] 32%|███▏      | 54/170 [00:34<01:17,  1.49it/s] 34%|███▍      | 58/170 [00:36<01:10,  1.59it/s] 32%|███▏      | 55/170 [00:34<01:14,  1.55it/s] 35%|███▍      | 59/170 [00:36<01:09,  1.59it/s] 33%|███▎      | 56/170 [00:35<01:15,  1.51it/s] 35%|███▌      | 60/170 [00:37<01:07,  1.64it/s] 34%|███▎      | 57/170 [00:36<01:17,  1.46it/s] 36%|███▌      | 61/170 [00:38<01:05,  1.67it/s] 34%|███▍      | 58/170 [00:36<01:12,  1.54it/s] 36%|███▋      | 62/170 [00:38<01:00,  1.79it/s] 97%|█████████▋| 30/31 [01:54<00:03,  3.93s/it] 35%|███▍      | 59/170 [00:37<01:08,  1.62it/s] 37%|███▋      | 63/170 [00:39<00:56,  1.89it/s] 38%|███▊      | 64/170 [00:39<00:54,  1.94it/s] 35%|███▌      | 60/170 [00:37<01:07,  1.64it/s] 36%|███▌      | 61/170 [00:38<01:05,  1.66it/s] 38%|███▊      | 65/170 [00:40<01:08,  1.53it/s] 36%|███▋      | 62/170 [00:38<01:01,  1.76it/s]100%|██████████| 31/31 [01:57<00:00,  3.42s/it]100%|██████████| 31/31 [01:57<00:00,  3.78s/it]
 39%|███▉      | 66/170 [00:41<01:03,  1.63it/s] 37%|███▋      | 63/170 [00:39<00:58,  1.84it/s] 39%|███▉      | 67/170 [00:41<00:59,  1.74it/s] 38%|███▊      | 64/170 [00:39<00:56,  1.89it/s] 40%|████      | 68/170 [00:42<01:00,  1.68it/s] 41%|████      | 69/170 [00:42<00:54,  1.84it/s] 38%|███▊      | 65/170 [00:40<01:10,  1.49it/s] 41%|████      | 70/170 [00:42<00:47,  2.09it/s] 39%|███▉      | 66/170 [00:41<01:05,  1.58it/s] 42%|████▏     | 71/170 [00:43<00:49,  2.00it/s] 39%|███▉      | 67/170 [00:41<01:02,  1.65it/s]/root/kallini_data/babylm_data/babylm_100M/bnc_spoken_parsed.json
  0%|          | 0/170 [00:00<?, ?it/s] 42%|████▏     | 72/170 [00:43<00:49,  1.97it/s] 40%|████      | 68/170 [00:42<01:03,  1.60it/s] 43%|████▎     | 73/170 [00:44<00:53,  1.81it/s]  1%|          | 1/170 [00:00<02:27,  1.15it/s] 41%|████      | 69/170 [00:43<00:57,  1.75it/s] 44%|████▎     | 74/170 [00:45<00:51,  1.88it/s] 41%|████      | 70/170 [00:43<00:50,  2.00it/s]  1%|          | 2/170 [00:01<02:24,  1.17it/s] 42%|████▏     | 71/170 [00:43<00:50,  1.95it/s] 44%|████▍     | 75/170 [00:45<00:59,  1.60it/s] 42%|████▏     | 72/170 [00:44<00:50,  1.95it/s]  2%|▏         | 3/170 [00:02<02:13,  1.25it/s] 45%|████▍     | 76/170 [00:46<00:56,  1.66it/s] 43%|████▎     | 73/170 [00:45<00:53,  1.81it/s] 45%|████▌     | 77/170 [00:47<00:53,  1.72it/s]  2%|▏         | 4/170 [00:03<02:08,  1.29it/s] 44%|████▎     | 74/170 [00:45<00:51,  1.85it/s]Token indices sequence length is longer than the specified maximum sequence length for this model (1111 > 1024). Running this sequence through the model will result in indexing errors
  3%|▎         | 5/170 [00:03<01:49,  1.51it/s] 46%|████▌     | 78/170 [00:47<00:54,  1.68it/s] 46%|████▋     | 79/170 [00:48<00:51,  1.78it/s] 44%|████▍     | 75/170 [00:46<00:57,  1.65it/s]  4%|▎         | 6/170 [00:04<01:56,  1.41it/s] 47%|████▋     | 80/170 [00:48<00:49,  1.83it/s] 45%|████▍     | 76/170 [00:46<00:55,  1.69it/s] 48%|████▊     | 81/170 [00:49<00:48,  1.84it/s] 45%|████▌     | 77/170 [00:47<00:53,  1.73it/s]  4%|▍         | 7/170 [00:05<02:09,  1.26it/s] 48%|████▊     | 82/170 [00:49<00:48,  1.80it/s] 46%|████▌     | 78/170 [00:48<00:54,  1.68it/s]  5%|▍         | 8/170 [00:06<02:12,  1.23it/s] 49%|████▉     | 83/170 [00:50<00:46,  1.87it/s] 46%|████▋     | 79/170 [00:48<00:51,  1.77it/s] 49%|████▉     | 84/170 [00:50<00:42,  2.02it/s] 47%|████▋     | 80/170 [00:49<00:50,  1.79it/s]  5%|▌         | 9/170 [00:07<02:08,  1.25it/s] 50%|█████     | 85/170 [00:51<00:39,  2.14it/s] 48%|████▊     | 81/170 [00:49<00:49,  1.80it/s] 51%|█████     | 86/170 [00:51<00:46,  1.81it/s]  6%|▌         | 10/170 [00:07<02:11,  1.22it/s] 48%|████▊     | 82/170 [00:50<00:49,  1.77it/s] 51%|█████     | 87/170 [00:52<00:47,  1.75it/s] 49%|████▉     | 83/170 [00:50<00:47,  1.84it/s]  6%|▋         | 11/170 [00:08<02:15,  1.18it/s] 49%|████▉     | 84/170 [00:51<00:43,  1.98it/s] 52%|█████▏    | 88/170 [00:53<00:52,  1.56it/s] 50%|█████     | 85/170 [00:51<00:40,  2.07it/s]  7%|▋         | 12/170 [00:09<02:17,  1.15it/s] 52%|█████▏    | 89/170 [00:53<00:52,  1.53it/s] 51%|█████     | 86/170 [00:52<00:49,  1.70it/s]  8%|▊         | 13/170 [00:10<02:12,  1.19it/s] 53%|█████▎    | 90/170 [00:54<00:53,  1.50it/s] 51%|█████     | 87/170 [00:53<00:50,  1.65it/s] 54%|█████▎    | 91/170 [00:55<00:48,  1.63it/s] 52%|█████▏    | 88/170 [00:53<00:55,  1.48it/s]  8%|▊         | 14/170 [00:11<02:30,  1.04it/s] 54%|█████▍    | 92/170 [00:55<00:49,  1.56it/s] 52%|█████▏    | 89/170 [00:54<00:55,  1.47it/s] 55%|█████▍    | 93/170 [00:56<00:50,  1.53it/s] 55%|█████▌    | 94/170 [00:57<00:46,  1.63it/s]  9%|▉         | 15/170 [00:13<02:49,  1.09s/it] 53%|█████▎    | 90/170 [00:55<00:56,  1.43it/s] 56%|█████▌    | 95/170 [00:57<00:42,  1.76it/s] 54%|█████▎    | 91/170 [00:55<00:51,  1.55it/s]  9%|▉         | 16/170 [00:13<02:35,  1.01s/it] 56%|█████▋    | 96/170 [00:58<00:46,  1.60it/s] 54%|█████▍    | 92/170 [00:56<00:54,  1.43it/s] 10%|█         | 17/170 [00:14<02:27,  1.04it/s] 57%|█████▋    | 97/170 [00:59<00:48,  1.50it/s] 55%|█████▍    | 93/170 [00:57<00:54,  1.41it/s] 11%|█         | 18/170 [00:15<02:17,  1.10it/s] 58%|█████▊    | 98/170 [00:59<00:48,  1.49it/s] 55%|█████▌    | 94/170 [00:57<00:50,  1.51it/s] 11%|█         | 19/170 [00:16<02:07,  1.19it/s] 56%|█████▌    | 95/170 [00:58<00:45,  1.64it/s] 58%|█████▊    | 99/170 [01:00<00:50,  1.41it/s] 56%|█████▋    | 96/170 [00:59<00:48,  1.52it/s] 12%|█▏        | 20/170 [00:17<02:05,  1.19it/s] 59%|█████▉    | 100/170 [01:01<00:53,  1.32it/s] 12%|█▏        | 21/170 [00:17<01:58,  1.25it/s] 57%|█████▋    | 97/170 [00:59<00:50,  1.45it/s] 59%|█████▉    | 101/170 [01:02<00:51,  1.35it/s] 60%|██████    | 102/170 [01:02<00:45,  1.50it/s] 58%|█████▊    | 98/170 [01:00<00:50,  1.41it/s] 13%|█▎        | 22/170 [00:18<02:02,  1.21it/s] 61%|██████    | 103/170 [01:03<00:43,  1.56it/s] 58%|█████▊    | 99/170 [01:01<00:52,  1.35it/s] 14%|█▎        | 23/170 [00:19<02:02,  1.20it/s] 61%|██████    | 104/170 [01:03<00:43,  1.53it/s] 14%|█▍        | 24/170 [00:20<01:58,  1.23it/s] 59%|█████▉    | 100/170 [01:02<00:55,  1.26it/s] 62%|██████▏   | 105/170 [01:04<00:40,  1.62it/s] 62%|██████▏   | 106/170 [01:05<00:40,  1.59it/s] 59%|█████▉    | 101/170 [01:03<00:52,  1.30it/s] 15%|█▍        | 25/170 [00:21<01:58,  1.22it/s] 60%|██████    | 102/170 [01:03<00:46,  1.45it/s] 63%|██████▎   | 107/170 [01:05<00:38,  1.63it/s] 64%|██████▎   | 108/170 [01:06<00:35,  1.77it/s] 61%|██████    | 103/170 [01:04<00:44,  1.51it/s] 15%|█▌        | 26/170 [00:22<02:16,  1.05it/s] 64%|██████▍   | 109/170 [01:06<00:34,  1.76it/s] 61%|██████    | 104/170 [01:04<00:44,  1.49it/s] 16%|█▌        | 27/170 [00:23<02:06,  1.13it/s] 65%|██████▍   | 110/170 [01:07<00:34,  1.72it/s] 62%|██████▏   | 105/170 [01:05<00:41,  1.58it/s] 16%|█▋        | 28/170 [00:23<01:54,  1.24it/s] 65%|██████▌   | 111/170 [01:07<00:35,  1.66it/s] 62%|██████▏   | 106/170 [01:06<00:41,  1.53it/s] 63%|██████▎   | 107/170 [01:06<00:39,  1.58it/s] 66%|██████▌   | 112/170 [01:08<00:39,  1.46it/s] 17%|█▋        | 29/170 [00:24<02:10,  1.08it/s] 64%|██████▎   | 108/170 [01:07<00:36,  1.71it/s] 66%|██████▋   | 113/170 [01:09<00:35,  1.59it/s] 67%|██████▋   | 114/170 [01:09<00:32,  1.73it/s] 64%|██████▍   | 109/170 [01:07<00:36,  1.69it/s] 18%|█▊        | 30/170 [00:26<02:17,  1.02it/s] 65%|██████▍   | 110/170 [01:08<00:36,  1.65it/s] 68%|██████▊   | 115/170 [01:10<00:36,  1.51it/s] 18%|█▊        | 31/170 [00:26<02:09,  1.08it/s] 65%|██████▌   | 111/170 [01:09<00:36,  1.60it/s] 68%|██████▊   | 116/170 [01:11<00:33,  1.61it/s] 69%|██████▉   | 117/170 [01:11<00:31,  1.68it/s] 66%|██████▌   | 112/170 [01:10<00:40,  1.42it/s] 19%|█▉        | 32/170 [00:28<02:15,  1.02it/s] 69%|██████▉   | 118/170 [01:12<00:31,  1.64it/s] 66%|██████▋   | 113/170 [01:10<00:36,  1.55it/s] 70%|███████   | 119/170 [01:12<00:31,  1.64it/s] 67%|██████▋   | 114/170 [01:11<00:33,  1.69it/s] 19%|█▉        | 33/170 [00:29<02:21,  1.03s/it] 71%|███████   | 120/170 [01:13<00:31,  1.60it/s] 68%|██████▊   | 115/170 [01:11<00:37,  1.46it/s] 71%|███████   | 121/170 [01:14<00:30,  1.60it/s] 20%|██        | 34/170 [00:30<02:21,  1.04s/it] 68%|██████▊   | 116/170 [01:12<00:35,  1.54it/s] 69%|██████▉   | 117/170 [01:13<00:32,  1.61it/s] 72%|███████▏  | 122/170 [01:14<00:32,  1.49it/s] 21%|██        | 35/170 [00:31<02:17,  1.02s/it] 69%|██████▉   | 118/170 [01:13<00:32,  1.59it/s] 72%|███████▏  | 123/170 [01:15<00:34,  1.35it/s] 21%|██        | 36/170 [00:32<02:16,  1.02s/it] 70%|███████   | 119/170 [01:14<00:31,  1.60it/s] 73%|███████▎  | 124/170 [01:16<00:31,  1.47it/s] 71%|███████   | 120/170 [01:15<00:32,  1.56it/s] 74%|███████▎  | 125/170 [01:16<00:29,  1.54it/s] 22%|██▏       | 37/170 [00:33<02:14,  1.01s/it] 71%|███████   | 121/170 [01:15<00:31,  1.56it/s] 74%|███████▍  | 126/170 [01:17<00:32,  1.36it/s] 22%|██▏       | 38/170 [00:34<02:13,  1.01s/it] 72%|███████▏  | 122/170 [01:16<00:32,  1.45it/s] 75%|███████▍  | 127/170 [01:18<00:30,  1.42it/s] 75%|███████▌  | 128/170 [01:19<00:28,  1.46it/s] 72%|███████▏  | 123/170 [01:17<00:35,  1.33it/s] 23%|██▎       | 39/170 [00:35<02:17,  1.05s/it] 73%|███████▎  | 124/170 [01:17<00:31,  1.48it/s] 76%|███████▌  | 129/170 [01:19<00:26,  1.54it/s] 24%|██▎       | 40/170 [00:36<02:06,  1.03it/s] 76%|███████▋  | 130/170 [01:20<00:23,  1.69it/s] 74%|███████▎  | 125/170 [01:18<00:29,  1.52it/s] 77%|███████▋  | 131/170 [01:20<00:21,  1.79it/s] 24%|██▍       | 41/170 [00:36<01:57,  1.10it/s] 74%|███████▍  | 126/170 [01:19<00:32,  1.36it/s] 78%|███████▊  | 132/170 [01:21<00:22,  1.69it/s] 25%|██▍       | 42/170 [00:37<01:43,  1.24it/s] 75%|███████▍  | 127/170 [01:20<00:30,  1.40it/s] 78%|███████▊  | 133/170 [01:22<00:22,  1.61it/s] 25%|██▌       | 43/170 [00:38<01:38,  1.29it/s] 75%|███████▌  | 128/170 [01:20<00:29,  1.43it/s] 79%|███████▉  | 134/170 [01:22<00:24,  1.45it/s] 76%|███████▌  | 129/170 [01:21<00:26,  1.55it/s] 26%|██▌       | 44/170 [00:39<01:46,  1.19it/s] 76%|███████▋  | 130/170 [01:21<00:23,  1.69it/s] 79%|███████▉  | 135/170 [01:23<00:24,  1.45it/s] 26%|██▋       | 45/170 [00:39<01:43,  1.21it/s] 77%|███████▋  | 131/170 [01:22<00:21,  1.78it/s] 80%|████████  | 136/170 [01:24<00:22,  1.50it/s] 81%|████████  | 137/170 [01:24<00:19,  1.69it/s] 78%|███████▊  | 132/170 [01:22<00:22,  1.66it/s] 27%|██▋       | 46/170 [00:41<01:50,  1.12it/s] 81%|████████  | 138/170 [01:25<00:19,  1.68it/s] 78%|███████▊  | 133/170 [01:23<00:23,  1.57it/s] 28%|██▊       | 47/170 [00:41<01:48,  1.13it/s] 82%|████████▏ | 139/170 [01:25<00:19,  1.61it/s] 79%|███████▉  | 134/170 [01:24<00:25,  1.43it/s] 82%|████████▏ | 140/170 [01:26<00:18,  1.61it/s] 28%|██▊       | 48/170 [00:42<01:45,  1.15it/s] 83%|████████▎ | 141/170 [01:26<00:16,  1.79it/s] 79%|███████▉  | 135/170 [01:25<00:24,  1.42it/s] 84%|████████▎ | 142/170 [01:27<00:14,  1.87it/s] 29%|██▉       | 49/170 [00:43<01:44,  1.16it/s] 80%|████████  | 136/170 [01:25<00:22,  1.49it/s] 81%|████████  | 137/170 [01:26<00:19,  1.68it/s] 84%|████████▍ | 143/170 [01:28<00:15,  1.77it/s] 85%|████████▍ | 144/170 [01:28<00:13,  1.97it/s] 81%|████████  | 138/170 [01:26<00:18,  1.69it/s] 29%|██▉       | 50/170 [00:44<01:55,  1.04it/s] 85%|████████▌ | 145/170 [01:29<00:14,  1.74it/s] 82%|████████▏ | 139/170 [01:27<00:18,  1.65it/s] 30%|███       | 51/170 [00:45<01:52,  1.06it/s] 86%|████████▌ | 146/170 [01:29<00:13,  1.74it/s] 82%|████████▏ | 140/170 [01:27<00:18,  1.65it/s] 83%|████████▎ | 141/170 [01:28<00:15,  1.84it/s] 86%|████████▋ | 147/170 [01:30<00:13,  1.77it/s] 84%|████████▎ | 142/170 [01:28<00:14,  1.93it/s] 87%|████████▋ | 148/170 [01:30<00:12,  1.79it/s] 31%|███       | 52/170 [00:46<02:02,  1.03s/it] 84%|████████▍ | 143/170 [01:29<00:14,  1.82it/s] 88%|████████▊ | 149/170 [01:31<00:12,  1.70it/s] 85%|████████▍ | 144/170 [01:29<00:13,  1.95it/s] 31%|███       | 53/170 [00:47<01:56,  1.01it/s] 88%|████████▊ | 150/170 [01:32<00:12,  1.65it/s] 32%|███▏      | 54/170 [00:48<01:43,  1.12it/s] 89%|████████▉ | 151/170 [01:32<00:10,  1.86it/s] 85%|████████▌ | 145/170 [01:30<00:14,  1.72it/s] 86%|████████▌ | 146/170 [01:31<00:13,  1.76it/s] 89%|████████▉ | 152/170 [01:33<00:09,  1.84it/s] 32%|███▏      | 55/170 [00:49<01:40,  1.14it/s] 86%|████████▋ | 147/170 [01:31<00:12,  1.80it/s] 90%|█████████ | 153/170 [01:33<00:09,  1.76it/s] 87%|████████▋ | 148/170 [01:32<00:12,  1.83it/s] 33%|███▎      | 56/170 [00:50<01:45,  1.08it/s] 91%|█████████ | 154/170 [01:34<00:10,  1.60it/s] 88%|████████▊ | 149/170 [01:32<00:12,  1.74it/s] 91%|█████████ | 155/170 [01:35<00:10,  1.50it/s] 34%|███▎      | 57/170 [00:51<01:47,  1.05it/s] 88%|████████▊ | 150/170 [01:33<00:11,  1.69it/s] 89%|████████▉ | 151/170 [01:33<00:10,  1.87it/s] 92%|█████████▏| 156/170 [01:35<00:08,  1.56it/s] 34%|███▍      | 58/170 [00:52<01:42,  1.10it/s] 92%|█████████▏| 157/170 [01:36<00:07,  1.64it/s] 89%|████████▉ | 152/170 [01:34<00:09,  1.82it/s] 90%|█████████ | 153/170 [01:35<00:09,  1.75it/s] 35%|███▍      | 59/170 [00:53<01:38,  1.12it/s] 93%|█████████▎| 158/170 [01:37<00:07,  1.56it/s] 94%|█████████▎| 159/170 [01:37<00:06,  1.63it/s] 91%|█████████ | 154/170 [01:35<00:10,  1.60it/s] 35%|███▌      | 60/170 [00:53<01:36,  1.14it/s] 91%|█████████ | 155/170 [01:36<00:09,  1.54it/s] 94%|█████████▍| 160/170 [01:38<00:07,  1.39it/s] 36%|███▌      | 61/170 [00:54<01:34,  1.15it/s] 92%|█████████▏| 156/170 [01:37<00:08,  1.62it/s] 95%|█████████▍| 161/170 [01:39<00:06,  1.45it/s] 36%|███▋      | 62/170 [00:55<01:28,  1.22it/s] 92%|█████████▏| 157/170 [01:37<00:07,  1.67it/s] 95%|█████████▌| 162/170 [01:39<00:05,  1.55it/s] 37%|███▋      | 63/170 [00:56<01:23,  1.28it/s] 96%|█████████▌| 163/170 [01:40<00:04,  1.72it/s] 93%|█████████▎| 158/170 [01:38<00:07,  1.56it/s] 96%|█████████▋| 164/170 [01:40<00:03,  1.71it/s] 38%|███▊      | 64/170 [00:56<01:21,  1.31it/s] 94%|█████████▎| 159/170 [01:39<00:06,  1.60it/s] 97%|█████████▋| 165/170 [01:41<00:02,  1.79it/s] 94%|█████████▍| 160/170 [01:39<00:07,  1.36it/s] 98%|█████████▊| 166/170 [01:41<00:02,  1.72it/s] 38%|███▊      | 65/170 [00:58<01:41,  1.04it/s] 95%|█████████▍| 161/170 [01:40<00:06,  1.42it/s] 98%|█████████▊| 167/170 [01:42<00:01,  1.59it/s] 95%|█████████▌| 162/170 [01:41<00:05,  1.52it/s] 99%|█████████▉| 168/170 [01:43<00:01,  1.72it/s] 39%|███▉      | 66/170 [00:59<01:36,  1.08it/s] 96%|█████████▌| 163/170 [01:41<00:04,  1.68it/s] 99%|█████████▉| 169/170 [01:43<00:00,  1.73it/s] 39%|███▉      | 67/170 [00:59<01:32,  1.12it/s]100%|██████████| 170/170 [01:43<00:00,  2.03it/s]100%|██████████| 170/170 [01:43<00:00,  1.64it/s]
 96%|█████████▋| 164/170 [01:42<00:03,  1.66it/s] 97%|█████████▋| 165/170 [01:42<00:02,  1.74it/s] 40%|████      | 68/170 [01:00<01:33,  1.09it/s] 98%|█████████▊| 166/170 [01:43<00:02,  1.66it/s] 41%|████      | 69/170 [01:01<01:26,  1.17it/s]/root/kallini_data/babylm_data/babylm_100M/cbt_parsed.json
  0%|          | 0/53 [00:00<?, ?it/s] 41%|████      | 70/170 [01:02<01:12,  1.38it/s] 98%|█████████▊| 167/170 [01:44<00:01,  1.55it/s] 99%|█████████▉| 168/170 [01:44<00:01,  1.68it/s]  2%|▏         | 1/53 [00:01<00:54,  1.06s/it] 42%|████▏     | 71/170 [01:02<01:14,  1.34it/s] 99%|█████████▉| 169/170 [01:45<00:00,  1.70it/s]100%|██████████| 170/170 [01:45<00:00,  1.99it/s]100%|██████████| 170/170 [01:45<00:00,  1.61it/s]
 42%|████▏     | 72/170 [01:03<01:14,  1.32it/s]  4%|▍         | 2/53 [00:02<01:01,  1.20s/it] 43%|████▎     | 73/170 [01:04<01:18,  1.24it/s]/root/kallini_data/babylm_data/babylm_100M/cbt_parsed.json
  0%|          | 0/53 [00:00<?, ?it/s]  6%|▌         | 3/53 [00:03<00:57,  1.15s/it] 44%|████▎     | 74/170 [01:05<01:14,  1.29it/s]  2%|▏         | 1/53 [00:01<00:55,  1.06s/it]  8%|▊         | 4/53 [00:04<00:54,  1.12s/it] 44%|████▍     | 75/170 [01:06<01:22,  1.15it/s] 45%|████▍     | 76/170 [01:07<01:21,  1.16it/s]  4%|▍         | 2/53 [00:02<01:00,  1.19s/it]  9%|▉         | 5/53 [00:05<00:55,  1.16s/it] 45%|████▌     | 77/170 [01:07<01:19,  1.17it/s]  6%|▌         | 3/53 [00:03<00:57,  1.15s/it] 11%|█▏        | 6/53 [00:06<00:52,  1.11s/it] 46%|████▌     | 78/170 [01:08<01:21,  1.13it/s] 13%|█▎        | 7/53 [00:07<00:49,  1.09s/it]  8%|▊         | 4/53 [00:04<00:56,  1.15s/it] 46%|████▋     | 79/170 [01:09<01:15,  1.20it/s] 47%|████▋     | 80/170 [01:10<01:14,  1.21it/s] 15%|█▌        | 8/53 [00:08<00:48,  1.08s/it]  9%|▉         | 5/53 [00:05<00:54,  1.13s/it] 48%|████▊     | 81/170 [01:11<01:13,  1.22it/s] 17%|█▋        | 9/53 [00:09<00:46,  1.05s/it] 11%|█▏        | 6/53 [00:06<00:51,  1.10s/it] 48%|████▊     | 82/170 [01:12<01:13,  1.20it/s] 19%|█▉        | 10/53 [00:10<00:46,  1.07s/it] 13%|█▎        | 7/53 [00:07<00:50,  1.10s/it] 49%|████▉     | 83/170 [01:12<01:09,  1.25it/s] 49%|████▉     | 84/170 [01:13<01:04,  1.34it/s] 21%|██        | 11/53 [00:11<00:42,  1.02s/it] 15%|█▌        | 8/53 [00:08<00:49,  1.10s/it] 50%|█████     | 85/170 [01:14<01:00,  1.41it/s] 23%|██▎       | 12/53 [00:12<00:41,  1.02s/it] 17%|█▋        | 9/53 [00:09<00:47,  1.08s/it] 51%|█████     | 86/170 [01:15<01:09,  1.21it/s] 25%|██▍       | 13/53 [00:13<00:41,  1.04s/it] 19%|█▉        | 10/53 [00:11<00:46,  1.09s/it] 51%|█████     | 87/170 [01:16<01:11,  1.16it/s] 26%|██▋       | 14/53 [00:15<00:42,  1.08s/it] 21%|██        | 11/53 [00:12<00:43,  1.05s/it] 52%|█████▏    | 88/170 [01:17<01:17,  1.06it/s] 23%|██▎       | 12/53 [00:13<00:43,  1.05s/it] 28%|██▊       | 15/53 [00:16<00:43,  1.14s/it] 52%|█████▏    | 89/170 [01:18<01:17,  1.05it/s] 25%|██▍       | 13/53 [00:14<00:43,  1.09s/it] 53%|█████▎    | 90/170 [01:19<01:16,  1.04it/s] 30%|███       | 16/53 [00:17<00:43,  1.18s/it] 54%|█████▎    | 91/170 [01:20<01:11,  1.11it/s] 26%|██▋       | 14/53 [00:15<00:43,  1.13s/it] 32%|███▏      | 17/53 [00:18<00:42,  1.19s/it] 54%|█████▍    | 92/170 [01:21<01:12,  1.07it/s] 28%|██▊       | 15/53 [00:16<00:45,  1.19s/it] 34%|███▍      | 18/53 [00:20<00:41,  1.19s/it] 55%|█████▍    | 93/170 [01:22<01:13,  1.04it/s] 55%|█████▌    | 94/170 [01:22<01:09,  1.09it/s] 36%|███▌      | 19/53 [00:21<00:39,  1.17s/it] 30%|███       | 16/53 [00:18<00:44,  1.20s/it] 56%|█████▌    | 95/170 [01:23<01:04,  1.17it/s] 38%|███▊      | 20/53 [00:22<00:38,  1.18s/it] 32%|███▏      | 17/53 [00:19<00:43,  1.21s/it] 56%|█████▋    | 96/170 [01:24<01:07,  1.09it/s] 40%|███▉      | 21/53 [00:23<00:37,  1.19s/it] 34%|███▍      | 18/53 [00:20<00:43,  1.24s/it] 57%|█████▋    | 97/170 [01:25<01:09,  1.05it/s] 42%|████▏     | 22/53 [00:24<00:35,  1.14s/it] 36%|███▌      | 19/53 [00:21<00:41,  1.21s/it] 58%|█████▊    | 98/170 [01:26<01:11,  1.01it/s] 43%|████▎     | 23/53 [00:25<00:33,  1.11s/it] 38%|███▊      | 20/53 [00:22<00:39,  1.21s/it] 58%|█████▊    | 99/170 [01:27<01:14,  1.05s/it] 45%|████▌     | 24/53 [00:26<00:30,  1.06s/it] 40%|███▉      | 21/53 [00:24<00:38,  1.20s/it] 59%|█████▉    | 100/170 [01:29<01:16,  1.09s/it] 47%|████▋     | 25/53 [00:27<00:29,  1.04s/it] 42%|████▏     | 22/53 [00:25<00:35,  1.14s/it] 59%|█████▉    | 101/170 [01:30<01:13,  1.06s/it] 49%|████▉     | 26/53 [00:28<00:27,  1.00s/it] 60%|██████    | 102/170 [01:30<01:05,  1.03it/s] 43%|████▎     | 23/53 [00:26<00:33,  1.12s/it] 51%|█████     | 27/53 [00:29<00:25,  1.02it/s] 61%|██████    | 103/170 [01:31<01:02,  1.07it/s] 53%|█████▎    | 28/53 [00:30<00:23,  1.04it/s] 45%|████▌     | 24/53 [00:27<00:31,  1.10s/it] 61%|██████    | 104/170 [01:32<01:02,  1.06it/s] 55%|█████▍    | 29/53 [00:31<00:22,  1.05it/s] 47%|████▋     | 25/53 [00:28<00:30,  1.08s/it] 62%|██████▏   | 105/170 [01:33<00:57,  1.13it/s] 57%|█████▋    | 30/53 [00:32<00:21,  1.05it/s] 49%|████▉     | 26/53 [00:29<00:27,  1.03s/it] 62%|██████▏   | 106/170 [01:34<00:58,  1.10it/s] 58%|█████▊    | 31/53 [00:33<00:20,  1.06it/s] 51%|█████     | 27/53 [00:30<00:26,  1.00s/it] 63%|██████▎   | 107/170 [01:35<00:57,  1.10it/s] 60%|██████    | 32/53 [00:34<00:19,  1.07it/s] 53%|█████▎    | 28/53 [00:31<00:24,  1.02it/s] 64%|██████▎   | 108/170 [01:36<00:53,  1.17it/s] 62%|██████▏   | 33/53 [00:35<00:18,  1.09it/s] 55%|█████▍    | 29/53 [00:32<00:23,  1.02it/s] 64%|██████▍   | 109/170 [01:36<00:52,  1.16it/s] 64%|██████▍   | 34/53 [00:35<00:17,  1.09it/s] 57%|█████▋    | 30/53 [00:32<00:22,  1.03it/s] 65%|██████▍   | 110/170 [01:37<00:53,  1.12it/s] 66%|██████▌   | 35/53 [00:36<00:16,  1.10it/s] 58%|█████▊    | 31/53 [00:33<00:21,  1.04it/s] 65%|██████▌   | 111/170 [01:38<00:53,  1.10it/s] 68%|██████▊   | 36/53 [00:37<00:15,  1.08it/s] 60%|██████    | 32/53 [00:34<00:20,  1.04it/s] 66%|██████▌   | 112/170 [01:40<01:01,  1.06s/it] 70%|██████▉   | 37/53 [00:38<00:14,  1.08it/s] 62%|██████▏   | 33/53 [00:35<00:18,  1.05it/s] 66%|██████▋   | 113/170 [01:41<00:55,  1.02it/s] 72%|███████▏  | 38/53 [00:39<00:14,  1.03it/s] 64%|██████▍   | 34/53 [00:36<00:17,  1.06it/s] 67%|██████▋   | 114/170 [01:41<00:49,  1.14it/s] 66%|██████▌   | 35/53 [00:37<00:17,  1.04it/s] 74%|███████▎  | 39/53 [00:41<00:14,  1.05s/it] 68%|██████▊   | 115/170 [01:42<00:54,  1.01it/s] 68%|██████▊   | 36/53 [00:38<00:16,  1.02it/s] 68%|██████▊   | 116/170 [01:43<00:50,  1.07it/s] 75%|███████▌  | 40/53 [00:42<00:14,  1.12s/it] 70%|██████▉   | 37/53 [00:39<00:15,  1.03it/s] 69%|██████▉   | 117/170 [01:44<00:48,  1.10it/s] 77%|███████▋  | 41/53 [00:43<00:13,  1.12s/it] 69%|██████▉   | 118/170 [01:45<00:48,  1.08it/s] 72%|███████▏  | 38/53 [00:40<00:15,  1.01s/it] 79%|███████▉  | 42/53 [00:44<00:12,  1.09s/it] 70%|███████   | 119/170 [01:46<00:47,  1.08it/s] 74%|███████▎  | 39/53 [00:42<00:15,  1.09s/it] 81%|████████  | 43/53 [00:45<00:10,  1.07s/it] 71%|███████   | 120/170 [01:47<00:46,  1.07it/s] 83%|████████▎ | 44/53 [00:46<00:09,  1.01s/it] 75%|███████▌  | 40/53 [00:43<00:14,  1.15s/it] 71%|███████   | 121/170 [01:48<00:45,  1.09it/s] 85%|████████▍ | 45/53 [00:47<00:07,  1.03it/s] 77%|███████▋  | 41/53 [00:44<00:13,  1.14s/it] 72%|███████▏  | 122/170 [01:49<00:46,  1.03it/s] 87%|████████▋ | 46/53 [00:48<00:06,  1.04it/s] 79%|███████▉  | 42/53 [00:45<00:12,  1.11s/it] 72%|███████▏  | 123/170 [01:50<00:49,  1.06s/it] 89%|████████▊ | 47/53 [00:49<00:05,  1.06it/s] 73%|███████▎  | 124/170 [01:51<00:44,  1.03it/s] 81%|████████  | 43/53 [00:46<00:10,  1.09s/it] 91%|█████████ | 48/53 [00:50<00:04,  1.01it/s] 74%|███████▎  | 125/170 [01:52<00:42,  1.07it/s] 83%|████████▎ | 44/53 [00:47<00:09,  1.03s/it] 92%|█████████▏| 49/53 [00:51<00:03,  1.02it/s] 85%|████████▍ | 45/53 [00:48<00:07,  1.01it/s] 74%|███████▍  | 126/170 [01:53<00:44,  1.02s/it] 94%|█████████▍| 50/53 [00:51<00:02,  1.05it/s] 87%|████████▋ | 46/53 [00:49<00:06,  1.02it/s] 75%|███████▍  | 127/170 [01:54<00:43,  1.00s/it] 96%|█████████▌| 51/53 [00:52<00:01,  1.06it/s] 89%|████████▊ | 47/53 [00:50<00:05,  1.04it/s] 75%|███████▌  | 128/170 [01:55<00:40,  1.03it/s] 98%|█████████▊| 52/53 [00:53<00:00,  1.06it/s] 91%|█████████ | 48/53 [00:51<00:04,  1.03it/s] 76%|███████▌  | 129/170 [01:56<00:37,  1.10it/s]100%|██████████| 53/53 [00:54<00:00,  1.16it/s]100%|██████████| 53/53 [00:54<00:00,  1.03s/it]
/root/kallini_data/babylm_data/babylm_100M/children_stories_parsed.json
  0%|          | 0/16 [00:00<?, ?it/s] 76%|███████▋  | 130/170 [01:56<00:33,  1.18it/s] 92%|█████████▏| 49/53 [00:52<00:03,  1.03it/s] 77%|███████▋  | 131/170 [01:57<00:31,  1.25it/s] 94%|█████████▍| 50/53 [00:53<00:02,  1.03it/s] 78%|███████▊  | 132/170 [01:58<00:32,  1.16it/s] 96%|█████████▌| 51/53 [00:54<00:01,  1.05it/s]  6%|▋         | 1/16 [00:02<00:36,  2.46s/it] 78%|███████▊  | 133/170 [01:59<00:33,  1.12it/s] 98%|█████████▊| 52/53 [00:54<00:00,  1.05it/s]100%|██████████| 53/53 [00:55<00:00,  1.14it/s]100%|██████████| 53/53 [00:55<00:00,  1.05s/it]
 79%|███████▉  | 134/170 [02:00<00:36,  1.01s/it]/root/kallini_data/babylm_data/babylm_100M/children_stories_parsed.json
  0%|          | 0/16 [00:00<?, ?it/s] 79%|███████▉  | 135/170 [02:01<00:34,  1.00it/s] 80%|████████  | 136/170 [02:02<00:33,  1.03it/s] 12%|█▎        | 2/16 [00:06<00:43,  3.10s/it] 81%|████████  | 137/170 [02:03<00:28,  1.16it/s]  6%|▋         | 1/16 [00:02<00:38,  2.55s/it] 81%|████████  | 138/170 [02:04<00:27,  1.18it/s] 19%|█▉        | 3/16 [00:07<00:32,  2.51s/it] 82%|████████▏ | 139/170 [02:05<00:27,  1.14it/s] 82%|████████▏ | 140/170 [02:05<00:26,  1.14it/s] 25%|██▌       | 4/16 [00:09<00:27,  2.27s/it] 83%|████████▎ | 141/170 [02:06<00:22,  1.28it/s] 84%|████████▎ | 142/170 [02:07<00:20,  1.34it/s] 12%|█▎        | 2/16 [00:06<00:44,  3.18s/it] 84%|████████▍ | 143/170 [02:07<00:20,  1.29it/s] 31%|███▏      | 5/16 [00:11<00:23,  2.15s/it] 85%|████████▍ | 144/170 [02:08<00:18,  1.43it/s] 19%|█▉        | 3/16 [00:07<00:33,  2.55s/it] 85%|████████▌ | 145/170 [02:09<00:19,  1.26it/s] 86%|████████▌ | 146/170 [02:10<00:19,  1.25it/s] 38%|███▊      | 6/16 [00:13<00:21,  2.18s/it] 25%|██▌       | 4/16 [00:09<00:27,  2.28s/it] 86%|████████▋ | 147/170 [02:11<00:18,  1.24it/s] 87%|████████▋ | 148/170 [02:11<00:17,  1.26it/s] 31%|███▏      | 5/16 [00:11<00:23,  2.15s/it] 88%|████████▊ | 149/170 [02:12<00:17,  1.20it/s] 44%|████▍     | 7/16 [00:16<00:19,  2.21s/it] 88%|████████▊ | 150/170 [02:13<00:17,  1.15it/s] 89%|████████▉ | 151/170 [02:14<00:14,  1.27it/s] 38%|███▊      | 6/16 [00:14<00:21,  2.19s/it] 89%|████████▉ | 152/170 [02:15<00:14,  1.25it/s] 50%|█████     | 8/16 [00:19<00:19,  2.48s/it] 90%|█████████ | 153/170 [02:16<00:13,  1.23it/s] 91%|█████████ | 154/170 [02:17<00:14,  1.12it/s] 44%|████▍     | 7/16 [00:16<00:19,  2.21s/it] 91%|█████████ | 155/170 [02:18<00:13,  1.09it/s] 56%|█████▋    | 9/16 [00:21<00:17,  2.45s/it] 92%|█████████▏| 156/170 [02:18<00:12,  1.13it/s] 92%|█████████▏| 157/170 [02:19<00:11,  1.15it/s] 50%|█████     | 8/16 [00:19<00:19,  2.46s/it] 93%|█████████▎| 158/170 [02:20<00:11,  1.09it/s] 62%|██████▎   | 10/16 [00:24<00:14,  2.49s/it] 94%|█████████▎| 159/170 [02:21<00:09,  1.11it/s] 56%|█████▋    | 9/16 [00:21<00:17,  2.45s/it] 69%|██████▉   | 11/16 [00:26<00:11,  2.34s/it] 94%|█████████▍| 160/170 [02:22<00:10,  1.03s/it] 95%|█████████▍| 161/170 [02:23<00:08,  1.00it/s] 95%|█████████▌| 162/170 [02:24<00:07,  1.07it/s] 96%|█████████▌| 163/170 [02:25<00:05,  1.17it/s] 62%|██████▎   | 10/16 [00:24<00:15,  2.52s/it] 75%|███████▌  | 12/16 [00:28<00:09,  2.42s/it] 96%|█████████▋| 164/170 [02:26<00:05,  1.18it/s] 97%|█████████▋| 165/170 [02:26<00:04,  1.22it/s] 69%|██████▉   | 11/16 [00:26<00:11,  2.39s/it] 81%|████████▏ | 13/16 [00:31<00:07,  2.38s/it] 98%|█████████▊| 166/170 [02:27<00:03,  1.18it/s] 98%|█████████▊| 167/170 [02:28<00:02,  1.10it/s] 99%|█████████▉| 168/170 [02:29<00:01,  1.17it/s] 75%|███████▌  | 12/16 [00:29<00:09,  2.50s/it] 99%|█████████▉| 169/170 [02:30<00:00,  1.19it/s] 88%|████████▊ | 14/16 [00:33<00:04,  2.47s/it]100%|██████████| 170/170 [02:30<00:00,  1.39it/s]100%|██████████| 170/170 [02:30<00:00,  1.13it/s]
/root/kallini_data/babylm_data/babylm_100M/cbt_parsed.json
  0%|          | 0/53 [00:00<?, ?it/s] 81%|████████▏ | 13/16 [00:31<00:07,  2.45s/it] 94%|█████████▍| 15/16 [00:35<00:02,  2.39s/it]100%|██████████| 16/16 [00:36<00:00,  1.87s/it]100%|██████████| 16/16 [00:36<00:00,  2.29s/it]
  2%|▏         | 1/53 [00:01<01:17,  1.49s/it]/root/kallini_data/babylm_data/babylm_100M/gutenberg_parsed.json
  0%|          | 0/35 [00:00<?, ?it/s] 88%|████████▊ | 14/16 [00:34<00:05,  2.60s/it]  4%|▍         | 2/53 [00:03<01:24,  1.66s/it]  6%|▌         | 3/53 [00:04<01:20,  1.60s/it] 94%|█████████▍| 15/16 [00:36<00:02,  2.48s/it]  3%|▎         | 1/35 [00:03<01:45,  3.11s/it]100%|██████████| 16/16 [00:37<00:00,  1.93s/it]100%|██████████| 16/16 [00:37<00:00,  2.33s/it]
  8%|▊         | 4/53 [00:06<01:17,  1.59s/it]/root/kallini_data/babylm_data/babylm_100M/gutenberg_parsed.json
  0%|          | 0/35 [00:00<?, ?it/s]  9%|▉         | 5/53 [00:07<01:15,  1.58s/it]  6%|▌         | 2/35 [00:06<01:43,  3.13s/it] 11%|█▏        | 6/53 [00:09<01:12,  1.54s/it] 13%|█▎        | 7/53 [00:10<01:10,  1.52s/it]  3%|▎         | 1/35 [00:03<01:46,  3.14s/it]  9%|▊         | 3/35 [00:09<01:35,  2.97s/it] 15%|█▌        | 8/53 [00:12<01:08,  1.52s/it] 17%|█▋        | 9/53 [00:13<01:05,  1.49s/it]  6%|▌         | 2/35 [00:06<01:42,  3.10s/it] 11%|█▏        | 4/35 [00:11<01:31,  2.95s/it] 19%|█▉        | 10/53 [00:15<01:04,  1.51s/it] 21%|██        | 11/53 [00:16<01:01,  1.46s/it]  9%|▊         | 3/35 [00:08<01:34,  2.95s/it] 14%|█▍        | 5/35 [00:15<01:29,  3.00s/it] 23%|██▎       | 12/53 [00:18<00:59,  1.46s/it] 25%|██▍       | 13/53 [00:19<00:58,  1.47s/it] 11%|█▏        | 4/35 [00:11<01:31,  2.96s/it] 17%|█▋        | 6/35 [00:18<01:28,  3.05s/it] 26%|██▋       | 14/53 [00:21<00:58,  1.51s/it] 14%|█▍        | 5/35 [00:14<01:29,  2.97s/it] 28%|██▊       | 15/53 [00:23<01:00,  1.59s/it] 20%|██        | 7/35 [00:20<01:21,  2.91s/it] 30%|███       | 16/53 [00:24<01:00,  1.63s/it] 17%|█▋        | 6/35 [00:18<01:28,  3.05s/it] 23%|██▎       | 8/35 [00:23<01:16,  2.83s/it] 32%|███▏      | 17/53 [00:26<00:58,  1.63s/it] 34%|███▍      | 18/53 [00:28<00:57,  1.66s/it] 20%|██        | 7/35 [00:20<01:21,  2.92s/it] 36%|███▌      | 19/53 [00:29<00:55,  1.63s/it] 26%|██▌       | 9/35 [00:27<01:22,  3.17s/it] 23%|██▎       | 8/35 [00:23<01:15,  2.81s/it] 38%|███▊      | 20/53 [00:31<00:54,  1.64s/it] 40%|███▉      | 21/53 [00:32<00:52,  1.63s/it] 29%|██▊       | 10/35 [00:30<01:18,  3.15s/it] 42%|████▏     | 22/53 [00:34<00:47,  1.54s/it] 26%|██▌       | 9/35 [00:27<01:22,  3.19s/it] 43%|████▎     | 23/53 [00:35<00:46,  1.55s/it] 31%|███▏      | 11/35 [00:33<01:14,  3.10s/it] 45%|████▌     | 24/53 [00:37<00:44,  1.53s/it] 29%|██▊       | 10/35 [00:30<01:18,  3.14s/it] 47%|████▋     | 25/53 [00:38<00:41,  1.50s/it] 34%|███▍      | 12/35 [00:36<01:12,  3.17s/it] 49%|████▉     | 26/53 [00:40<00:39,  1.45s/it] 31%|███▏      | 11/35 [00:33<01:14,  3.09s/it] 51%|█████     | 27/53 [00:41<00:36,  1.42s/it] 37%|███▋      | 13/35 [00:39<01:08,  3.13s/it] 53%|█████▎    | 28/53 [00:42<00:34,  1.39s/it] 55%|█████▍    | 29/53 [00:44<00:33,  1.39s/it] 34%|███▍      | 12/35 [00:36<01:12,  3.15s/it] 57%|█████▋    | 30/53 [00:45<00:31,  1.36s/it] 40%|████      | 14/35 [00:42<01:05,  3.11s/it] 58%|█████▊    | 31/53 [00:46<00:29,  1.34s/it] 37%|███▋      | 13/35 [00:39<01:07,  3.07s/it] 60%|██████    | 32/53 [00:48<00:27,  1.33s/it] 43%|████▎     | 15/35 [00:45<01:01,  3.06s/it] 62%|██████▏   | 33/53 [00:49<00:26,  1.32s/it] 40%|████      | 14/35 [00:42<01:04,  3.08s/it] 64%|██████▍   | 34/53 [00:50<00:24,  1.31s/it] 46%|████▌     | 16/35 [00:48<00:53,  2.83s/it] 66%|██████▌   | 35/53 [00:51<00:23,  1.31s/it] 49%|████▊     | 17/35 [00:50<00:48,  2.70s/it] 68%|██████▊   | 36/53 [00:53<00:22,  1.34s/it] 43%|████▎     | 15/35 [00:45<01:00,  3.03s/it] 70%|██████▉   | 37/53 [00:54<00:21,  1.36s/it] 46%|████▌     | 16/35 [00:47<00:53,  2.80s/it] 51%|█████▏    | 18/35 [00:53<00:46,  2.75s/it] 72%|███████▏  | 38/53 [00:56<00:21,  1.41s/it] 74%|███████▎  | 39/53 [00:58<00:21,  1.51s/it] 49%|████▊     | 17/35 [00:50<00:48,  2.68s/it] 54%|█████▍    | 19/35 [00:56<00:44,  2.80s/it] 75%|███████▌  | 40/53 [00:59<00:20,  1.58s/it] 51%|█████▏    | 18/35 [00:53<00:46,  2.75s/it] 77%|███████▋  | 41/53 [01:01<00:19,  1.60s/it] 57%|█████▋    | 20/35 [00:59<00:43,  2.92s/it] 79%|███████▉  | 42/53 [01:02<00:17,  1.57s/it] 54%|█████▍    | 19/35 [00:56<00:44,  2.80s/it] 81%|████████  | 43/53 [01:04<00:15,  1.53s/it] 60%|██████    | 21/35 [01:02<00:41,  2.98s/it] 83%|████████▎ | 44/53 [01:05<00:13,  1.45s/it] 85%|████████▍ | 45/53 [01:06<00:11,  1.41s/it] 57%|█████▋    | 20/35 [00:59<00:44,  2.94s/it] 63%|██████▎   | 22/35 [01:05<00:37,  2.89s/it] 87%|████████▋ | 46/53 [01:08<00:09,  1.40s/it] 89%|████████▊ | 47/53 [01:09<00:08,  1.38s/it] 60%|██████    | 21/35 [01:02<00:42,  3.02s/it] 91%|█████████ | 48/53 [01:11<00:07,  1.43s/it] 66%|██████▌   | 23/35 [01:08<00:35,  2.98s/it] 92%|█████████▏| 49/53 [01:12<00:05,  1.41s/it] 63%|██████▎   | 22/35 [01:05<00:38,  2.94s/it] 94%|█████████▍| 50/53 [01:13<00:04,  1.37s/it] 69%|██████▊   | 24/35 [01:11<00:32,  2.92s/it] 96%|█████████▌| 51/53 [01:15<00:02,  1.34s/it] 66%|██████▌   | 23/35 [01:08<00:35,  2.99s/it] 98%|█████████▊| 52/53 [01:16<00:01,  1.34s/it] 71%|███████▏  | 25/35 [01:13<00:28,  2.85s/it]100%|██████████| 53/53 [01:17<00:00,  1.22s/it]100%|██████████| 53/53 [01:17<00:00,  1.46s/it]
/root/kallini_data/babylm_data/babylm_100M/children_stories_parsed.json
  0%|          | 0/16 [00:00<?, ?it/s] 69%|██████▊   | 24/35 [01:11<00:32,  2.92s/it] 74%|███████▍  | 26/35 [01:17<00:26,  2.99s/it]  6%|▋         | 1/16 [00:03<00:52,  3.50s/it] 71%|███████▏  | 25/35 [01:13<00:28,  2.86s/it] 77%|███████▋  | 27/35 [01:20<00:23,  2.94s/it] 74%|███████▍  | 26/35 [01:17<00:27,  3.02s/it] 80%|████████  | 28/35 [01:22<00:20,  2.88s/it] 12%|█▎        | 2/16 [00:08<01:01,  4.38s/it] 77%|███████▋  | 27/35 [01:20<00:23,  2.98s/it] 19%|█▉        | 3/16 [00:10<00:45,  3.52s/it] 83%|████████▎ | 29/35 [01:26<00:19,  3.22s/it] 80%|████████  | 28/35 [01:22<00:20,  2.91s/it] 25%|██▌       | 4/16 [00:13<00:37,  3.14s/it] 86%|████████▌ | 30/35 [01:29<00:15,  3.03s/it] 31%|███▏      | 5/16 [00:16<00:32,  2.99s/it] 83%|████████▎ | 29/35 [01:27<00:19,  3.28s/it] 89%|████████▊ | 31/35 [01:32<00:12,  3.05s/it] 38%|███▊      | 6/16 [00:19<00:30,  3.05s/it] 86%|████████▌ | 30/35 [01:29<00:15,  3.04s/it] 91%|█████████▏| 32/35 [01:35<00:09,  3.03s/it] 44%|████▍     | 7/16 [00:22<00:27,  3.06s/it] 89%|████████▊ | 31/35 [01:32<00:12,  3.10s/it] 94%|█████████▍| 33/35 [01:38<00:06,  3.05s/it] 91%|█████████▏| 32/35 [01:35<00:09,  3.08s/it] 97%|█████████▋| 34/35 [01:41<00:03,  3.02s/it] 50%|█████     | 8/16 [00:26<00:27,  3.42s/it]100%|██████████| 35/35 [01:42<00:00,  2.46s/it]100%|██████████| 35/35 [01:42<00:00,  2.94s/it]
 94%|█████████▍| 33/35 [01:38<00:06,  3.10s/it] 56%|█████▋    | 9/16 [00:30<00:24,  3.44s/it] 97%|█████████▋| 34/35 [01:42<00:03,  3.08s/it]100%|██████████| 35/35 [01:43<00:00,  2.52s/it]100%|██████████| 35/35 [01:43<00:00,  2.95s/it]
 62%|██████▎   | 10/16 [00:33<00:21,  3.51s/it] 69%|██████▉   | 11/16 [00:36<00:16,  3.33s/it] 75%|███████▌  | 12/16 [00:40<00:13,  3.44s/it]/root/kallini_data/babylm_data/babylm_100M/open_subtitles_parsed.json
  0%|          | 0/214 [00:00<?, ?it/s] 81%|████████▏ | 13/16 [00:43<00:10,  3.38s/it]  0%|          | 1/214 [00:02<09:57,  2.80s/it] 88%|████████▊ | 14/16 [00:47<00:07,  3.52s/it]  1%|          | 2/214 [00:05<09:31,  2.69s/it]/root/kallini_data/babylm_data/babylm_100M/open_subtitles_parsed.json
  0%|          | 0/214 [00:00<?, ?it/s] 94%|█████████▍| 15/16 [00:50<00:03,  3.37s/it]  1%|▏         | 3/214 [00:07<09:09,  2.60s/it]  0%|          | 1/214 [00:02<09:27,  2.66s/it]100%|██████████| 16/16 [00:51<00:00,  2.62s/it]100%|██████████| 16/16 [00:51<00:00,  3.22s/it]
/root/kallini_data/babylm_data/babylm_100M/gutenberg_parsed.json
  0%|          | 0/35 [00:00<?, ?it/s]  2%|▏         | 4/214 [00:10<09:19,  2.66s/it]  1%|          | 2/214 [00:05<09:30,  2.69s/it]  2%|▏         | 5/214 [00:13<09:18,  2.67s/it]  1%|▏         | 3/214 [00:07<09:16,  2.64s/it]  3%|▎         | 1/35 [00:04<02:25,  4.29s/it]  2%|▏         | 4/214 [00:10<09:22,  2.68s/it]  3%|▎         | 6/214 [00:16<09:36,  2.77s/it]  2%|▏         | 5/214 [00:13<09:29,  2.73s/it]  6%|▌         | 2/35 [00:08<02:22,  4.31s/it]  3%|▎         | 7/214 [00:19<09:33,  2.77s/it]  4%|▎         | 8/214 [00:21<09:23,  2.74s/it]  3%|▎         | 6/214 [00:16<09:50,  2.84s/it]  9%|▊         | 3/35 [00:12<02:10,  4.09s/it]  4%|▍         | 9/214 [00:24<09:16,  2.72s/it]  3%|▎         | 7/214 [00:19<09:44,  2.82s/it] 11%|█▏        | 4/35 [00:16<02:09,  4.17s/it]  5%|▍         | 10/214 [00:27<09:13,  2.71s/it]  4%|▎         | 8/214 [00:22<09:34,  2.79s/it]  5%|▌         | 11/214 [00:29<09:03,  2.68s/it]  4%|▍         | 9/214 [00:24<09:31,  2.79s/it] 14%|█▍        | 5/35 [00:20<02:03,  4.12s/it]  6%|▌         | 12/214 [00:32<09:12,  2.73s/it]  5%|▍         | 10/214 [00:27<09:28,  2.79s/it]  6%|▌         | 13/214 [00:35<09:06,  2.72s/it] 17%|█▋        | 6/35 [00:25<02:01,  4.19s/it]  5%|▌         | 11/214 [00:30<09:20,  2.76s/it]  7%|▋         | 14/214 [00:37<08:56,  2.68s/it]  6%|▌         | 12/214 [00:33<09:15,  2.75s/it] 20%|██        | 7/35 [00:28<01:53,  4.06s/it]  7%|▋         | 15/214 [00:40<08:52,  2.68s/it]  6%|▌         | 13/214 [00:35<09:09,  2.74s/it] 23%|██▎       | 8/35 [00:32<01:47,  3.98s/it]  7%|▋         | 16/214 [00:43<08:49,  2.67s/it]  7%|▋         | 14/214 [00:38<09:05,  2.73s/it]  8%|▊         | 17/214 [00:45<08:43,  2.66s/it]  7%|▋         | 15/214 [00:41<09:04,  2.74s/it] 26%|██▌       | 9/35 [00:38<01:54,  4.40s/it]  8%|▊         | 18/214 [00:48<08:39,  2.65s/it]  7%|▋         | 16/214 [00:43<09:03,  2.75s/it]  9%|▉         | 19/214 [00:51<08:31,  2.62s/it]  8%|▊         | 17/214 [00:46<08:59,  2.74s/it] 29%|██▊       | 10/35 [00:42<01:48,  4.33s/it]  9%|▉         | 20/214 [00:53<08:28,  2.62s/it]  8%|▊         | 18/214 [00:49<08:55,  2.73s/it] 10%|▉         | 21/214 [00:56<08:22,  2.60s/it] 31%|███▏      | 11/35 [00:46<01:42,  4.28s/it]  9%|▉         | 19/214 [00:52<08:53,  2.73s/it] 10%|█         | 22/214 [00:58<08:24,  2.63s/it]  9%|▉         | 20/214 [00:55<09:08,  2.83s/it] 34%|███▍      | 12/35 [00:50<01:40,  4.37s/it] 11%|█         | 23/214 [01:01<08:17,  2.61s/it] 10%|▉         | 21/214 [00:58<09:10,  2.85s/it] 11%|█         | 24/214 [01:04<08:16,  2.61s/it] 37%|███▋      | 13/35 [00:55<01:34,  4.29s/it] 10%|█         | 22/214 [01:00<09:03,  2.83s/it] 12%|█▏        | 25/214 [01:06<08:17,  2.63s/it] 11%|█         | 23/214 [01:03<08:52,  2.79s/it] 12%|█▏        | 26/214 [01:09<08:19,  2.66s/it] 40%|████      | 14/35 [00:59<01:31,  4.35s/it] 11%|█         | 24/214 [01:06<08:43,  2.75s/it] 13%|█▎        | 27/214 [01:12<08:15,  2.65s/it] 43%|████▎     | 15/35 [01:03<01:26,  4.34s/it] 12%|█▏        | 25/214 [01:08<08:32,  2.71s/it] 13%|█▎        | 28/214 [01:14<08:11,  2.65s/it] 12%|█▏        | 26/214 [01:11<08:35,  2.74s/it] 14%|█▎        | 29/214 [01:17<08:11,  2.66s/it] 46%|████▌     | 16/35 [01:07<01:16,  4.05s/it] 13%|█▎        | 27/214 [01:14<08:32,  2.74s/it] 14%|█▍        | 30/214 [01:20<08:05,  2.64s/it] 49%|████▊     | 17/35 [01:10<01:10,  3.91s/it] 14%|█▍        | 31/214 [01:22<07:57,  2.61s/it] 13%|█▎        | 28/214 [01:17<08:30,  2.74s/it] 15%|█▍        | 32/214 [01:25<08:00,  2.64s/it] 51%|█████▏    | 18/35 [01:14<01:07,  3.97s/it] 14%|█▎        | 29/214 [01:19<08:29,  2.75s/it] 15%|█▌        | 33/214 [01:28<08:08,  2.70s/it] 14%|█▍        | 30/214 [01:22<08:23,  2.74s/it] 54%|█████▍    | 19/35 [01:18<01:04,  4.00s/it] 16%|█▌        | 34/214 [01:30<07:57,  2.65s/it] 14%|█▍        | 31/214 [01:25<08:14,  2.70s/it] 16%|█▋        | 35/214 [01:33<07:53,  2.64s/it] 15%|█▍        | 32/214 [01:27<08:11,  2.70s/it] 57%|█████▋    | 20/35 [01:23<01:02,  4.16s/it] 17%|█▋        | 36/214 [01:35<07:50,  2.64s/it] 15%|█▌        | 33/214 [01:30<08:13,  2.73s/it] 60%|██████    | 21/35 [01:28<01:00,  4.31s/it] 17%|█▋        | 37/214 [01:38<07:46,  2.64s/it] 16%|█▌        | 34/214 [01:33<08:05,  2.70s/it] 18%|█▊        | 38/214 [01:41<07:50,  2.67s/it] 16%|█▋        | 35/214 [01:36<08:03,  2.70s/it] 63%|██████▎   | 22/35 [01:31<00:54,  4.16s/it] 18%|█▊        | 39/214 [01:44<07:50,  2.69s/it] 17%|█▋        | 36/214 [01:38<08:03,  2.72s/it] 66%|██████▌   | 23/35 [01:36<00:50,  4.24s/it] 19%|█▊        | 40/214 [01:46<08:02,  2.77s/it] 17%|█▋        | 37/214 [01:41<08:05,  2.74s/it] 19%|█▉        | 41/214 [01:49<08:02,  2.79s/it] 18%|█▊        | 38/214 [01:44<08:09,  2.78s/it] 69%|██████▊   | 24/35 [01:40<00:45,  4.17s/it] 20%|█▉        | 42/214 [01:52<07:53,  2.75s/it] 18%|█▊        | 39/214 [01:47<08:09,  2.79s/it] 71%|███████▏  | 25/35 [01:44<00:40,  4.08s/it] 20%|██        | 43/214 [01:54<07:27,  2.61s/it] 19%|█▊        | 40/214 [01:50<08:18,  2.86s/it] 21%|██        | 44/214 [01:57<07:20,  2.59s/it] 19%|█▉        | 41/214 [01:53<08:09,  2.83s/it] 74%|███████▍  | 26/35 [01:48<00:38,  4.22s/it] 21%|██        | 45/214 [01:59<07:21,  2.61s/it] 20%|█▉        | 42/214 [01:55<08:06,  2.83s/it] 21%|██▏       | 46/214 [02:02<07:26,  2.66s/it] 77%|███████▋  | 27/35 [01:52<00:33,  4.16s/it] 20%|██        | 43/214 [01:58<07:37,  2.67s/it] 22%|██▏       | 47/214 [02:05<07:18,  2.63s/it] 21%|██        | 44/214 [02:01<07:40,  2.71s/it] 80%|████████  | 28/35 [01:56<00:28,  4.06s/it] 22%|██▏       | 48/214 [02:07<07:10,  2.59s/it] 21%|██        | 45/214 [02:03<07:41,  2.73s/it] 23%|██▎       | 49/214 [02:10<07:20,  2.67s/it] 21%|██▏       | 46/214 [02:06<07:48,  2.79s/it] 83%|████████▎ | 29/35 [02:02<00:26,  4.50s/it] 23%|██▎       | 50/214 [02:13<07:13,  2.65s/it] 22%|██▏       | 47/214 [02:09<07:38,  2.75s/it] 24%|██▍       | 51/214 [02:15<07:15,  2.67s/it] 86%|████████▌ | 30/35 [02:05<00:21,  4.21s/it] 22%|██▏       | 48/214 [02:12<07:28,  2.70s/it] 24%|██▍       | 52/214 [02:18<07:09,  2.65s/it] 23%|██▎       | 49/214 [02:14<07:31,  2.74s/it] 89%|████████▊ | 31/35 [02:10<00:17,  4.27s/it] 25%|██▍       | 53/214 [02:21<07:08,  2.66s/it] 23%|██▎       | 50/214 [02:17<07:26,  2.72s/it] 25%|██▌       | 54/214 [02:23<07:06,  2.66s/it] 91%|█████████▏| 32/35 [02:14<00:12,  4.24s/it] 24%|██▍       | 51/214 [02:20<07:23,  2.72s/it] 26%|██▌       | 55/214 [02:26<07:04,  2.67s/it] 24%|██▍       | 52/214 [02:22<07:20,  2.72s/it] 94%|█████████▍| 33/35 [02:18<00:08,  4.24s/it] 26%|██▌       | 56/214 [02:29<07:06,  2.70s/it] 25%|██▍       | 53/214 [02:25<07:19,  2.73s/it] 27%|██▋       | 57/214 [02:32<07:05,  2.71s/it] 97%|█████████▋| 34/35 [02:22<00:04,  4.24s/it] 25%|██▌       | 54/214 [02:28<07:16,  2.73s/it] 27%|██▋       | 58/214 [02:34<07:00,  2.70s/it]100%|██████████| 35/35 [02:24<00:00,  3.47s/it]100%|██████████| 35/35 [02:24<00:00,  4.13s/it]
 26%|██▌       | 55/214 [02:31<07:15,  2.74s/it] 28%|██▊       | 59/214 [02:37<06:58,  2.70s/it] 26%|██▌       | 56/214 [02:34<07:17,  2.77s/it] 28%|██▊       | 60/214 [02:40<06:55,  2.70s/it] 27%|██▋       | 57/214 [02:36<07:18,  2.79s/it] 29%|██▊       | 61/214 [02:42<06:51,  2.69s/it] 27%|██▋       | 58/214 [02:39<07:15,  2.79s/it] 29%|██▉       | 62/214 [02:45<06:52,  2.72s/it] 28%|██▊       | 59/214 [02:42<07:14,  2.80s/it] 29%|██▉       | 63/214 [02:48<06:48,  2.71s/it]/root/kallini_data/babylm_data/babylm_100M/open_subtitles_parsed.json
  0%|          | 0/214 [00:00<?, ?it/s] 28%|██▊       | 60/214 [02:45<07:09,  2.79s/it] 30%|██▉       | 64/214 [02:51<06:45,  2.71s/it] 29%|██▊       | 61/214 [02:47<07:02,  2.76s/it] 30%|███       | 65/214 [02:53<06:38,  2.68s/it]  0%|          | 1/214 [00:04<14:39,  4.13s/it] 29%|██▉       | 62/214 [02:50<07:02,  2.78s/it] 31%|███       | 66/214 [02:56<06:36,  2.68s/it]  1%|          | 2/214 [00:08<14:42,  4.16s/it] 31%|███▏      | 67/214 [02:58<06:32,  2.67s/it] 29%|██▉       | 63/214 [02:53<07:07,  2.83s/it] 32%|███▏      | 68/214 [03:01<06:27,  2.65s/it] 30%|██▉       | 64/214 [02:56<07:11,  2.88s/it]  1%|▏         | 3/214 [00:12<14:36,  4.15s/it] 32%|███▏      | 69/214 [03:04<06:24,  2.65s/it] 30%|███       | 65/214 [02:59<07:13,  2.91s/it]  2%|▏         | 4/214 [00:16<14:32,  4.16s/it] 33%|███▎      | 70/214 [03:06<06:22,  2.66s/it] 31%|███       | 66/214 [03:02<07:17,  2.96s/it] 33%|███▎      | 71/214 [03:09<06:23,  2.68s/it]  2%|▏         | 5/214 [00:20<14:34,  4.18s/it] 31%|███▏      | 67/214 [03:05<07:14,  2.95s/it] 34%|███▎      | 72/214 [03:12<06:27,  2.73s/it] 32%|███▏      | 68/214 [03:08<07:00,  2.88s/it] 34%|███▍      | 73/214 [03:15<06:24,  2.73s/it]  3%|▎         | 6/214 [00:25<14:58,  4.32s/it] 32%|███▏      | 69/214 [03:11<06:53,  2.85s/it] 35%|███▍      | 74/214 [03:17<06:22,  2.73s/it] 33%|███▎      | 70/214 [03:13<06:46,  2.82s/it]  3%|▎         | 7/214 [00:29<14:48,  4.29s/it] 35%|███▌      | 75/214 [03:20<06:16,  2.71s/it] 33%|███▎      | 71/214 [03:16<06:40,  2.80s/it] 36%|███▌      | 76/214 [03:23<06:20,  2.75s/it]  4%|▎         | 8/214 [00:33<14:34,  4.24s/it] 34%|███▎      | 72/214 [03:19<06:43,  2.84s/it] 36%|███▌      | 77/214 [03:26<06:14,  2.73s/it] 34%|███▍      | 73/214 [03:22<06:40,  2.84s/it]  4%|▍         | 9/214 [00:38<14:36,  4.27s/it] 36%|███▋      | 78/214 [03:28<06:10,  2.72s/it] 35%|███▍      | 74/214 [03:25<06:32,  2.80s/it] 37%|███▋      | 79/214 [03:31<06:06,  2.72s/it]  5%|▍         | 10/214 [00:42<14:39,  4.31s/it] 35%|███▌      | 75/214 [03:27<06:27,  2.78s/it] 37%|███▋      | 80/214 [03:34<06:11,  2.77s/it] 36%|███▌      | 76/214 [03:30<06:30,  2.83s/it]  5%|▌         | 11/214 [00:46<14:28,  4.28s/it] 38%|███▊      | 81/214 [03:37<06:13,  2.81s/it] 36%|███▌      | 77/214 [03:33<06:25,  2.82s/it] 38%|███▊      | 82/214 [03:39<06:03,  2.75s/it]  6%|▌         | 12/214 [00:50<14:22,  4.27s/it] 36%|███▋      | 78/214 [03:36<06:22,  2.81s/it] 39%|███▉      | 83/214 [03:42<06:00,  2.75s/it] 37%|███▋      | 79/214 [03:39<06:17,  2.79s/it]  6%|▌         | 13/214 [00:55<14:07,  4.22s/it] 39%|███▉      | 84/214 [03:45<05:53,  2.72s/it] 37%|███▋      | 80/214 [03:42<06:14,  2.80s/it] 40%|███▉      | 85/214 [03:48<05:50,  2.72s/it]  7%|▋         | 14/214 [00:59<14:01,  4.21s/it] 38%|███▊      | 81/214 [03:44<06:16,  2.83s/it] 40%|████      | 86/214 [03:50<05:49,  2.73s/it] 38%|███▊      | 82/214 [03:47<06:07,  2.79s/it] 41%|████      | 87/214 [03:53<05:44,  2.71s/it]  7%|▋         | 15/214 [01:03<13:59,  4.22s/it] 39%|███▉      | 83/214 [03:50<05:57,  2.73s/it] 41%|████      | 88/214 [03:56<05:38,  2.69s/it]  7%|▋         | 16/214 [01:07<13:56,  4.22s/it] 39%|███▉      | 84/214 [03:52<05:54,  2.73s/it] 42%|████▏     | 89/214 [03:58<05:39,  2.72s/it] 40%|███▉      | 85/214 [03:55<05:54,  2.75s/it] 42%|████▏     | 90/214 [04:01<05:33,  2.69s/it]  8%|▊         | 17/214 [01:11<13:52,  4.22s/it] 40%|████      | 86/214 [03:58<05:56,  2.78s/it] 43%|████▎     | 91/214 [04:04<05:32,  2.70s/it]  8%|▊         | 18/214 [01:16<13:46,  4.22s/it] 41%|████      | 87/214 [04:01<05:52,  2.77s/it] 43%|████▎     | 92/214 [04:07<05:33,  2.73s/it] 41%|████      | 88/214 [04:04<05:44,  2.73s/it] 43%|████▎     | 93/214 [04:09<05:30,  2.73s/it]  9%|▉         | 19/214 [01:20<13:31,  4.16s/it] 42%|████▏     | 89/214 [04:06<05:44,  2.76s/it] 44%|████▍     | 94/214 [04:12<05:22,  2.68s/it]  9%|▉         | 20/214 [01:24<13:30,  4.18s/it] 42%|████▏     | 90/214 [04:09<05:38,  2.73s/it] 44%|████▍     | 95/214 [04:14<05:16,  2.66s/it] 45%|████▍     | 96/214 [04:17<05:17,  2.69s/it] 43%|████▎     | 91/214 [04:12<05:39,  2.76s/it] 10%|▉         | 21/214 [01:28<13:41,  4.25s/it] 45%|████▌     | 97/214 [04:20<05:12,  2.67s/it] 43%|████▎     | 92/214 [04:15<05:37,  2.77s/it] 46%|████▌     | 98/214 [04:23<05:13,  2.70s/it] 43%|████▎     | 93/214 [04:17<05:29,  2.73s/it] 10%|█         | 22/214 [01:33<13:57,  4.36s/it] 46%|████▋     | 99/214 [04:25<05:07,  2.68s/it] 44%|████▍     | 94/214 [04:20<05:22,  2.69s/it] 11%|█         | 23/214 [01:37<13:48,  4.34s/it] 47%|████▋     | 100/214 [04:28<05:00,  2.64s/it] 44%|████▍     | 95/214 [04:23<05:19,  2.68s/it] 47%|████▋     | 101/214 [04:31<05:02,  2.67s/it] 45%|████▍     | 96/214 [04:25<05:21,  2.72s/it] 11%|█         | 24/214 [01:42<13:49,  4.37s/it] 48%|████▊     | 102/214 [04:33<04:56,  2.65s/it] 45%|████▌     | 97/214 [04:28<05:18,  2.72s/it] 48%|████▊     | 103/214 [04:36<04:56,  2.67s/it] 12%|█▏        | 25/214 [01:46<13:40,  4.34s/it] 46%|████▌     | 98/214 [04:31<05:18,  2.75s/it] 49%|████▊     | 104/214 [04:39<04:55,  2.69s/it] 46%|████▋     | 99/214 [04:34<05:15,  2.74s/it] 12%|█▏        | 26/214 [01:50<13:32,  4.32s/it] 49%|████▉     | 105/214 [04:41<04:55,  2.72s/it] 47%|████▋     | 100/214 [04:36<05:11,  2.73s/it] 50%|████▉     | 106/214 [04:44<04:54,  2.73s/it] 47%|████▋     | 101/214 [04:39<05:12,  2.77s/it] 13%|█▎        | 27/214 [01:55<13:27,  4.32s/it] 50%|█████     | 107/214 [04:47<04:56,  2.77s/it] 48%|████▊     | 102/214 [04:42<05:05,  2.73s/it] 13%|█▎        | 28/214 [01:59<13:12,  4.26s/it] 50%|█████     | 108/214 [04:50<04:50,  2.74s/it] 48%|████▊     | 103/214 [04:45<05:07,  2.77s/it] 51%|█████     | 109/214 [04:52<04:44,  2.71s/it] 49%|████▊     | 104/214 [04:47<05:03,  2.76s/it] 14%|█▎        | 29/214 [02:03<13:05,  4.25s/it] 51%|█████▏    | 110/214 [04:55<04:36,  2.66s/it] 49%|████▉     | 105/214 [04:50<04:58,  2.73s/it] 14%|█▍        | 30/214 [02:07<12:55,  4.22s/it] 52%|█████▏    | 111/214 [04:58<04:39,  2.71s/it] 50%|████▉     | 106/214 [04:53<04:55,  2.74s/it] 52%|█████▏    | 112/214 [05:00<04:36,  2.71s/it] 50%|█████     | 107/214 [04:56<04:52,  2.73s/it] 14%|█▍        | 31/214 [02:11<12:43,  4.17s/it] 53%|█████▎    | 113/214 [05:03<04:36,  2.74s/it] 50%|█████     | 108/214 [04:58<04:56,  2.80s/it] 15%|█▍        | 32/214 [02:15<12:37,  4.16s/it] 53%|█████▎    | 114/214 [05:06<04:30,  2.71s/it] 51%|█████     | 109/214 [05:01<04:51,  2.77s/it] 54%|█████▎    | 115/214 [05:09<04:28,  2.71s/it] 51%|█████▏    | 110/214 [05:04<04:45,  2.74s/it] 15%|█▌        | 33/214 [02:20<12:42,  4.21s/it] 54%|█████▍    | 116/214 [05:11<04:27,  2.72s/it] 52%|█████▏    | 111/214 [05:07<04:47,  2.80s/it] 16%|█▌        | 34/214 [02:24<12:31,  4.17s/it] 55%|█████▍    | 117/214 [05:14<04:27,  2.76s/it] 52%|█████▏    | 112/214 [05:09<04:42,  2.77s/it] 55%|█████▌    | 118/214 [05:17<04:26,  2.77s/it] 53%|█████▎    | 113/214 [05:12<04:44,  2.81s/it] 16%|█▋        | 35/214 [02:28<12:43,  4.26s/it] 56%|█████▌    | 119/214 [05:20<04:17,  2.71s/it] 53%|█████▎    | 114/214 [05:15<04:38,  2.79s/it] 56%|█████▌    | 120/214 [05:22<04:12,  2.68s/it] 17%|█▋        | 36/214 [02:32<12:29,  4.21s/it] 54%|█████▎    | 115/214 [05:18<04:33,  2.77s/it] 57%|█████▋    | 121/214 [05:25<04:12,  2.71s/it] 54%|█████▍    | 116/214 [05:21<04:29,  2.75s/it] 17%|█▋        | 37/214 [02:36<12:18,  4.17s/it] 57%|█████▋    | 122/214 [05:28<04:07,  2.69s/it] 55%|█████▍    | 117/214 [05:24<04:33,  2.82s/it] 57%|█████▋    | 123/214 [05:30<04:01,  2.66s/it] 18%|█▊        | 38/214 [02:41<12:17,  4.19s/it] 55%|█████▌    | 118/214 [05:26<04:31,  2.82s/it] 58%|█████▊    | 124/214 [05:33<04:03,  2.70s/it] 56%|█████▌    | 119/214 [05:29<04:22,  2.76s/it] 18%|█▊        | 39/214 [02:45<12:16,  4.21s/it] 58%|█████▊    | 125/214 [05:36<04:00,  2.71s/it] 56%|█████▌    | 120/214 [05:32<04:21,  2.79s/it] 59%|█████▉    | 126/214 [05:38<03:56,  2.69s/it] 19%|█▊        | 40/214 [02:49<12:29,  4.31s/it] 57%|█████▋    | 121/214 [05:35<04:21,  2.81s/it] 59%|█████▉    | 127/214 [05:41<03:58,  2.74s/it] 57%|█████▋    | 122/214 [05:37<04:15,  2.77s/it] 19%|█▉        | 41/214 [02:54<12:20,  4.28s/it] 60%|█████▉    | 128/214 [05:44<03:56,  2.75s/it] 57%|█████▋    | 123/214 [05:40<04:09,  2.75s/it] 60%|██████    | 129/214 [05:47<03:59,  2.82s/it] 20%|█▉        | 42/214 [02:58<12:16,  4.28s/it] 58%|█████▊    | 124/214 [05:43<04:13,  2.81s/it] 61%|██████    | 130/214 [05:50<03:52,  2.77s/it] 58%|█████▊    | 125/214 [05:46<04:12,  2.84s/it] 20%|██        | 43/214 [03:01<11:30,  4.04s/it] 61%|██████    | 131/214 [05:52<03:48,  2.75s/it] 59%|█████▉    | 126/214 [05:49<04:14,  2.89s/it] 62%|██████▏   | 132/214 [05:55<03:48,  2.78s/it] 21%|██        | 44/214 [03:05<11:32,  4.08s/it] 59%|█████▉    | 127/214 [05:52<04:14,  2.93s/it] 62%|██████▏   | 133/214 [05:58<03:40,  2.72s/it] 21%|██        | 45/214 [03:10<11:38,  4.14s/it] 60%|█████▉    | 128/214 [05:55<04:05,  2.85s/it] 63%|██████▎   | 134/214 [06:00<03:36,  2.71s/it] 63%|██████▎   | 135/214 [06:03<03:30,  2.67s/it] 60%|██████    | 129/214 [05:58<04:10,  2.94s/it] 21%|██▏       | 46/214 [03:14<11:46,  4.20s/it] 64%|██████▎   | 136/214 [06:06<03:31,  2.71s/it] 61%|██████    | 130/214 [06:00<04:00,  2.86s/it] 22%|██▏       | 47/214 [03:18<11:42,  4.21s/it] 64%|██████▍   | 137/214 [06:09<03:29,  2.72s/it] 61%|██████    | 131/214 [06:03<03:56,  2.85s/it] 64%|██████▍   | 138/214 [06:11<03:24,  2.69s/it] 62%|██████▏   | 132/214 [06:06<03:55,  2.87s/it] 22%|██▏       | 48/214 [03:22<11:27,  4.14s/it] 65%|██████▍   | 139/214 [06:14<03:22,  2.71s/it] 62%|██████▏   | 133/214 [06:09<03:47,  2.81s/it] 65%|██████▌   | 140/214 [06:16<03:15,  2.65s/it] 23%|██▎       | 49/214 [03:27<11:37,  4.23s/it] 63%|██████▎   | 134/214 [06:12<03:44,  2.81s/it] 66%|██████▌   | 141/214 [06:19<03:14,  2.66s/it] 63%|██████▎   | 135/214 [06:14<03:36,  2.74s/it] 23%|██▎       | 50/214 [03:31<11:27,  4.19s/it] 66%|██████▋   | 142/214 [06:22<03:09,  2.64s/it] 64%|██████▎   | 136/214 [06:17<03:37,  2.79s/it] 67%|██████▋   | 143/214 [06:24<03:08,  2.65s/it] 24%|██▍       | 51/214 [03:35<11:22,  4.18s/it] 64%|██████▍   | 137/214 [06:20<03:36,  2.81s/it] 67%|██████▋   | 144/214 [06:27<03:08,  2.69s/it] 64%|██████▍   | 138/214 [06:23<03:31,  2.79s/it] 24%|██▍       | 52/214 [03:39<11:19,  4.19s/it] 68%|██████▊   | 145/214 [06:30<03:07,  2.72s/it] 65%|██████▍   | 139/214 [06:26<03:32,  2.83s/it] 68%|██████▊   | 146/214 [06:33<03:06,  2.74s/it] 25%|██▍       | 53/214 [03:44<11:23,  4.25s/it] 65%|██████▌   | 140/214 [06:28<03:23,  2.75s/it] 69%|██████▊   | 147/214 [06:35<03:01,  2.71s/it] 66%|██████▌   | 141/214 [06:31<03:20,  2.74s/it] 25%|██▌       | 54/214 [03:48<11:21,  4.26s/it] 69%|██████▉   | 148/214 [06:38<02:59,  2.71s/it] 66%|██████▋   | 142/214 [06:34<03:15,  2.71s/it] 70%|██████▉   | 149/214 [06:41<02:55,  2.70s/it] 67%|██████▋   | 143/214 [06:36<03:14,  2.74s/it] 26%|██▌       | 55/214 [03:52<11:20,  4.28s/it] 70%|███████   | 150/214 [06:44<02:54,  2.73s/it] 67%|██████▋   | 144/214 [06:39<03:11,  2.73s/it] 71%|███████   | 151/214 [06:46<02:50,  2.71s/it] 26%|██▌       | 56/214 [03:57<11:17,  4.29s/it] 68%|██████▊   | 145/214 [06:42<03:09,  2.74s/it] 71%|███████   | 152/214 [06:49<02:47,  2.70s/it] 68%|██████▊   | 146/214 [06:45<03:08,  2.77s/it] 27%|██▋       | 57/214 [04:01<11:15,  4.30s/it] 71%|███████▏  | 153/214 [06:51<02:43,  2.67s/it] 69%|██████▊   | 147/214 [06:48<03:05,  2.77s/it] 72%|███████▏  | 154/214 [06:54<02:41,  2.69s/it] 27%|██▋       | 58/214 [04:05<11:05,  4.27s/it] 69%|██████▉   | 148/214 [06:50<03:04,  2.79s/it] 72%|███████▏  | 155/214 [06:57<02:39,  2.71s/it] 70%|██████▉   | 149/214 [06:53<03:02,  2.81s/it] 28%|██▊       | 59/214 [04:09<10:56,  4.24s/it] 73%|███████▎  | 156/214 [07:00<02:38,  2.73s/it] 70%|███████   | 150/214 [06:56<03:01,  2.84s/it] 73%|███████▎  | 157/214 [07:02<02:34,  2.70s/it] 28%|██▊       | 60/214 [04:13<10:51,  4.23s/it] 71%|███████   | 151/214 [06:59<03:01,  2.88s/it] 74%|███████▍  | 158/214 [07:05<02:34,  2.76s/it] 71%|███████   | 152/214 [07:02<02:56,  2.85s/it] 29%|██▊       | 61/214 [04:18<10:46,  4.23s/it] 74%|███████▍  | 159/214 [07:08<02:32,  2.77s/it] 71%|███████▏  | 153/214 [07:05<02:50,  2.80s/it] 75%|███████▍  | 160/214 [07:11<02:29,  2.76s/it] 29%|██▉       | 62/214 [04:22<10:44,  4.24s/it] 72%|███████▏  | 154/214 [07:07<02:48,  2.81s/it] 75%|███████▌  | 161/214 [07:14<02:26,  2.76s/it] 72%|███████▏  | 155/214 [07:10<02:46,  2.82s/it] 29%|██▉       | 63/214 [04:26<10:38,  4.23s/it] 76%|███████▌  | 162/214 [07:16<02:24,  2.78s/it] 73%|███████▎  | 156/214 [07:13<02:45,  2.86s/it] 76%|███████▌  | 163/214 [07:19<02:21,  2.77s/it] 30%|██▉       | 64/214 [04:30<10:33,  4.22s/it] 73%|███████▎  | 157/214 [07:16<02:40,  2.82s/it] 77%|███████▋  | 164/214 [07:22<02:18,  2.76s/it] 74%|███████▍  | 158/214 [07:19<02:40,  2.86s/it] 30%|███       | 65/214 [04:35<10:28,  4.22s/it] 77%|███████▋  | 165/214 [07:25<02:15,  2.77s/it] 74%|███████▍  | 159/214 [07:22<02:36,  2.85s/it] 78%|███████▊  | 166/214 [07:27<02:11,  2.73s/it] 31%|███       | 66/214 [04:39<10:29,  4.25s/it] 75%|███████▍  | 160/214 [07:24<02:32,  2.82s/it] 78%|███████▊  | 167/214 [07:30<02:10,  2.78s/it] 75%|███████▌  | 161/214 [07:27<02:27,  2.79s/it] 79%|███████▊  | 168/214 [07:33<02:08,  2.79s/it] 31%|███▏      | 67/214 [04:43<10:29,  4.28s/it] 76%|███████▌  | 162/214 [07:30<02:25,  2.80s/it] 79%|███████▉  | 169/214 [07:36<02:04,  2.76s/it] 32%|███▏      | 68/214 [04:47<10:18,  4.23s/it] 79%|███████▉  | 170/214 [07:38<01:58,  2.69s/it] 76%|███████▌  | 163/214 [07:33<02:23,  2.81s/it] 80%|███████▉  | 171/214 [07:41<01:54,  2.67s/it] 77%|███████▋  | 164/214 [07:36<02:20,  2.81s/it] 32%|███▏      | 69/214 [04:51<10:06,  4.18s/it] 80%|████████  | 172/214 [07:44<01:53,  2.70s/it] 77%|███████▋  | 165/214 [07:38<02:17,  2.80s/it] 33%|███▎      | 70/214 [04:56<10:07,  4.22s/it] 81%|████████  | 173/214 [07:46<01:51,  2.72s/it] 78%|███████▊  | 166/214 [07:41<02:11,  2.75s/it] 81%|████████▏ | 174/214 [07:49<01:47,  2.69s/it] 78%|███████▊  | 167/214 [07:44<02:11,  2.79s/it] 33%|███▎      | 71/214 [05:00<09:58,  4.18s/it] 82%|████████▏ | 175/214 [07:52<01:50,  2.84s/it] 79%|███████▊  | 168/214 [07:47<02:09,  2.82s/it] 34%|███▎      | 72/214 [05:04<10:05,  4.27s/it] 82%|████████▏ | 176/214 [07:55<01:47,  2.82s/it] 79%|███████▉  | 169/214 [07:50<02:06,  2.82s/it] 83%|████████▎ | 177/214 [07:58<01:42,  2.77s/it] 79%|███████▉  | 170/214 [07:52<02:01,  2.77s/it] 34%|███▍      | 73/214 [05:09<10:02,  4.28s/it] 80%|███████▉  | 171/214 [07:55<01:59,  2.78s/it] 83%|████████▎ | 178/214 [08:01<01:41,  2.82s/it] 35%|███▍      | 74/214 [05:13<09:53,  4.24s/it] 84%|████████▎ | 179/214 [08:03<01:36,  2.75s/it] 80%|████████  | 172/214 [07:58<01:57,  2.80s/it] 84%|████████▍ | 180/214 [08:06<01:33,  2.74s/it] 81%|████████  | 173/214 [08:01<01:54,  2.80s/it] 35%|███▌      | 75/214 [05:17<09:49,  4.24s/it] 85%|████████▍ | 181/214 [08:09<01:31,  2.78s/it] 81%|████████▏ | 174/214 [08:03<01:51,  2.78s/it] 85%|████████▌ | 182/214 [08:11<01:27,  2.74s/it] 36%|███▌      | 76/214 [05:21<09:52,  4.29s/it] 82%|████████▏ | 175/214 [08:07<01:52,  2.90s/it] 86%|████████▌ | 183/214 [08:14<01:24,  2.73s/it] 82%|████████▏ | 176/214 [08:10<01:49,  2.89s/it] 36%|███▌      | 77/214 [05:26<09:45,  4.27s/it] 86%|████████▌ | 184/214 [08:17<01:21,  2.73s/it] 83%|████████▎ | 177/214 [08:12<01:46,  2.88s/it] 86%|████████▋ | 185/214 [08:20<01:18,  2.72s/it] 36%|███▋      | 78/214 [05:30<09:43,  4.29s/it] 83%|████████▎ | 178/214 [08:15<01:44,  2.90s/it] 87%|████████▋ | 186/214 [08:22<01:17,  2.76s/it] 84%|████████▎ | 179/214 [08:18<01:38,  2.82s/it] 37%|███▋      | 79/214 [05:34<09:37,  4.28s/it] 87%|████████▋ | 187/214 [08:25<01:14,  2.76s/it] 84%|████████▍ | 180/214 [08:21<01:35,  2.82s/it] 88%|████████▊ | 188/214 [08:28<01:10,  2.72s/it] 37%|███▋      | 80/214 [05:38<09:32,  4.27s/it] 85%|████████▍ | 181/214 [08:24<01:35,  2.89s/it] 88%|████████▊ | 189/214 [08:30<01:07,  2.70s/it] 85%|████████▌ | 182/214 [08:27<01:30,  2.83s/it] 38%|███▊      | 81/214 [05:43<09:34,  4.32s/it] 89%|████████▉ | 190/214 [08:33<01:05,  2.72s/it] 86%|████████▌ | 183/214 [08:29<01:27,  2.83s/it] 89%|████████▉ | 191/214 [08:36<01:02,  2.74s/it] 38%|███▊      | 82/214 [05:47<09:23,  4.27s/it] 86%|████████▌ | 184/214 [08:32<01:24,  2.81s/it] 90%|████████▉ | 192/214 [08:39<01:00,  2.73s/it] 86%|████████▋ | 185/214 [08:35<01:21,  2.80s/it] 39%|███▉      | 83/214 [05:51<09:12,  4.22s/it] 90%|█████████ | 193/214 [08:41<00:57,  2.72s/it] 87%|████████▋ | 186/214 [08:38<01:19,  2.82s/it] 91%|█████████ | 194/214 [08:44<00:54,  2.72s/it] 39%|███▉      | 84/214 [05:55<09:11,  4.25s/it] 87%|████████▋ | 187/214 [08:41<01:16,  2.84s/it] 91%|█████████ | 195/214 [08:47<00:52,  2.78s/it] 88%|████████▊ | 188/214 [08:43<01:13,  2.84s/it] 92%|█████████▏| 196/214 [08:50<00:50,  2.78s/it] 40%|███▉      | 85/214 [06:00<09:11,  4.28s/it] 88%|████████▊ | 189/214 [08:46<01:11,  2.85s/it] 92%|█████████▏| 197/214 [08:52<00:46,  2.75s/it] 40%|████      | 86/214 [06:04<09:11,  4.31s/it] 89%|████████▉ | 190/214 [08:49<01:08,  2.85s/it] 93%|█████████▎| 198/214 [08:55<00:43,  2.73s/it] 89%|████████▉ | 191/214 [08:52<01:05,  2.85s/it] 93%|█████████▎| 199/214 [08:58<00:40,  2.67s/it] 41%|████      | 87/214 [06:08<09:03,  4.28s/it] 90%|████████▉ | 192/214 [08:55<01:02,  2.85s/it] 93%|█████████▎| 200/214 [09:00<00:37,  2.70s/it] 41%|████      | 88/214 [06:12<08:53,  4.23s/it] 90%|█████████ | 193/214 [08:58<00:59,  2.81s/it] 94%|█████████▍| 201/214 [09:03<00:35,  2.70s/it] 94%|█████████▍| 202/214 [09:06<00:32,  2.70s/it] 91%|█████████ | 194/214 [09:00<00:56,  2.81s/it] 42%|████▏     | 89/214 [06:17<08:56,  4.29s/it] 91%|█████████ | 195/214 [09:03<00:53,  2.82s/it] 95%|█████████▍| 203/214 [09:09<00:30,  2.76s/it] 42%|████▏     | 90/214 [06:21<08:45,  4.24s/it] 95%|█████████▌| 204/214 [09:12<00:27,  2.77s/it] 92%|█████████▏| 196/214 [09:06<00:51,  2.87s/it] 96%|█████████▌| 205/214 [09:14<00:25,  2.81s/it] 92%|█████████▏| 197/214 [09:09<00:49,  2.88s/it] 43%|████▎     | 91/214 [06:25<08:44,  4.26s/it] 96%|█████████▋| 206/214 [09:17<00:22,  2.84s/it] 93%|█████████▎| 198/214 [09:12<00:45,  2.86s/it] 43%|████▎     | 92/214 [06:30<08:38,  4.25s/it] 93%|█████████▎| 199/214 [09:15<00:42,  2.81s/it] 97%|█████████▋| 207/214 [09:20<00:20,  2.86s/it] 93%|█████████▎| 200/214 [09:17<00:39,  2.80s/it] 97%|█████████▋| 208/214 [09:23<00:17,  2.86s/it] 43%|████▎     | 93/214 [06:34<08:32,  4.24s/it] 94%|█████████▍| 201/214 [09:20<00:35,  2.77s/it] 98%|█████████▊| 209/214 [09:26<00:14,  2.82s/it] 44%|████▍     | 94/214 [06:38<08:28,  4.24s/it] 94%|█████████▍| 202/214 [09:23<00:32,  2.74s/it] 98%|█████████▊| 210/214 [09:29<00:11,  2.79s/it] 95%|█████████▍| 203/214 [09:26<00:30,  2.81s/it] 99%|█████████▊| 211/214 [09:31<00:08,  2.76s/it] 44%|████▍     | 95/214 [06:42<08:19,  4.20s/it] 95%|█████████▌| 204/214 [09:29<00:28,  2.82s/it] 99%|█████████▉| 212/214 [09:34<00:05,  2.88s/it] 45%|████▍     | 96/214 [06:46<08:20,  4.24s/it] 96%|█████████▌| 205/214 [09:32<00:25,  2.84s/it]100%|█████████▉| 213/214 [09:37<00:02,  2.86s/it]100%|██████████| 214/214 [09:38<00:00,  2.24s/it]100%|██████████| 214/214 [09:38<00:00,  2.70s/it]
 96%|█████████▋| 206/214 [09:34<00:22,  2.85s/it] 45%|████▌     | 97/214 [06:51<08:13,  4.22s/it] 97%|█████████▋| 207/214 [09:37<00:20,  2.88s/it] 46%|████▌     | 98/214 [06:55<08:10,  4.23s/it] 97%|█████████▋| 208/214 [09:40<00:17,  2.88s/it]/root/kallini_data/babylm_data/babylm_100M/qed_parsed.json
  0%|          | 0/37 [00:00<?, ?it/s] 98%|█████████▊| 209/214 [09:43<00:14,  2.88s/it] 46%|████▋     | 99/214 [06:59<08:05,  4.22s/it]  3%|▎         | 1/37 [00:03<02:12,  3.67s/it] 98%|█████████▊| 210/214 [09:46<00:11,  2.92s/it]  5%|▌         | 2/37 [00:07<02:07,  3.65s/it] 47%|████▋     | 100/214 [07:03<07:56,  4.18s/it] 99%|█████████▊| 211/214 [09:49<00:08,  2.86s/it]  8%|▊         | 3/37 [00:10<02:02,  3.59s/it] 99%|█████████▉| 212/214 [09:52<00:05,  2.98s/it] 47%|████▋     | 101/214 [07:08<08:08,  4.32s/it] 11%|█         | 4/37 [00:14<01:57,  3.55s/it]100%|█████████▉| 213/214 [09:55<00:02,  2.92s/it]100%|██████████| 214/214 [09:56<00:00,  2.27s/it]100%|██████████| 214/214 [09:56<00:00,  2.79s/it]
 48%|████▊     | 102/214 [07:12<08:00,  4.29s/it] 14%|█▎        | 5/37 [00:17<01:54,  3.57s/it] 48%|████▊     | 103/214 [07:16<07:56,  4.30s/it] 16%|█▌        | 6/37 [00:21<01:52,  3.62s/it]/root/kallini_data/babylm_data/babylm_100M/qed_parsed.json
  0%|          | 0/37 [00:00<?, ?it/s] 49%|████▊     | 104/214 [07:21<07:51,  4.29s/it] 19%|█▉        | 7/37 [00:25<01:48,  3.62s/it]  3%|▎         | 1/37 [00:03<02:10,  3.63s/it] 49%|████▉     | 105/214 [07:25<07:43,  4.26s/it] 22%|██▏       | 8/37 [00:29<01:46,  3.69s/it]  5%|▌         | 2/37 [00:07<02:11,  3.75s/it] 24%|██▍       | 9/37 [00:32<01:40,  3.60s/it] 50%|████▉     | 106/214 [07:29<07:39,  4.26s/it]  8%|▊         | 3/37 [00:11<02:06,  3.72s/it] 27%|██▋       | 10/37 [00:36<01:37,  3.61s/it] 11%|█         | 4/37 [00:14<02:01,  3.67s/it] 50%|█████     | 107/214 [07:33<07:33,  4.24s/it] 30%|██▉       | 11/37 [00:39<01:34,  3.63s/it] 14%|█▎        | 5/37 [00:18<01:58,  3.69s/it] 50%|█████     | 108/214 [07:37<07:28,  4.23s/it] 32%|███▏      | 12/37 [00:43<01:29,  3.57s/it] 16%|█▌        | 6/37 [00:22<01:56,  3.76s/it] 51%|█████     | 109/214 [07:42<07:26,  4.25s/it] 35%|███▌      | 13/37 [00:46<01:26,  3.61s/it] 19%|█▉        | 7/37 [00:26<01:52,  3.75s/it] 51%|█████▏    | 110/214 [07:46<07:16,  4.19s/it] 38%|███▊      | 14/37 [00:50<01:23,  3.63s/it] 22%|██▏       | 8/37 [00:30<01:53,  3.90s/it] 41%|████      | 15/37 [00:54<01:21,  3.70s/it] 52%|█████▏    | 111/214 [07:50<07:22,  4.30s/it] 24%|██▍       | 9/37 [00:33<01:46,  3.80s/it] 43%|████▎     | 16/37 [00:58<01:16,  3.66s/it] 52%|█████▏    | 112/214 [07:55<07:17,  4.29s/it] 27%|██▋       | 10/37 [00:37<01:43,  3.83s/it] 46%|████▌     | 17/37 [01:01<01:13,  3.67s/it] 53%|█████▎    | 113/214 [07:59<07:19,  4.35s/it] 30%|██▉       | 11/37 [00:41<01:38,  3.80s/it] 49%|████▊     | 18/37 [01:05<01:09,  3.66s/it] 32%|███▏      | 12/37 [00:45<01:33,  3.73s/it] 53%|█████▎    | 114/214 [08:03<07:13,  4.34s/it] 51%|█████▏    | 19/37 [01:09<01:06,  3.70s/it] 35%|███▌      | 13/37 [00:48<01:30,  3.76s/it] 54%|█████▎    | 115/214 [08:08<07:08,  4.32s/it] 54%|█████▍    | 20/37 [01:12<01:02,  3.70s/it] 38%|███▊      | 14/37 [00:52<01:27,  3.78s/it] 54%|█████▍    | 116/214 [08:12<06:57,  4.26s/it] 57%|█████▋    | 21/37 [01:16<00:59,  3.71s/it] 41%|████      | 15/37 [00:56<01:24,  3.83s/it] 59%|█████▉    | 22/37 [01:20<00:55,  3.71s/it] 55%|█████▍    | 117/214 [08:16<06:53,  4.26s/it] 43%|████▎     | 16/37 [01:00<01:18,  3.75s/it] 62%|██████▏   | 23/37 [01:24<00:52,  3.74s/it] 55%|█████▌    | 118/214 [08:20<06:48,  4.25s/it] 46%|████▌     | 17/37 [01:04<01:15,  3.76s/it] 65%|██████▍   | 24/37 [01:27<00:48,  3.75s/it] 56%|█████▌    | 119/214 [08:24<06:38,  4.20s/it] 49%|████▊     | 18/37 [01:07<01:11,  3.74s/it] 68%|██████▊   | 25/37 [01:31<00:43,  3.62s/it] 56%|█████▌    | 120/214 [08:29<06:34,  4.20s/it] 51%|█████▏    | 19/37 [01:11<01:08,  3.80s/it] 70%|███████   | 26/37 [01:34<00:39,  3.63s/it] 57%|█████▋    | 121/214 [08:33<06:34,  4.24s/it] 54%|█████▍    | 20/37 [01:15<01:05,  3.83s/it] 73%|███████▎  | 27/37 [01:38<00:36,  3.68s/it] 57%|█████▋    | 122/214 [08:37<06:28,  4.22s/it] 57%|█████▋    | 21/37 [01:19<01:01,  3.84s/it] 76%|███████▌  | 28/37 [01:42<00:34,  3.78s/it] 57%|█████▋    | 123/214 [08:41<06:20,  4.18s/it] 59%|█████▉    | 22/37 [01:23<00:57,  3.83s/it] 78%|███████▊  | 29/37 [01:46<00:29,  3.72s/it] 62%|██████▏   | 23/37 [01:27<00:54,  3.86s/it] 81%|████████  | 30/37 [01:49<00:25,  3.68s/it] 58%|█████▊    | 124/214 [08:46<06:22,  4.25s/it] 84%|████████▍ | 31/37 [01:53<00:21,  3.65s/it] 65%|██████▍   | 24/37 [01:31<00:50,  3.90s/it] 58%|█████▊    | 125/214 [08:50<06:19,  4.27s/it] 68%|██████▊   | 25/37 [01:34<00:44,  3.75s/it] 86%|████████▋ | 32/37 [01:57<00:18,  3.65s/it] 59%|█████▉    | 126/214 [08:54<06:13,  4.25s/it] 70%|███████   | 26/37 [01:38<00:40,  3.71s/it] 89%|████████▉ | 33/37 [02:00<00:14,  3.65s/it] 59%|█████▉    | 127/214 [08:59<06:16,  4.33s/it] 92%|█████████▏| 34/37 [02:04<00:10,  3.58s/it] 73%|███████▎  | 27/37 [01:42<00:37,  3.75s/it] 60%|█████▉    | 128/214 [09:03<06:06,  4.27s/it] 95%|█████████▍| 35/37 [02:07<00:07,  3.55s/it] 76%|███████▌  | 28/37 [01:45<00:34,  3.81s/it] 97%|█████████▋| 36/37 [02:11<00:03,  3.62s/it] 60%|██████    | 129/214 [09:07<06:12,  4.38s/it] 78%|███████▊  | 29/37 [01:49<00:30,  3.81s/it]100%|██████████| 37/37 [02:14<00:00,  3.38s/it]100%|██████████| 37/37 [02:14<00:00,  3.63s/it]
 61%|██████    | 130/214 [09:11<05:59,  4.28s/it] 81%|████████  | 30/37 [01:53<00:26,  3.81s/it]/root/kallini_data/babylm_data/babylm_100M/simple_wikipedia_parsed.json
  0%|          | 0/74 [00:00<?, ?it/s] 84%|████████▍ | 31/37 [01:57<00:23,  3.84s/it] 61%|██████    | 131/214 [09:16<05:57,  4.31s/it]  1%|▏         | 1/74 [00:02<03:08,  2.59s/it]  3%|▎         | 2/74 [00:05<03:10,  2.64s/it] 86%|████████▋ | 32/37 [02:01<00:19,  3.81s/it] 62%|██████▏   | 132/214 [09:20<05:53,  4.31s/it]  4%|▍         | 3/74 [00:07<03:06,  2.63s/it] 89%|████████▉ | 33/37 [02:05<00:15,  3.82s/it]  5%|▌         | 4/74 [00:10<03:04,  2.63s/it] 62%|██████▏   | 133/214 [09:24<05:42,  4.23s/it]  7%|▋         | 5/74 [00:13<03:02,  2.65s/it] 92%|█████████▏| 34/37 [02:08<00:11,  3.71s/it] 63%|██████▎   | 134/214 [09:28<05:37,  4.22s/it]  8%|▊         | 6/74 [00:15<02:54,  2.57s/it] 95%|█████████▍| 35/37 [02:12<00:07,  3.70s/it]  9%|▉         | 7/74 [00:18<02:56,  2.64s/it] 63%|██████▎   | 135/214 [09:32<05:28,  4.15s/it] 97%|█████████▋| 36/37 [02:16<00:03,  3.81s/it] 11%|█         | 8/74 [00:21<02:58,  2.71s/it] 64%|██████▎   | 136/214 [09:37<05:29,  4.23s/it] 12%|█▏        | 9/74 [00:23<02:48,  2.59s/it]100%|██████████| 37/37 [02:19<00:00,  3.56s/it]100%|██████████| 37/37 [02:19<00:00,  3.76s/it]
 14%|█▎        | 10/74 [00:26<02:45,  2.59s/it]/root/kallini_data/babylm_data/babylm_100M/simple_wikipedia_parsed.json
  0%|          | 0/74 [00:00<?, ?it/s] 64%|██████▍   | 137/214 [09:41<05:26,  4.24s/it] 15%|█▍        | 11/74 [00:28<02:41,  2.57s/it]  1%|▏         | 1/74 [00:02<03:16,  2.69s/it] 16%|█▌        | 12/74 [00:31<02:36,  2.52s/it] 64%|██████▍   | 138/214 [09:45<05:19,  4.20s/it]  3%|▎         | 2/74 [00:05<03:21,  2.79s/it] 18%|█▊        | 13/74 [00:33<02:33,  2.52s/it]  4%|▍         | 3/74 [00:08<03:13,  2.73s/it] 19%|█▉        | 14/74 [00:35<02:28,  2.47s/it] 65%|██████▍   | 139/214 [09:49<05:15,  4.20s/it]  5%|▌         | 4/74 [00:11<03:14,  2.78s/it] 20%|██        | 15/74 [00:38<02:25,  2.46s/it] 65%|██████▌   | 140/214 [09:53<05:03,  4.10s/it] 22%|██▏       | 16/74 [00:40<02:23,  2.47s/it]  7%|▋         | 5/74 [00:13<03:11,  2.78s/it] 23%|██▎       | 17/74 [00:43<02:20,  2.47s/it]  8%|▊         | 6/74 [00:16<03:02,  2.69s/it] 66%|██████▌   | 141/214 [09:57<04:57,  4.08s/it] 24%|██▍       | 18/74 [00:45<02:19,  2.50s/it]  9%|▉         | 7/74 [00:19<03:02,  2.73s/it] 66%|██████▋   | 142/214 [10:01<04:52,  4.06s/it] 26%|██▌       | 19/74 [00:48<02:19,  2.53s/it] 11%|█         | 8/74 [00:22<03:03,  2.78s/it] 27%|██▋       | 20/74 [00:51<02:22,  2.64s/it] 12%|█▏        | 9/74 [00:24<02:54,  2.68s/it] 67%|██████▋   | 143/214 [10:05<04:50,  4.10s/it] 28%|██▊       | 21/74 [00:54<02:22,  2.69s/it] 14%|█▎        | 10/74 [00:27<02:50,  2.67s/it] 67%|██████▋   | 144/214 [10:10<04:48,  4.12s/it] 30%|██▉       | 22/74 [00:56<02:16,  2.62s/it] 15%|█▍        | 11/74 [00:29<02:45,  2.63s/it] 16%|█▌        | 12/74 [00:32<02:41,  2.60s/it] 31%|███       | 23/74 [00:59<02:19,  2.73s/it] 68%|██████▊   | 145/214 [10:14<04:43,  4.10s/it] 18%|█▊        | 13/74 [00:34<02:38,  2.60s/it] 32%|███▏      | 24/74 [01:02<02:16,  2.73s/it] 19%|█▉        | 14/74 [00:37<02:32,  2.55s/it] 68%|██████▊   | 146/214 [10:18<04:42,  4.15s/it] 34%|███▍      | 25/74 [01:05<02:12,  2.70s/it] 20%|██        | 15/74 [00:39<02:31,  2.58s/it] 35%|███▌      | 26/74 [01:07<02:05,  2.61s/it] 69%|██████▊   | 147/214 [10:22<04:38,  4.16s/it] 22%|██▏       | 16/74 [00:42<02:30,  2.60s/it] 36%|███▋      | 27/74 [01:10<02:06,  2.70s/it] 23%|██▎       | 17/74 [00:45<02:27,  2.60s/it] 38%|███▊      | 28/74 [01:12<02:01,  2.64s/it] 69%|██████▉   | 148/214 [10:26<04:36,  4.20s/it] 24%|██▍       | 18/74 [00:47<02:27,  2.64s/it] 39%|███▉      | 29/74 [01:15<01:59,  2.66s/it] 70%|██████▉   | 149/214 [10:31<04:32,  4.20s/it] 26%|██▌       | 19/74 [00:50<02:29,  2.71s/it] 41%|████      | 30/74 [01:18<01:55,  2.62s/it] 42%|████▏     | 31/74 [01:20<01:50,  2.56s/it] 27%|██▋       | 20/74 [00:53<02:30,  2.79s/it] 70%|███████   | 150/214 [10:35<04:30,  4.23s/it] 43%|████▎     | 32/74 [01:22<01:44,  2.48s/it] 28%|██▊       | 21/74 [00:56<02:29,  2.82s/it] 45%|████▍     | 33/74 [01:25<01:41,  2.47s/it] 71%|███████   | 151/214 [10:39<04:24,  4.21s/it] 30%|██▉       | 22/74 [00:59<02:21,  2.73s/it] 46%|████▌     | 34/74 [01:27<01:38,  2.46s/it] 31%|███       | 23/74 [01:02<02:23,  2.82s/it] 71%|███████   | 152/214 [10:43<04:19,  4.18s/it] 47%|████▋     | 35/74 [01:30<01:37,  2.50s/it] 32%|███▏      | 24/74 [01:05<02:22,  2.86s/it] 49%|████▊     | 36/74 [01:32<01:34,  2.49s/it] 71%|███████▏  | 153/214 [10:47<04:11,  4.12s/it] 34%|███▍      | 25/74 [01:07<02:17,  2.81s/it] 50%|█████     | 37/74 [01:35<01:32,  2.50s/it] 35%|███▌      | 26/74 [01:10<02:11,  2.73s/it] 51%|█████▏    | 38/74 [01:38<01:33,  2.59s/it] 72%|███████▏  | 154/214 [10:52<04:10,  4.18s/it] 36%|███▋      | 27/74 [01:13<02:12,  2.81s/it] 53%|█████▎    | 39/74 [01:41<01:35,  2.74s/it] 72%|███████▏  | 155/214 [10:56<04:10,  4.25s/it] 38%|███▊      | 28/74 [01:15<02:06,  2.75s/it] 54%|█████▍    | 40/74 [01:44<01:35,  2.80s/it] 39%|███▉      | 29/74 [01:18<02:04,  2.78s/it] 73%|███████▎  | 156/214 [11:00<04:07,  4.26s/it] 55%|█████▌    | 41/74 [01:47<01:33,  2.85s/it] 41%|████      | 30/74 [01:21<02:00,  2.75s/it] 57%|█████▋    | 42/74 [01:49<01:28,  2.77s/it] 73%|███████▎  | 157/214 [11:04<04:00,  4.21s/it] 42%|████▏     | 31/74 [01:24<01:55,  2.68s/it] 58%|█████▊    | 43/74 [01:52<01:28,  2.86s/it] 43%|████▎     | 32/74 [01:26<01:49,  2.60s/it] 74%|███████▍  | 158/214 [11:09<03:58,  4.27s/it] 59%|█████▉    | 44/74 [01:55<01:27,  2.92s/it] 45%|████▍     | 33/74 [01:29<01:46,  2.60s/it] 61%|██████    | 45/74 [01:58<01:24,  2.91s/it] 46%|████▌     | 34/74 [01:31<01:42,  2.57s/it] 74%|███████▍  | 159/214 [11:13<03:55,  4.27s/it] 62%|██████▏   | 46/74 [02:01<01:20,  2.88s/it] 47%|████▋     | 35/74 [01:34<01:42,  2.62s/it] 75%|███████▍  | 160/214 [11:17<03:49,  4.25s/it] 49%|████▊     | 36/74 [01:36<01:39,  2.61s/it] 64%|██████▎   | 47/74 [02:04<01:19,  2.93s/it] 50%|█████     | 37/74 [01:39<01:36,  2.61s/it] 65%|██████▍   | 48/74 [02:07<01:16,  2.94s/it] 75%|███████▌  | 161/214 [11:21<03:43,  4.22s/it] 51%|█████▏    | 38/74 [01:42<01:37,  2.71s/it] 66%|██████▌   | 49/74 [02:10<01:12,  2.90s/it] 76%|███████▌  | 162/214 [11:26<03:42,  4.27s/it] 53%|█████▎    | 39/74 [01:45<01:39,  2.85s/it] 68%|██████▊   | 50/74 [02:13<01:08,  2.85s/it] 69%|██████▉   | 51/74 [02:15<01:04,  2.81s/it] 54%|█████▍    | 40/74 [01:48<01:39,  2.91s/it] 76%|███████▌  | 163/214 [11:30<03:38,  4.28s/it] 70%|███████   | 52/74 [02:18<00:58,  2.65s/it] 55%|█████▌    | 41/74 [01:51<01:37,  2.96s/it] 72%|███████▏  | 53/74 [02:20<00:56,  2.68s/it] 77%|███████▋  | 164/214 [11:34<03:34,  4.28s/it] 57%|█████▋    | 42/74 [01:54<01:32,  2.89s/it] 73%|███████▎  | 54/74 [02:23<00:54,  2.72s/it] 58%|█████▊    | 43/74 [01:57<01:32,  2.99s/it] 77%|███████▋  | 165/214 [11:39<03:28,  4.26s/it] 74%|███████▍  | 55/74 [02:26<00:53,  2.81s/it] 59%|█████▉    | 44/74 [02:00<01:31,  3.06s/it] 78%|███████▊  | 166/214 [11:43<03:21,  4.19s/it] 76%|███████▌  | 56/74 [02:29<00:52,  2.92s/it] 61%|██████    | 45/74 [02:03<01:28,  3.04s/it] 77%|███████▋  | 57/74 [02:32<00:49,  2.91s/it] 78%|███████▊  | 167/214 [11:47<03:21,  4.28s/it] 62%|██████▏   | 46/74 [02:06<01:24,  3.02s/it] 78%|███████▊  | 58/74 [02:35<00:47,  2.96s/it] 64%|██████▎   | 47/74 [02:10<01:22,  3.07s/it] 79%|███████▊  | 168/214 [11:51<03:18,  4.32s/it] 80%|███████▉  | 59/74 [02:38<00:45,  3.02s/it] 65%|██████▍   | 48/74 [02:13<01:19,  3.08s/it] 81%|████████  | 60/74 [02:41<00:41,  3.00s/it] 79%|███████▉  | 169/214 [11:56<03:12,  4.27s/it] 66%|██████▌   | 49/74 [02:16<01:16,  3.04s/it] 82%|████████▏ | 61/74 [02:44<00:39,  3.03s/it] 79%|███████▉  | 170/214 [12:00<03:05,  4.21s/it] 68%|██████▊   | 50/74 [02:19<01:12,  3.02s/it] 84%|████████▍ | 62/74 [02:47<00:36,  3.02s/it] 69%|██████▉   | 51/74 [02:22<01:09,  3.01s/it] 80%|███████▉  | 171/214 [12:04<02:59,  4.18s/it] 85%|████████▌ | 63/74 [02:51<00:33,  3.06s/it] 70%|███████   | 52/74 [02:24<01:01,  2.78s/it] 86%|████████▋ | 64/74 [02:54<00:30,  3.09s/it] 72%|███████▏  | 53/74 [02:27<00:58,  2.77s/it] 80%|████████  | 172/214 [12:08<02:57,  4.23s/it] 73%|███████▎  | 54/74 [02:29<00:56,  2.80s/it] 88%|████████▊ | 65/74 [02:57<00:27,  3.10s/it] 81%|████████  | 173/214 [12:13<02:58,  4.35s/it] 74%|███████▍  | 55/74 [02:32<00:54,  2.85s/it] 89%|████████▉ | 66/74 [03:00<00:24,  3.04s/it] 91%|█████████ | 67/74 [03:02<00:20,  2.89s/it] 76%|███████▌  | 56/74 [02:36<00:53,  2.97s/it] 81%|████████▏ | 174/214 [12:17<02:52,  4.30s/it] 92%|█████████▏| 68/74 [03:05<00:17,  2.90s/it] 77%|███████▋  | 57/74 [02:39<00:50,  2.98s/it] 82%|████████▏ | 175/214 [12:21<02:46,  4.28s/it] 93%|█████████▎| 69/74 [03:08<00:14,  2.89s/it] 78%|███████▊  | 58/74 [02:42<00:48,  3.06s/it] 95%|█████████▍| 70/74 [03:11<00:11,  2.92s/it] 82%|████████▏ | 176/214 [12:26<02:43,  4.32s/it] 80%|███████▉  | 59/74 [02:45<00:46,  3.12s/it] 96%|█████████▌| 71/74 [03:13<00:07,  2.57s/it] 97%|█████████▋| 72/74 [03:15<00:05,  2.57s/it] 81%|████████  | 60/74 [02:48<00:43,  3.14s/it] 83%|████████▎ | 177/214 [12:30<02:37,  4.27s/it] 99%|█████████▊| 73/74 [03:18<00:02,  2.59s/it]100%|██████████| 74/74 [03:18<00:00,  1.90s/it]100%|██████████| 74/74 [03:18<00:00,  2.69s/it]
 82%|████████▏ | 61/74 [02:52<00:40,  3.15s/it]/root/kallini_data/babylm_data/babylm_100M/switchboard_parsed.json
  0%|          | 0/7 [00:00<?, ?it/s] 83%|████████▎ | 178/214 [12:34<02:35,  4.32s/it] 14%|█▍        | 1/7 [00:02<00:14,  2.34s/it] 84%|████████▍ | 62/74 [02:55<00:38,  3.18s/it] 29%|██▊       | 2/7 [00:04<00:11,  2.29s/it] 84%|████████▎ | 179/214 [12:38<02:29,  4.27s/it] 85%|████████▌ | 63/74 [02:58<00:34,  3.17s/it] 43%|████▎     | 3/7 [00:06<00:09,  2.27s/it] 86%|████████▋ | 64/74 [03:01<00:32,  3.24s/it] 84%|████████▍ | 180/214 [12:43<02:25,  4.27s/it] 57%|█████▋    | 4/7 [00:09<00:06,  2.27s/it] 71%|███████▏  | 5/7 [00:11<00:04,  2.29s/it] 88%|████████▊ | 65/74 [03:05<00:29,  3.25s/it] 85%|████████▍ | 181/214 [12:47<02:23,  4.36s/it] 86%|████████▌ | 6/7 [00:13<00:02,  2.27s/it]100%|██████████| 7/7 [00:14<00:00,  1.87s/it]100%|██████████| 7/7 [00:14<00:00,  2.10s/it]
 89%|████████▉ | 66/74 [03:08<00:25,  3.17s/it]/root/kallini_data/babylm_data/babylm_100M/wikipedia_parsed.json
  0%|          | 0/35 [00:00<?, ?it/s] 85%|████████▌ | 182/214 [12:51<02:16,  4.28s/it] 91%|█████████ | 67/74 [03:10<00:20,  2.99s/it]  3%|▎         | 1/35 [00:04<02:25,  4.27s/it] 92%|█████████▏| 68/74 [03:13<00:18,  3.04s/it] 86%|████████▌ | 183/214 [12:55<02:11,  4.24s/it] 93%|█████████▎| 69/74 [03:16<00:15,  3.05s/it]  6%|▌         | 2/35 [00:08<02:18,  4.21s/it] 86%|████████▌ | 184/214 [13:00<02:06,  4.21s/it] 95%|█████████▍| 70/74 [03:19<00:11,  3.00s/it]  9%|▊         | 3/35 [00:12<02:05,  3.92s/it] 96%|█████████▌| 71/74 [03:21<00:07,  2.61s/it] 86%|████████▋ | 185/214 [13:04<02:03,  4.26s/it] 97%|█████████▋| 72/74 [03:24<00:05,  2.62s/it] 11%|█▏        | 4/35 [00:15<01:58,  3.82s/it] 99%|█████████▊| 73/74 [03:26<00:02,  2.63s/it]100%|██████████| 74/74 [03:27<00:00,  1.93s/it]100%|██████████| 74/74 [03:27<00:00,  2.80s/it]
 87%|████████▋ | 186/214 [13:08<01:59,  4.26s/it]/root/kallini_data/babylm_data/babylm_100M/switchboard_parsed.json
  0%|          | 0/7 [00:00<?, ?it/s] 14%|█▍        | 5/35 [00:19<01:51,  3.70s/it] 14%|█▍        | 1/7 [00:02<00:15,  2.51s/it] 17%|█▋        | 6/35 [00:21<01:35,  3.28s/it] 87%|████████▋ | 187/214 [13:12<01:55,  4.27s/it] 29%|██▊       | 2/7 [00:04<00:12,  2.44s/it] 20%|██        | 7/35 [00:25<01:39,  3.54s/it] 43%|████▎     | 3/7 [00:07<00:09,  2.39s/it] 88%|████████▊ | 188/214 [13:17<01:51,  4.27s/it] 57%|█████▋    | 4/7 [00:09<00:07,  2.35s/it] 23%|██▎       | 8/35 [00:29<01:37,  3.62s/it] 71%|███████▏  | 5/7 [00:11<00:04,  2.35s/it] 88%|████████▊ | 189/214 [13:21<01:45,  4.24s/it] 26%|██▌       | 9/35 [00:32<01:29,  3.43s/it] 86%|████████▌ | 6/7 [00:14<00:02,  2.35s/it]100%|██████████| 7/7 [00:15<00:00,  1.96s/it]100%|██████████| 7/7 [00:15<00:00,  2.20s/it]
 89%|████████▉ | 190/214 [13:25<01:43,  4.30s/it]/root/kallini_data/babylm_data/babylm_100M/wikipedia_parsed.json
  0%|          | 0/35 [00:00<?, ?it/s] 29%|██▊       | 10/35 [00:36<01:27,  3.52s/it] 89%|████████▉ | 191/214 [13:30<01:39,  4.32s/it] 31%|███▏      | 11/35 [00:39<01:24,  3.54s/it]  3%|▎         | 1/35 [00:04<02:28,  4.36s/it] 34%|███▍      | 12/35 [00:43<01:21,  3.53s/it] 90%|████████▉ | 192/214 [13:34<01:35,  4.36s/it]  6%|▌         | 2/35 [00:08<02:21,  4.28s/it] 37%|███▋      | 13/35 [00:46<01:17,  3.51s/it]  9%|▊         | 3/35 [00:12<02:09,  4.05s/it] 90%|█████████ | 193/214 [13:38<01:30,  4.29s/it] 40%|████      | 14/35 [00:50<01:12,  3.45s/it] 11%|█▏        | 4/35 [00:16<02:01,  3.94s/it] 91%|█████████ | 194/214 [13:43<01:25,  4.29s/it] 43%|████▎     | 15/35 [00:53<01:06,  3.31s/it] 14%|█▍        | 5/35 [00:19<01:53,  3.78s/it] 91%|█████████ | 195/214 [13:47<01:21,  4.30s/it] 46%|████▌     | 16/35 [00:56<01:05,  3.47s/it] 17%|█▋        | 6/35 [00:22<01:37,  3.37s/it] 49%|████▊     | 17/35 [01:00<01:04,  3.58s/it] 92%|█████████▏| 196/214 [13:51<01:17,  4.32s/it] 20%|██        | 7/35 [00:26<01:41,  3.64s/it] 51%|█████▏    | 18/35 [01:04<01:02,  3.67s/it] 92%|█████████▏| 197/214 [13:56<01:13,  4.31s/it] 23%|██▎       | 8/35 [00:30<01:40,  3.72s/it] 54%|█████▍    | 19/35 [01:08<01:00,  3.80s/it] 26%|██▌       | 9/35 [00:33<01:31,  3.52s/it] 93%|█████████▎| 198/214 [14:00<01:08,  4.28s/it] 57%|█████▋    | 20/35 [01:12<00:56,  3.74s/it] 29%|██▊       | 10/35 [00:37<01:30,  3.63s/it] 93%|█████████▎| 199/214 [14:04<01:03,  4.22s/it] 60%|██████    | 21/35 [01:15<00:51,  3.68s/it] 31%|███▏      | 11/35 [00:40<01:27,  3.64s/it] 93%|█████████▎| 200/214 [14:08<00:59,  4.23s/it] 63%|██████▎   | 22/35 [01:19<00:46,  3.56s/it] 34%|███▍      | 12/35 [00:44<01:25,  3.71s/it] 94%|█████████▍| 201/214 [14:12<00:54,  4.19s/it] 66%|██████▌   | 23/35 [01:22<00:41,  3.49s/it] 37%|███▋      | 13/35 [00:48<01:20,  3.66s/it] 69%|██████▊   | 24/35 [01:25<00:37,  3.42s/it] 94%|█████████▍| 202/214 [14:16<00:50,  4.17s/it] 40%|████      | 14/35 [00:51<01:15,  3.57s/it] 71%|███████▏  | 25/35 [01:29<00:35,  3.52s/it] 43%|████▎     | 15/35 [00:54<01:08,  3.43s/it] 95%|█████████▍| 203/214 [14:21<00:46,  4.27s/it] 74%|███████▍  | 26/35 [01:33<00:32,  3.58s/it] 46%|████▌     | 16/35 [00:58<01:08,  3.59s/it] 95%|█████████▌| 204/214 [14:25<00:42,  4.29s/it] 77%|███████▋  | 27/35 [01:37<00:29,  3.69s/it] 49%|████▊     | 17/35 [01:02<01:06,  3.69s/it] 96%|█████████▌| 205/214 [14:30<00:38,  4.31s/it] 80%|████████  | 28/35 [01:41<00:26,  3.79s/it] 51%|█████▏    | 18/35 [01:06<01:04,  3.77s/it] 96%|█████████▋| 206/214 [14:34<00:34,  4.31s/it] 83%|████████▎ | 29/35 [01:45<00:22,  3.81s/it] 54%|█████▍    | 19/35 [01:10<01:02,  3.90s/it] 97%|█████████▋| 207/214 [14:38<00:30,  4.32s/it] 86%|████████▌ | 30/35 [01:48<00:19,  3.82s/it] 57%|█████▋    | 20/35 [01:14<00:57,  3.82s/it] 89%|████████▊ | 31/35 [01:52<00:14,  3.71s/it] 97%|█████████▋| 208/214 [14:42<00:25,  4.30s/it] 60%|██████    | 21/35 [01:18<00:52,  3.77s/it] 91%|█████████▏| 32/35 [01:55<00:10,  3.66s/it] 98%|█████████▊| 209/214 [14:47<00:21,  4.29s/it] 63%|██████▎   | 22/35 [01:21<00:47,  3.65s/it] 94%|█████████▍| 33/35 [01:59<00:07,  3.63s/it] 66%|██████▌   | 23/35 [01:24<00:42,  3.57s/it] 98%|█████████▊| 210/214 [14:51<00:17,  4.25s/it] 97%|█████████▋| 34/35 [02:02<00:03,  3.57s/it] 69%|██████▊   | 24/35 [01:28<00:38,  3.51s/it] 99%|█████████▊| 211/214 [14:55<00:12,  4.31s/it]100%|██████████| 35/35 [02:05<00:00,  3.33s/it]100%|██████████| 35/35 [02:05<00:00,  3.59s/it]
 71%|███████▏  | 25/35 [01:32<00:36,  3.65s/it] 99%|█████████▉| 212/214 [15:00<00:08,  4.50s/it] 74%|███████▍  | 26/35 [01:35<00:33,  3.68s/it]100%|█████████▉| 213/214 [15:05<00:04,  4.48s/it]/root/kallini_data/babylm_data/babylm_test/aochildes_parsed.json
  0%|          | 0/3 [00:00<?, ?it/s]100%|██████████| 214/214 [15:06<00:00,  3.49s/it]100%|██████████| 214/214 [15:06<00:00,  4.24s/it]
 77%|███████▋  | 27/35 [01:39<00:30,  3.78s/it] 33%|███▎      | 1/3 [00:02<00:04,  2.38s/it] 80%|████████  | 28/35 [01:44<00:27,  3.91s/it] 67%|██████▋   | 2/3 [00:04<00:02,  2.40s/it]100%|██████████| 3/3 [00:05<00:00,  1.76s/it]100%|██████████| 3/3 [00:05<00:00,  1.93s/it]
/root/kallini_data/babylm_data/babylm_test/bnc_spoken_parsed.json
  0%|          | 0/20 [00:00<?, ?it/s]  5%|▌         | 1/20 [00:00<00:11,  1.63it/s] 10%|█         | 2/20 [00:01<00:09,  1.83it/s] 15%|█▌        | 3/20 [00:01<00:08,  2.05it/s]/root/kallini_data/babylm_data/babylm_100M/qed_parsed.json
  0%|          | 0/37 [00:00<?, ?it/s] 83%|████████▎ | 29/35 [01:48<00:23,  3.94s/it] 20%|██        | 4/20 [00:02<00:11,  1.41it/s] 25%|██▌       | 5/20 [00:03<00:09,  1.50it/s] 30%|███       | 6/20 [00:03<00:08,  1.59it/s] 35%|███▌      | 7/20 [00:04<00:07,  1.71it/s] 40%|████      | 8/20 [00:04<00:06,  1.86it/s] 45%|████▌     | 9/20 [00:05<00:05,  1.85it/s] 50%|█████     | 10/20 [00:06<00:06,  1.50it/s] 86%|████████▌ | 30/35 [01:52<00:19,  3.92s/it] 55%|█████▌    | 11/20 [00:06<00:05,  1.75it/s]  3%|▎         | 1/37 [00:05<03:06,  5.19s/it] 60%|██████    | 12/20 [00:06<00:04,  1.87it/s] 65%|██████▌   | 13/20 [00:07<00:03,  1.94it/s] 70%|███████   | 14/20 [00:08<00:03,  1.86it/s] 75%|███████▌  | 15/20 [00:08<00:02,  1.94it/s] 80%|████████  | 16/20 [00:08<00:01,  2.02it/s] 85%|████████▌ | 17/20 [00:09<00:01,  2.13it/s] 90%|█████████ | 18/20 [00:09<00:00,  2.21it/s] 89%|████████▊ | 31/35 [01:55<00:15,  3.83s/it] 95%|█████████▌| 19/20 [00:10<00:00,  2.15it/s]100%|██████████| 20/20 [00:11<00:00,  1.73it/s]100%|██████████| 20/20 [00:11<00:00,  1.80it/s]
/root/kallini_data/babylm_data/babylm_test/cbt_parsed.json
  0%|          | 0/4 [00:00<?, ?it/s] 25%|██▌       | 1/4 [00:01<00:03,  1.13s/it]  5%|▌         | 2/37 [00:10<03:08,  5.37s/it] 50%|█████     | 2/4 [00:01<00:01,  1.04it/s] 91%|█████████▏| 32/35 [01:59<00:11,  3.80s/it] 75%|███████▌  | 3/4 [00:02<00:00,  1.08it/s]100%|██████████| 4/4 [00:03<00:00,  1.48it/s]100%|██████████| 4/4 [00:03<00:00,  1.27it/s]
/root/kallini_data/babylm_data/babylm_test/children_stories_parsed.json
  0%|          | 0/2 [00:00<?, ?it/s] 50%|█████     | 1/2 [00:02<00:02,  2.40s/it] 94%|█████████▍| 33/35 [02:03<00:07,  3.76s/it]  8%|▊         | 3/37 [00:16<03:04,  5.41s/it]100%|██████████| 2/2 [00:03<00:00,  1.70s/it]100%|██████████| 2/2 [00:03<00:00,  1.81s/it]
/root/kallini_data/babylm_data/babylm_test/gutenberg_parsed.json
  0%|          | 0/4 [00:00<?, ?it/s] 97%|█████████▋| 34/35 [02:06<00:03,  3.72s/it] 25%|██▌       | 1/4 [00:03<00:11,  3.92s/it] 11%|█         | 4/37 [00:21<02:57,  5.39s/it]100%|██████████| 35/35 [02:09<00:00,  3.47s/it]100%|██████████| 35/35 [02:09<00:00,  3.70s/it]
 50%|█████     | 2/4 [00:07<00:06,  3.50s/it] 75%|███████▌  | 3/4 [00:10<00:03,  3.39s/it] 14%|█▎        | 5/37 [00:27<02:53,  5.43s/it]100%|██████████| 4/4 [00:11<00:00,  2.32s/it]100%|██████████| 4/4 [00:11<00:00,  2.77s/it]
/root/kallini_data/babylm_data/babylm_test/open_subtitles_parsed.json
  0%|          | 0/20 [00:00<?, ?it/s]/root/kallini_data/babylm_data/babylm_test/aochildes_parsed.json
  0%|          | 0/3 [00:00<?, ?it/s]  5%|▌         | 1/20 [00:02<00:50,  2.68s/it] 16%|█▌        | 6/37 [00:32<02:49,  5.48s/it] 33%|███▎      | 1/3 [00:02<00:05,  2.66s/it] 10%|█         | 2/20 [00:05<00:46,  2.59s/it] 67%|██████▋   | 2/3 [00:05<00:02,  2.64s/it] 15%|█▌        | 3/20 [00:07<00:43,  2.59s/it] 19%|█▉        | 7/37 [00:37<02:43,  5.44s/it]100%|██████████| 3/3 [00:06<00:00,  1.94s/it]100%|██████████| 3/3 [00:06<00:00,  2.13s/it]
/root/kallini_data/babylm_data/babylm_test/bnc_spoken_parsed.json
  0%|          | 0/20 [00:00<?, ?it/s]  5%|▌         | 1/20 [00:00<00:11,  1.59it/s] 20%|██        | 4/20 [00:10<00:41,  2.60s/it] 10%|█         | 2/20 [00:01<00:10,  1.68it/s] 15%|█▌        | 3/20 [00:01<00:08,  1.90it/s] 20%|██        | 4/20 [00:02<00:11,  1.34it/s] 25%|██▌       | 5/20 [00:03<00:10,  1.42it/s] 25%|██▌       | 5/20 [00:13<00:39,  2.63s/it] 30%|███       | 6/20 [00:03<00:09,  1.50it/s] 35%|███▌      | 7/20 [00:04<00:08,  1.61it/s] 40%|████      | 8/20 [00:04<00:06,  1.75it/s] 22%|██▏       | 8/37 [00:43<02:41,  5.56s/it] 45%|████▌     | 9/20 [00:05<00:06,  1.73it/s] 30%|███       | 6/20 [00:15<00:36,  2.60s/it] 50%|█████     | 10/20 [00:06<00:07,  1.41it/s] 55%|█████▌    | 11/20 [00:06<00:05,  1.65it/s] 60%|██████    | 12/20 [00:07<00:04,  1.76it/s] 65%|██████▌   | 13/20 [00:07<00:03,  1.84it/s] 70%|███████   | 14/20 [00:08<00:03,  1.80it/s] 75%|███████▌  | 15/20 [00:08<00:02,  1.86it/s] 35%|███▌      | 7/20 [00:18<00:34,  2.63s/it] 80%|████████  | 16/20 [00:09<00:02,  1.93it/s] 85%|████████▌ | 17/20 [00:09<00:01,  2.02it/s] 90%|█████████ | 18/20 [00:10<00:00,  2.09it/s] 24%|██▍       | 9/37 [00:48<02:32,  5.45s/it] 95%|█████████▌| 19/20 [00:10<00:00,  2.04it/s] 40%|████      | 8/20 [00:20<00:31,  2.60s/it]100%|██████████| 20/20 [00:11<00:00,  1.65it/s]100%|██████████| 20/20 [00:11<00:00,  1.71it/s]
/root/kallini_data/babylm_data/babylm_test/cbt_parsed.json
  0%|          | 0/4 [00:00<?, ?it/s] 25%|██▌       | 1/4 [00:01<00:03,  1.10s/it] 50%|█████     | 2/4 [00:01<00:01,  1.02it/s] 45%|████▌     | 9/20 [00:23<00:28,  2.61s/it] 75%|███████▌  | 3/4 [00:02<00:00,  1.05it/s]100%|██████████| 4/4 [00:03<00:00,  1.43it/s]100%|██████████| 4/4 [00:03<00:00,  1.24it/s]
/root/kallini_data/babylm_data/babylm_test/children_stories_parsed.json
  0%|          | 0/2 [00:00<?, ?it/s] 27%|██▋       | 10/37 [00:54<02:27,  5.47s/it] 50%|█████     | 10/20 [00:26<00:26,  2.63s/it] 50%|█████     | 1/2 [00:02<00:02,  2.64s/it]Token indices sequence length is longer than the specified maximum sequence length for this model (4107 > 1024). Running this sequence through the model will result in indexing errors
100%|██████████| 2/2 [00:03<00:00,  1.84s/it]100%|██████████| 2/2 [00:03<00:00,  1.96s/it]
/root/kallini_data/babylm_data/babylm_test/gutenberg_parsed.json
  0%|          | 0/4 [00:00<?, ?it/s] 55%|█████▌    | 11/20 [00:28<00:23,  2.56s/it] 30%|██▉       | 11/37 [00:59<02:21,  5.44s/it] 60%|██████    | 12/20 [00:31<00:20,  2.56s/it] 25%|██▌       | 1/4 [00:03<00:11,  3.96s/it] 65%|██████▌   | 13/20 [00:33<00:18,  2.60s/it] 50%|█████     | 2/4 [00:07<00:07,  3.65s/it] 32%|███▏      | 12/37 [01:04<02:13,  5.35s/it] 70%|███████   | 14/20 [00:36<00:15,  2.63s/it] 75%|███████▌  | 3/4 [00:10<00:03,  3.50s/it] 75%|███████▌  | 15/20 [00:39<00:13,  2.67s/it]100%|██████████| 4/4 [00:11<00:00,  2.40s/it]100%|██████████| 4/4 [00:11<00:00,  2.86s/it]
 35%|███▌      | 13/37 [01:10<02:09,  5.41s/it]/root/kallini_data/babylm_data/babylm_test/open_subtitles_parsed.json
  0%|          | 0/20 [00:00<?, ?it/s] 80%|████████  | 16/20 [00:41<00:10,  2.66s/it]  5%|▌         | 1/20 [00:02<00:55,  2.90s/it] 85%|████████▌ | 17/20 [00:44<00:07,  2.63s/it] 38%|███▊      | 14/37 [01:16<02:05,  5.47s/it] 90%|█████████ | 18/20 [00:47<00:05,  2.62s/it] 10%|█         | 2/20 [00:05<00:51,  2.83s/it] 95%|█████████▌| 19/20 [00:49<00:02,  2.62s/it] 15%|█▌        | 3/20 [00:08<00:47,  2.81s/it]100%|██████████| 20/20 [00:50<00:00,  2.03s/it]100%|██████████| 20/20 [00:50<00:00,  2.52s/it]
/root/kallini_data/babylm_data/babylm_test/qed_parsed.json
  0%|          | 0/5 [00:00<?, ?it/s] 41%|████      | 15/37 [01:21<02:01,  5.52s/it] 20%|██        | 4/20 [00:11<00:45,  2.83s/it] 20%|██        | 1/5 [00:03<00:13,  3.45s/it] 25%|██▌       | 5/20 [00:14<00:42,  2.84s/it] 40%|████      | 2/5 [00:07<00:10,  3.51s/it] 43%|████▎     | 16/37 [01:27<01:56,  5.53s/it] 30%|███       | 6/20 [00:16<00:39,  2.81s/it] 60%|██████    | 3/5 [00:10<00:06,  3.37s/it] 35%|███▌      | 7/20 [00:19<00:36,  2.84s/it] 40%|████      | 8/20 [00:22<00:33,  2.81s/it] 46%|████▌     | 17/37 [01:33<01:52,  5.63s/it] 80%|████████  | 4/5 [00:13<00:03,  3.40s/it]100%|██████████| 5/5 [00:15<00:00,  2.75s/it]100%|██████████| 5/5 [00:15<00:00,  3.05s/it]
/root/kallini_data/babylm_data/babylm_test/simple_wikipedia_parsed.json
  0%|          | 0/9 [00:00<?, ?it/s] 45%|████▌     | 9/20 [00:25<00:31,  2.83s/it] 11%|█         | 1/9 [00:02<00:18,  2.28s/it] 49%|████▊     | 18/37 [01:38<01:46,  5.60s/it] 50%|█████     | 10/20 [00:28<00:28,  2.82s/it] 22%|██▏       | 2/9 [00:04<00:16,  2.41s/it]Token indices sequence length is longer than the specified maximum sequence length for this model (4107 > 1024). Running this sequence through the model will result in indexing errors
 55%|█████▌    | 11/20 [00:30<00:24,  2.76s/it] 33%|███▎      | 3/9 [00:07<00:14,  2.38s/it] 60%|██████    | 12/20 [00:33<00:21,  2.75s/it] 51%|█████▏    | 19/37 [01:44<01:41,  5.62s/it] 44%|████▍     | 4/9 [00:09<00:11,  2.39s/it] 65%|██████▌   | 13/20 [00:36<00:19,  2.81s/it] 56%|█████▌    | 5/9 [00:12<00:10,  2.57s/it] 54%|█████▍    | 20/37 [01:49<01:34,  5.56s/it] 70%|███████   | 14/20 [00:39<00:17,  2.84s/it] 67%|██████▋   | 6/9 [00:15<00:08,  2.67s/it] 75%|███████▌  | 15/20 [00:42<00:14,  2.85s/it] 78%|███████▊  | 7/9 [00:18<00:05,  2.69s/it] 57%|█████▋    | 21/37 [01:55<01:28,  5.52s/it] 80%|████████  | 16/20 [00:45<00:11,  2.86s/it] 89%|████████▉ | 8/9 [00:20<00:02,  2.75s/it] 85%|████████▌ | 17/20 [00:48<00:08,  2.84s/it]100%|██████████| 9/9 [00:23<00:00,  2.63s/it]100%|██████████| 9/9 [00:23<00:00,  2.59s/it]
/root/kallini_data/babylm_data/babylm_test/switchboard_parsed.json
  0%|          | 0/1 [00:00<?, ?it/s] 59%|█████▉    | 22/37 [02:00<01:22,  5.51s/it]100%|██████████| 1/1 [00:01<00:00,  1.80s/it]100%|██████████| 1/1 [00:01<00:00,  1.80s/it]
/root/kallini_data/babylm_data/babylm_test/wikipedia_parsed.json
  0%|          | 0/5 [00:00<?, ?it/s] 90%|█████████ | 18/20 [00:50<00:05,  2.86s/it] 95%|█████████▌| 19/20 [00:53<00:02,  2.86s/it] 20%|██        | 1/5 [00:03<00:12,  3.15s/it]100%|██████████| 20/20 [00:54<00:00,  2.22s/it]100%|██████████| 20/20 [00:54<00:00,  2.73s/it]
/root/kallini_data/babylm_data/babylm_test/qed_parsed.json
  0%|          | 0/5 [00:00<?, ?it/s] 62%|██████▏   | 23/37 [02:06<01:17,  5.54s/it] 40%|████      | 2/5 [00:06<00:09,  3.27s/it] 20%|██        | 1/5 [00:03<00:14,  3.69s/it] 60%|██████    | 3/5 [00:10<00:06,  3.39s/it] 65%|██████▍   | 24/37 [02:11<01:12,  5.56s/it] 40%|████      | 2/5 [00:07<00:11,  3.68s/it] 80%|████████  | 4/5 [00:13<00:03,  3.32s/it]100%|██████████| 5/5 [00:14<00:00,  2.64s/it]100%|██████████| 5/5 [00:14<00:00,  2.94s/it]
 60%|██████    | 3/5 [00:10<00:07,  3.54s/it] 68%|██████▊   | 25/37 [02:17<01:05,  5.44s/it] 80%|████████  | 4/5 [00:14<00:03,  3.63s/it]100%|██████████| 5/5 [00:16<00:00,  2.95s/it]100%|██████████| 5/5 [00:16<00:00,  3.25s/it]
 70%|███████   | 26/37 [02:22<00:59,  5.41s/it]/root/kallini_data/babylm_data/babylm_test/simple_wikipedia_parsed.json
  0%|          | 0/9 [00:00<?, ?it/s] 11%|█         | 1/9 [00:02<00:19,  2.45s/it]/root/kallini_data/babylm_data/babylm_100M/aochildes_parsed.json
  0%|          | 0/31 [00:00<?, ?it/s] 22%|██▏       | 2/9 [00:05<00:18,  2.61s/it] 73%|███████▎  | 27/37 [02:27<00:54,  5.45s/it] 33%|███▎      | 3/9 [00:07<00:15,  2.51s/it]  3%|▎         | 1/31 [00:04<02:11,  4.40s/it] 44%|████▍     | 4/9 [00:10<00:12,  2.50s/it] 76%|███████▌  | 28/37 [02:33<00:49,  5.53s/it]  6%|▋         | 2/31 [00:08<02:06,  4.37s/it] 56%|█████▌    | 5/9 [00:12<00:10,  2.65s/it] 67%|██████▋   | 6/9 [00:16<00:08,  2.79s/it] 78%|███████▊  | 29/37 [02:39<00:43,  5.46s/it] 10%|▉         | 3/31 [00:13<02:01,  4.34s/it] 78%|███████▊  | 7/9 [00:18<00:05,  2.82s/it] 13%|█▎        | 4/31 [00:17<01:59,  4.43s/it] 89%|████████▉ | 8/9 [00:22<00:02,  2.92s/it] 81%|████████  | 30/37 [02:44<00:38,  5.52s/it]100%|██████████| 9/9 [00:24<00:00,  2.83s/it]100%|██████████| 9/9 [00:24<00:00,  2.74s/it]
/root/kallini_data/babylm_data/babylm_test/switchboard_parsed.json
  0%|          | 0/1 [00:00<?, ?it/s] 16%|█▌        | 5/31 [00:22<01:55,  4.45s/it]100%|██████████| 1/1 [00:01<00:00,  1.91s/it]100%|██████████| 1/1 [00:01<00:00,  1.91s/it]
/root/kallini_data/babylm_data/babylm_test/wikipedia_parsed.json
  0%|          | 0/5 [00:00<?, ?it/s] 84%|████████▍ | 31/37 [02:49<00:32,  5.44s/it] 19%|█▉        | 6/31 [00:26<01:51,  4.47s/it] 20%|██        | 1/5 [00:03<00:13,  3.42s/it] 86%|████████▋ | 32/37 [02:55<00:27,  5.40s/it] 40%|████      | 2/5 [00:06<00:10,  3.42s/it] 23%|██▎       | 7/31 [00:31<01:47,  4.49s/it] 60%|██████    | 3/5 [00:10<00:07,  3.53s/it] 89%|████████▉ | 33/37 [03:00<00:21,  5.38s/it] 26%|██▌       | 8/31 [00:35<01:41,  4.41s/it] 80%|████████  | 4/5 [00:13<00:03,  3.43s/it]100%|██████████| 5/5 [00:15<00:00,  2.73s/it]100%|██████████| 5/5 [00:15<00:00,  3.05s/it]
 92%|█████████▏| 34/37 [03:05<00:15,  5.26s/it] 29%|██▉       | 9/31 [00:39<01:37,  4.43s/it] 95%|█████████▍| 35/37 [03:10<00:10,  5.22s/it] 32%|███▏      | 10/31 [00:44<01:36,  4.58s/it]/root/kallini_data/babylm_data/babylm_100M/aochildes_parsed.json
  0%|          | 0/31 [00:00<?, ?it/s] 35%|███▌      | 11/31 [00:49<01:32,  4.63s/it] 97%|█████████▋| 36/37 [03:16<00:05,  5.40s/it]  3%|▎         | 1/31 [00:03<01:50,  3.69s/it] 39%|███▊      | 12/31 [00:54<01:29,  4.69s/it]100%|██████████| 37/37 [03:20<00:00,  5.06s/it]100%|██████████| 37/37 [03:20<00:00,  5.43s/it]
  6%|▋         | 2/31 [00:07<01:48,  3.73s/it]/root/kallini_data/babylm_data/babylm_100M/simple_wikipedia_parsed.json
  0%|          | 0/74 [00:00<?, ?it/s] 42%|████▏     | 13/31 [00:59<01:25,  4.73s/it] 10%|▉         | 3/31 [00:11<01:45,  3.77s/it]  1%|▏         | 1/74 [00:03<04:36,  3.79s/it] 45%|████▌     | 14/31 [01:03<01:20,  4.75s/it] 13%|█▎        | 4/31 [00:15<01:45,  3.90s/it]  3%|▎         | 2/74 [00:07<04:34,  3.82s/it] 16%|█▌        | 5/31 [00:19<01:41,  3.91s/it] 48%|████▊     | 15/31 [01:08<01:16,  4.76s/it]  4%|▍         | 3/74 [00:11<04:26,  3.75s/it] 19%|█▉        | 6/31 [00:23<01:36,  3.88s/it]  5%|▌         | 4/74 [00:15<04:24,  3.78s/it] 52%|█████▏    | 16/31 [01:13<01:11,  4.75s/it] 23%|██▎       | 7/31 [00:26<01:31,  3.82s/it]  7%|▋         | 5/74 [00:18<04:20,  3.78s/it] 55%|█████▍    | 17/31 [01:18<01:07,  4.79s/it] 26%|██▌       | 8/31 [00:30<01:26,  3.78s/it]  8%|▊         | 6/74 [00:22<04:09,  3.67s/it] 58%|█████▊    | 18/31 [01:23<01:02,  4.77s/it] 29%|██▉       | 9/31 [00:34<01:22,  3.76s/it]  9%|▉         | 7/74 [00:26<04:11,  3.75s/it] 32%|███▏      | 10/31 [00:38<01:19,  3.78s/it] 61%|██████▏   | 19/31 [01:27<00:57,  4.78s/it] 11%|█         | 8/74 [00:30<04:14,  3.85s/it] 35%|███▌      | 11/31 [00:41<01:16,  3.82s/it] 12%|█▏        | 9/74 [00:33<04:01,  3.71s/it] 65%|██████▍   | 20/31 [01:32<00:52,  4.80s/it] 39%|███▊      | 12/31 [00:45<01:12,  3.83s/it] 14%|█▎        | 10/74 [00:37<03:54,  3.67s/it] 68%|██████▊   | 21/31 [01:37<00:48,  4.89s/it] 42%|████▏     | 13/31 [00:49<01:09,  3.84s/it] 15%|█▍        | 11/74 [00:40<03:48,  3.63s/it] 16%|█▌        | 12/74 [00:44<03:43,  3.60s/it] 45%|████▌     | 14/31 [00:53<01:05,  3.86s/it] 71%|███████   | 22/31 [01:42<00:44,  4.90s/it] 18%|█▊        | 13/74 [00:47<03:39,  3.60s/it] 48%|████▊     | 15/31 [00:57<01:01,  3.87s/it] 74%|███████▍  | 23/31 [01:47<00:39,  4.92s/it] 19%|█▉        | 14/74 [00:51<03:31,  3.52s/it] 52%|█████▏    | 16/31 [01:01<00:57,  3.85s/it] 77%|███████▋  | 24/31 [01:52<00:34,  4.90s/it] 20%|██        | 15/74 [00:54<03:30,  3.56s/it] 55%|█████▍    | 17/31 [01:05<00:54,  3.90s/it] 22%|██▏       | 16/74 [00:58<03:28,  3.60s/it] 81%|████████  | 25/31 [01:57<00:28,  4.83s/it] 58%|█████▊    | 18/31 [01:09<00:50,  3.88s/it] 23%|██▎       | 17/74 [01:02<03:25,  3.61s/it] 61%|██████▏   | 19/31 [01:13<00:47,  3.96s/it] 84%|████████▍ | 26/31 [02:02<00:24,  4.87s/it] 24%|██▍       | 18/74 [01:06<03:24,  3.65s/it] 65%|██████▍   | 20/31 [01:17<00:44,  4.00s/it] 87%|████████▋ | 27/31 [02:06<00:19,  4.83s/it] 26%|██▌       | 19/74 [01:09<03:23,  3.71s/it] 68%|██████▊   | 21/31 [01:21<00:39,  3.98s/it] 90%|█████████ | 28/31 [02:11<00:14,  4.88s/it] 27%|██▋       | 20/74 [01:14<03:26,  3.83s/it] 71%|███████   | 22/31 [01:25<00:36,  4.01s/it] 28%|██▊       | 21/74 [01:17<03:25,  3.88s/it] 94%|█████████▎| 29/31 [02:16<00:09,  4.92s/it] 74%|███████▍  | 23/31 [01:29<00:32,  4.08s/it] 30%|██▉       | 22/74 [01:21<03:16,  3.79s/it] 97%|█████████▋| 30/31 [02:21<00:04,  4.95s/it] 77%|███████▋  | 24/31 [01:33<00:28,  4.05s/it] 31%|███       | 23/74 [01:25<03:20,  3.93s/it]100%|██████████| 31/31 [02:24<00:00,  4.30s/it]100%|██████████| 31/31 [02:24<00:00,  4.67s/it]
 81%|████████  | 25/31 [01:37<00:23,  3.99s/it]/root/kallini_data/babylm_data/babylm_100M/bnc_spoken_parsed.json
  0%|          | 0/170 [00:00<?, ?it/s] 32%|███▏      | 24/74 [01:29<03:18,  3.98s/it]  1%|          | 1/170 [00:01<03:37,  1.29s/it]  1%|          | 2/170 [00:02<03:17,  1.18s/it] 84%|████████▍ | 26/31 [01:41<00:19,  3.99s/it]  2%|▏         | 3/170 [00:03<03:05,  1.11s/it] 34%|███▍      | 25/74 [01:33<03:12,  3.92s/it]  2%|▏         | 4/170 [00:04<02:53,  1.05s/it]Token indices sequence length is longer than the specified maximum sequence length for this model (1111 > 1024). Running this sequence through the model will result in indexing errors
  3%|▎         | 5/170 [00:05<02:40,  1.03it/s]  4%|▎         | 6/170 [00:06<02:46,  1.01s/it] 87%|████████▋ | 27/31 [01:45<00:15,  3.95s/it] 35%|███▌      | 26/74 [01:37<03:00,  3.77s/it]  4%|▍         | 7/170 [00:07<03:12,  1.18s/it]  5%|▍         | 8/170 [00:08<03:08,  1.17s/it]  5%|▌         | 9/170 [00:09<02:56,  1.09s/it] 90%|█████████ | 28/31 [01:49<00:11,  3.97s/it]  6%|▌         | 10/170 [00:11<02:59,  1.12s/it] 36%|███▋      | 27/74 [01:41<03:02,  3.88s/it]  6%|▋         | 11/170 [00:12<03:02,  1.15s/it]  7%|▋         | 12/170 [00:13<03:11,  1.21s/it] 94%|█████████▎| 29/31 [01:53<00:08,  4.02s/it]  8%|▊         | 13/170 [00:14<03:02,  1.17s/it] 38%|███▊      | 28/74 [01:44<02:54,  3.79s/it]  8%|▊         | 14/170 [00:16<03:50,  1.48s/it] 97%|█████████▋| 30/31 [01:57<00:04,  4.02s/it] 39%|███▉      | 29/74 [01:48<02:50,  3.80s/it]  9%|▉         | 15/170 [00:19<04:28,  1.73s/it]  9%|▉         | 16/170 [00:20<04:01,  1.57s/it]100%|██████████| 31/31 [01:59<00:00,  3.48s/it]100%|██████████| 31/31 [01:59<00:00,  3.86s/it]
 10%|█         | 17/170 [00:21<03:47,  1.49s/it] 41%|████      | 30/74 [01:52<02:45,  3.76s/it] 11%|█         | 18/170 [00:22<03:28,  1.37s/it]/root/kallini_data/babylm_data/babylm_100M/bnc_spoken_parsed.json
  0%|          | 0/170 [00:00<?, ?it/s] 11%|█         | 19/170 [00:23<03:09,  1.26s/it]  1%|          | 1/170 [00:00<02:41,  1.05it/s] 12%|█▏        | 20/170 [00:24<03:02,  1.22s/it]  1%|          | 2/170 [00:01<02:29,  1.12it/s] 12%|█▏        | 21/170 [00:25<02:49,  1.14s/it] 42%|████▏     | 31/74 [01:55<02:38,  3.68s/it]  2%|▏         | 3/170 [00:02<02:19,  1.19it/s]  2%|▏         | 4/170 [00:03<02:12,  1.26it/s] 13%|█▎        | 22/170 [00:27<02:48,  1.14s/it]Token indices sequence length is longer than the specified maximum sequence length for this model (1111 > 1024). Running this sequence through the model will result in indexing errors
  3%|▎         | 5/170 [00:03<01:58,  1.40it/s] 14%|█▎        | 23/170 [00:28<02:42,  1.11s/it]  4%|▎         | 6/170 [00:04<02:02,  1.33it/s] 14%|█▍        | 24/170 [00:29<02:35,  1.06s/it]  4%|▍         | 7/170 [00:05<02:19,  1.17it/s] 43%|████▎     | 32/74 [01:59<02:30,  3.59s/it] 15%|█▍        | 25/170 [00:30<02:38,  1.09s/it]  5%|▍         | 8/170 [00:06<02:20,  1.16it/s]  5%|▌         | 9/170 [00:07<02:13,  1.21it/s]  6%|▌         | 10/170 [00:08<02:16,  1.17it/s] 15%|█▌        | 26/170 [00:32<03:14,  1.35s/it]  6%|▋         | 11/170 [00:09<02:20,  1.13it/s] 45%|████▍     | 33/74 [02:02<02:26,  3.57s/it] 16%|█▌        | 27/170 [00:33<02:57,  1.24s/it]  7%|▋         | 12/170 [00:10<02:27,  1.07it/s] 16%|█▋        | 28/170 [00:34<02:43,  1.15s/it]  8%|▊         | 13/170 [00:11<02:20,  1.12it/s] 17%|█▋        | 29/170 [00:35<03:14,  1.38s/it]  8%|▊         | 14/170 [00:12<02:47,  1.07s/it] 46%|████▌     | 34/74 [02:06<02:23,  3.60s/it] 18%|█▊        | 30/170 [00:37<03:27,  1.48s/it]  9%|▉         | 15/170 [00:14<03:13,  1.25s/it] 18%|█▊        | 31/170 [00:38<03:08,  1.36s/it]  9%|▉         | 16/170 [00:15<02:56,  1.14s/it] 10%|█         | 17/170 [00:16<02:44,  1.08s/it] 19%|█▉        | 32/170 [00:40<03:23,  1.47s/it] 47%|████▋     | 35/74 [02:10<02:22,  3.66s/it] 11%|█         | 18/170 [00:16<02:32,  1.01s/it] 11%|█         | 19/170 [00:17<02:19,  1.08it/s] 12%|█▏        | 20/170 [00:18<02:16,  1.10it/s] 19%|█▉        | 33/170 [00:42<03:32,  1.55s/it] 12%|█▏        | 21/170 [00:19<02:06,  1.17it/s] 13%|█▎        | 22/170 [00:20<02:08,  1.15it/s] 20%|██        | 34/170 [00:43<03:31,  1.56s/it] 49%|████▊     | 36/74 [02:14<02:20,  3.70s/it] 14%|█▎        | 23/170 [00:20<02:03,  1.19it/s] 14%|█▍        | 24/170 [00:21<01:59,  1.22it/s] 21%|██        | 35/170 [00:45<03:29,  1.55s/it] 15%|█▍        | 25/170 [00:22<02:01,  1.20it/s] 21%|██        | 36/170 [00:47<03:35,  1.61s/it] 15%|█▌        | 26/170 [00:24<02:27,  1.02s/it] 50%|█████     | 37/74 [02:17<02:18,  3.75s/it] 16%|█▌        | 27/170 [00:24<02:14,  1.07it/s] 22%|██▏       | 37/170 [00:48<03:32,  1.60s/it] 16%|█▋        | 28/170 [00:25<02:02,  1.15it/s] 22%|██▏       | 38/170 [00:50<03:26,  1.56s/it] 17%|█▋        | 29/170 [00:26<02:26,  1.04s/it] 18%|█▊        | 30/170 [00:28<02:34,  1.10s/it] 23%|██▎       | 39/170 [00:52<03:37,  1.66s/it] 51%|█████▏    | 38/74 [02:22<02:20,  3.91s/it] 18%|█▊        | 31/170 [00:29<02:22,  1.03s/it] 24%|██▎       | 40/170 [00:53<03:12,  1.48s/it] 19%|█▉        | 32/170 [00:30<02:32,  1.10s/it] 24%|██▍       | 41/170 [00:54<02:59,  1.39s/it] 25%|██▍       | 42/170 [00:55<02:37,  1.23s/it] 19%|█▉        | 33/170 [00:31<02:40,  1.17s/it] 25%|██▌       | 43/170 [00:56<02:24,  1.14s/it] 20%|██        | 34/170 [00:32<02:39,  1.17s/it] 53%|█████▎    | 39/74 [02:26<02:25,  4.16s/it] 26%|██▌       | 44/170 [00:57<02:34,  1.23s/it] 21%|██        | 35/170 [00:33<02:34,  1.14s/it] 26%|██▋       | 45/170 [00:58<02:27,  1.18s/it] 21%|██        | 36/170 [00:35<02:34,  1.15s/it] 22%|██▏       | 37/170 [00:36<02:33,  1.15s/it] 27%|██▋       | 46/170 [01:00<02:39,  1.28s/it] 22%|██▏       | 38/170 [00:37<02:30,  1.14s/it] 28%|██▊       | 47/170 [01:01<02:34,  1.26s/it] 54%|█████▍    | 40/74 [02:31<02:23,  4.23s/it] 23%|██▎       | 39/170 [00:38<02:38,  1.21s/it] 28%|██▊       | 48/170 [01:02<02:30,  1.23s/it] 24%|██▎       | 40/170 [00:39<02:22,  1.10s/it] 29%|██▉       | 49/170 [01:03<02:31,  1.25s/it] 24%|██▍       | 41/170 [00:40<02:12,  1.02s/it] 25%|██▍       | 42/170 [00:40<01:54,  1.12it/s] 25%|██▌       | 43/170 [00:41<01:47,  1.18it/s] 29%|██▉       | 50/170 [01:05<02:54,  1.46s/it] 55%|█████▌    | 41/74 [02:35<02:19,  4.24s/it] 26%|██▌       | 44/170 [00:42<01:55,  1.09it/s] 30%|███       | 51/170 [01:06<02:48,  1.41s/it] 26%|██▋       | 45/170 [00:43<01:52,  1.11it/s] 27%|██▋       | 46/170 [00:44<02:05,  1.01s/it] 31%|███       | 52/170 [01:08<03:06,  1.58s/it] 57%|█████▋    | 42/74 [02:39<02:11,  4.10s/it] 28%|██▊       | 47/170 [00:45<02:06,  1.03s/it] 31%|███       | 53/170 [01:10<02:53,  1.48s/it] 28%|██▊       | 48/170 [00:46<02:04,  1.02s/it] 32%|███▏      | 54/170 [01:11<02:37,  1.36s/it] 29%|██▉       | 49/170 [00:47<02:02,  1.01s/it] 32%|███▏      | 55/170 [01:12<02:30,  1.31s/it] 29%|██▉       | 50/170 [00:49<02:16,  1.13s/it] 33%|███▎      | 56/170 [01:13<02:35,  1.37s/it] 30%|███       | 51/170 [00:50<02:10,  1.10s/it] 58%|█████▊    | 43/74 [02:43<02:10,  4.21s/it] 31%|███       | 52/170 [00:51<02:22,  1.21s/it] 34%|███▎      | 57/170 [01:15<02:40,  1.42s/it] 31%|███       | 53/170 [00:52<02:12,  1.13s/it] 34%|███▍      | 58/170 [01:16<02:33,  1.37s/it] 32%|███▏      | 54/170 [00:53<01:58,  1.02s/it] 35%|███▍      | 59/170 [01:17<02:25,  1.31s/it] 32%|███▏      | 55/170 [00:54<01:54,  1.00it/s] 59%|█████▉    | 44/74 [02:48<02:07,  4.26s/it] 35%|███▌      | 60/170 [01:19<02:21,  1.28s/it] 33%|███▎      | 56/170 [00:55<02:00,  1.05s/it] 36%|███▌      | 61/170 [01:20<02:17,  1.26s/it] 34%|███▎      | 57/170 [00:56<02:03,  1.09s/it] 36%|███▋      | 62/170 [01:21<02:07,  1.18s/it] 34%|███▍      | 58/170 [00:57<01:55,  1.03s/it] 35%|███▍      | 59/170 [00:58<01:50,  1.01it/s] 37%|███▋      | 63/170 [01:22<02:01,  1.13s/it] 61%|██████    | 45/74 [02:52<02:02,  4.23s/it] 35%|███▌      | 60/170 [00:59<01:47,  1.02it/s] 38%|███▊      | 64/170 [01:23<01:56,  1.10s/it] 36%|███▌      | 61/170 [01:00<01:44,  1.04it/s] 36%|███▋      | 62/170 [01:01<01:37,  1.11it/s] 38%|███▊      | 65/170 [01:25<02:28,  1.41s/it] 37%|███▋      | 63/170 [01:02<01:32,  1.16it/s] 38%|███▊      | 64/170 [01:02<01:28,  1.19it/s] 62%|██████▏   | 46/74 [02:56<01:57,  4.19s/it] 39%|███▉      | 66/170 [01:26<02:19,  1.34s/it] 39%|███▉      | 67/170 [01:27<02:08,  1.24s/it] 38%|███▊      | 65/170 [01:04<01:50,  1.06s/it] 39%|███▉      | 66/170 [01:05<01:42,  1.01it/s] 40%|████      | 68/170 [01:29<02:12,  1.30s/it] 39%|███▉      | 67/170 [01:06<01:36,  1.07it/s] 41%|████      | 69/170 [01:30<01:58,  1.17s/it] 40%|████      | 68/170 [01:07<01:37,  1.04it/s] 41%|████      | 70/170 [01:30<01:44,  1.05s/it] 64%|██████▎   | 47/74 [03:01<01:56,  4.31s/it] 41%|████      | 69/170 [01:07<01:28,  1.14it/s] 42%|████▏     | 71/170 [01:31<01:45,  1.07s/it] 41%|████      | 70/170 [01:08<01:17,  1.29it/s] 42%|████▏     | 71/170 [01:09<01:19,  1.24it/s] 42%|████▏     | 72/170 [01:33<01:46,  1.08s/it] 42%|████▏     | 72/170 [01:10<01:19,  1.23it/s] 43%|████▎     | 73/170 [01:34<01:53,  1.17s/it] 43%|████▎     | 73/170 [01:11<01:25,  1.13it/s] 44%|████▎     | 74/170 [01:11<01:22,  1.16it/s] 44%|████▎     | 74/170 [01:35<01:50,  1.15s/it] 65%|██████▍   | 48/74 [03:05<01:53,  4.35s/it] 44%|████▍     | 75/170 [01:13<01:32,  1.03it/s] 44%|████▍     | 75/170 [01:37<02:02,  1.29s/it] 45%|████▍     | 76/170 [01:14<01:30,  1.04it/s] 45%|████▍     | 76/170 [01:38<02:00,  1.28s/it] 45%|████▌     | 77/170 [01:14<01:27,  1.06it/s] 45%|████▌     | 77/170 [01:39<01:56,  1.25s/it] 46%|████▌     | 78/170 [01:15<01:29,  1.03it/s] 66%|██████▌   | 49/74 [03:09<01:47,  4.30s/it] 46%|████▋     | 79/170 [01:16<01:23,  1.08it/s] 46%|████▌     | 78/170 [01:40<01:58,  1.29s/it] 47%|████▋     | 80/170 [01:17<01:21,  1.10it/s] 46%|████▋     | 79/170 [01:42<01:50,  1.21s/it] 48%|████▊     | 81/170 [01:18<01:21,  1.09it/s] 47%|████▋     | 80/170 [01:43<01:46,  1.18s/it] 48%|████▊     | 82/170 [01:19<01:21,  1.08it/s] 68%|██████▊   | 50/74 [03:13<01:40,  4.20s/it] 49%|████▉     | 83/170 [01:20<01:17,  1.13it/s] 48%|████▊     | 81/170 [01:44<01:44,  1.18s/it] 49%|████▉     | 84/170 [01:21<01:10,  1.21it/s] 50%|█████     | 85/170 [01:21<01:06,  1.28it/s] 48%|████▊     | 82/170 [01:45<01:45,  1.20s/it] 49%|████▉     | 83/170 [01:46<01:39,  1.14s/it] 51%|█████     | 86/170 [01:22<01:17,  1.09it/s] 49%|████▉     | 84/170 [01:47<01:31,  1.06s/it] 51%|█████     | 87/170 [01:23<01:19,  1.05it/s] 69%|██████▉   | 51/74 [03:17<01:34,  4.13s/it] 50%|█████     | 85/170 [01:48<01:26,  1.01s/it] 52%|█████▏    | 88/170 [01:25<01:27,  1.06s/it] 51%|█████     | 86/170 [01:49<01:41,  1.21s/it] 52%|█████▏    | 89/170 [01:26<01:27,  1.08s/it] 70%|███████   | 52/74 [03:20<01:22,  3.77s/it] 53%|█████▎    | 90/170 [01:27<01:26,  1.08s/it] 51%|█████     | 87/170 [01:51<01:43,  1.24s/it] 54%|█████▎    | 91/170 [01:28<01:18,  1.00it/s] 54%|█████▍    | 92/170 [01:29<01:21,  1.04s/it] 52%|█████▏    | 88/170 [01:53<01:58,  1.45s/it] 55%|█████▍    | 93/170 [01:30<01:23,  1.08s/it] 72%|███████▏  | 53/74 [03:24<01:19,  3.77s/it] 52%|█████▏    | 89/170 [01:54<01:59,  1.48s/it] 55%|█████▌    | 94/170 [01:31<01:17,  1.02s/it] 56%|█████▌    | 95/170 [01:32<01:10,  1.06it/s] 53%|█████▎    | 90/170 [01:56<01:57,  1.47s/it] 56%|█████▋    | 96/170 [01:33<01:16,  1.03s/it] 54%|█████▎    | 91/170 [01:57<01:45,  1.33s/it] 57%|█████▋    | 97/170 [01:34<01:19,  1.08s/it] 73%|███████▎  | 54/74 [03:28<01:16,  3.81s/it] 54%|█████▍    | 92/170 [01:58<01:48,  1.39s/it] 58%|█████▊    | 98/170 [01:35<01:18,  1.09s/it] 55%|█████▍    | 93/170 [02:00<01:51,  1.45s/it] 58%|█████▊    | 99/170 [01:37<01:21,  1.15s/it] 55%|█████▌    | 94/170 [02:01<01:43,  1.36s/it] 59%|█████▉    | 100/170 [01:38<01:26,  1.24s/it] 56%|█████▌    | 95/170 [02:02<01:33,  1.25s/it] 74%|███████▍  | 55/74 [03:32<01:13,  3.89s/it] 59%|█████▉    | 101/170 [01:39<01:23,  1.21s/it] 60%|██████    | 102/170 [01:40<01:14,  1.09s/it] 56%|█████▋    | 96/170 [02:04<01:41,  1.37s/it] 61%|██████    | 103/170 [01:41<01:10,  1.05s/it] 57%|█████▋    | 97/170 [02:05<01:45,  1.44s/it] 61%|██████    | 104/170 [01:42<01:10,  1.07s/it] 76%|███████▌  | 56/74 [03:36<01:13,  4.09s/it] 58%|█████▊    | 98/170 [02:07<01:43,  1.44s/it] 62%|██████▏   | 105/170 [01:43<01:08,  1.05s/it] 62%|██████▏   | 106/170 [01:44<01:08,  1.07s/it] 58%|█████▊    | 99/170 [02:08<01:48,  1.53s/it] 63%|██████▎   | 107/170 [01:45<01:05,  1.03s/it] 64%|██████▎   | 108/170 [01:46<00:59,  1.05it/s] 59%|█████▉    | 100/170 [02:10<01:56,  1.66s/it] 64%|██████▍   | 109/170 [01:47<00:57,  1.05it/s] 77%|███████▋  | 57/74 [03:40<01:09,  4.08s/it] 65%|██████▍   | 110/170 [01:48<00:58,  1.02it/s] 59%|█████▉    | 101/170 [02:12<01:50,  1.60s/it] 65%|██████▌   | 111/170 [01:49<01:00,  1.02s/it] 60%|██████    | 102/170 [02:13<01:37,  1.43s/it] 66%|██████▌   | 112/170 [01:50<01:06,  1.14s/it] 61%|██████    | 103/170 [02:14<01:32,  1.37s/it] 66%|██████▋   | 113/170 [01:51<00:59,  1.04s/it] 78%|███████▊  | 58/74 [03:45<01:07,  4.23s/it] 67%|██████▋   | 114/170 [01:52<00:53,  1.05it/s] 61%|██████    | 104/170 [02:16<01:33,  1.42s/it] 62%|██████▏   | 105/170 [02:17<01:27,  1.35s/it] 68%|██████▊   | 115/170 [01:53<01:00,  1.09s/it] 68%|██████▊   | 116/170 [01:54<00:54,  1.02s/it] 62%|██████▏   | 106/170 [02:18<01:29,  1.40s/it] 69%|██████▉   | 117/170 [01:55<00:51,  1.03it/s] 63%|██████▎   | 107/170 [02:20<01:25,  1.36s/it] 80%|███████▉  | 59/74 [03:49<01:04,  4.30s/it] 69%|██████▉   | 118/170 [01:56<00:51,  1.00it/s] 64%|██████▎   | 108/170 [02:21<01:16,  1.24s/it] 70%|███████   | 119/170 [01:57<00:50,  1.00it/s] 64%|██████▍   | 109/170 [02:22<01:16,  1.25s/it] 71%|███████   | 120/170 [01:58<00:50,  1.02s/it] 71%|███████   | 121/170 [01:59<00:49,  1.02s/it] 65%|██████▍   | 110/170 [02:23<01:17,  1.29s/it] 81%|████████  | 60/74 [03:54<01:00,  4.32s/it] 72%|███████▏  | 122/170 [02:00<00:52,  1.09s/it] 65%|██████▌   | 111/170 [02:25<01:18,  1.33s/it] 72%|███████▏  | 123/170 [02:02<00:56,  1.19s/it] 73%|███████▎  | 124/170 [02:03<00:50,  1.09s/it] 66%|██████▌   | 112/170 [02:27<01:27,  1.52s/it] 74%|███████▎  | 125/170 [02:04<00:47,  1.06s/it] 66%|██████▋   | 113/170 [02:28<01:21,  1.43s/it] 82%|████████▏ | 61/74 [03:58<00:57,  4.39s/it] 74%|███████▍  | 126/170 [02:05<00:51,  1.17s/it] 67%|██████▋   | 114/170 [02:29<01:14,  1.33s/it] 75%|███████▍  | 127/170 [02:06<00:48,  1.13s/it] 68%|██████▊   | 115/170 [02:31<01:23,  1.51s/it] 75%|███████▌  | 128/170 [02:07<00:46,  1.10s/it] 76%|███████▌  | 129/170 [02:08<00:41,  1.02s/it] 68%|██████▊   | 116/170 [02:32<01:15,  1.40s/it] 76%|███████▋  | 130/170 [02:09<00:37,  1.06it/s] 84%|████████▍ | 62/74 [04:03<00:52,  4.36s/it] 69%|██████▉   | 117/170 [02:33<01:10,  1.34s/it] 77%|███████▋  | 131/170 [02:10<00:35,  1.11it/s] 78%|███████▊  | 132/170 [02:11<00:36,  1.04it/s] 69%|██████▉   | 118/170 [02:35<01:11,  1.37s/it] 78%|███████▊  | 133/170 [02:12<00:36,  1.00it/s] 70%|███████   | 119/170 [02:36<01:08,  1.35s/it] 79%|███████▉  | 134/170 [02:13<00:39,  1.10s/it] 85%|████████▌ | 63/74 [04:07<00:48,  4.37s/it] 71%|███████   | 120/170 [02:37<01:09,  1.39s/it] 79%|███████▉  | 135/170 [02:14<00:38,  1.09s/it] 80%|████████  | 136/170 [02:15<00:35,  1.05s/it] 71%|███████   | 121/170 [02:39<01:08,  1.40s/it] 81%|████████  | 137/170 [02:16<00:30,  1.07it/s] 81%|████████  | 138/170 [02:17<00:30,  1.06it/s] 72%|███████▏  | 122/170 [02:41<01:11,  1.49s/it] 82%|████████▏ | 139/170 [02:18<00:30,  1.03it/s] 86%|████████▋ | 64/74 [04:12<00:44,  4.41s/it] 82%|████████▏ | 140/170 [02:19<00:29,  1.03it/s] 72%|███████▏  | 123/170 [02:43<01:16,  1.63s/it] 83%|████████▎ | 141/170 [02:19<00:25,  1.14it/s] 73%|███████▎  | 124/170 [02:44<01:06,  1.45s/it] 84%|████████▎ | 142/170 [02:20<00:23,  1.20it/s] 84%|████████▍ | 143/170 [02:21<00:23,  1.13it/s] 74%|███████▎  | 125/170 [02:45<01:03,  1.41s/it] 85%|████████▍ | 144/170 [02:22<00:20,  1.25it/s] 88%|████████▊ | 65/74 [04:16<00:39,  4.42s/it] 85%|████████▌ | 145/170 [02:23<00:22,  1.11it/s] 74%|███████▍  | 126/170 [02:47<01:08,  1.56s/it] 86%|████████▌ | 146/170 [02:24<00:21,  1.12it/s] 75%|███████▍  | 127/170 [02:48<01:04,  1.51s/it] 86%|████████▋ | 147/170 [02:25<00:20,  1.13it/s] 87%|████████▋ | 148/170 [02:26<00:19,  1.14it/s] 75%|███████▌  | 128/170 [02:50<01:02,  1.49s/it] 88%|████████▊ | 149/170 [02:27<00:19,  1.07it/s] 89%|████████▉ | 66/74 [04:20<00:34,  4.34s/it] 76%|███████▌  | 129/170 [02:51<00:55,  1.35s/it] 88%|████████▊ | 150/170 [02:28<00:19,  1.04it/s] 76%|███████▋  | 130/170 [02:52<00:49,  1.23s/it] 89%|████████▉ | 151/170 [02:28<00:16,  1.16it/s] 77%|███████▋  | 131/170 [02:53<00:45,  1.18s/it] 89%|████████▉ | 152/170 [02:29<00:15,  1.13it/s] 90%|█████████ | 153/170 [02:30<00:15,  1.08it/s] 91%|█████████ | 67/74 [04:24<00:28,  4.10s/it] 78%|███████▊  | 132/170 [02:54<00:48,  1.28s/it] 91%|█████████ | 154/170 [02:31<00:16,  1.00s/it] 78%|███████▊  | 133/170 [02:56<00:49,  1.33s/it] 91%|█████████ | 155/170 [02:33<00:15,  1.04s/it] 92%|█████████▏| 156/170 [02:33<00:13,  1.00it/s] 79%|███████▉  | 134/170 [02:58<00:54,  1.51s/it] 92%|█████████▏| 157/170 [02:34<00:12,  1.03it/s] 92%|█████████▏| 68/74 [04:28<00:24,  4.15s/it] 79%|███████▉  | 135/170 [02:59<00:51,  1.47s/it] 93%|█████████▎| 158/170 [02:36<00:12,  1.04s/it] 94%|█████████▎| 159/170 [02:36<00:11,  1.00s/it] 80%|████████  | 136/170 [03:00<00:48,  1.42s/it] 81%|████████  | 137/170 [03:01<00:41,  1.26s/it] 94%|█████████▍| 160/170 [02:38<00:11,  1.18s/it] 93%|█████████▎| 69/74 [04:32<00:20,  4.16s/it] 81%|████████  | 138/170 [03:02<00:40,  1.27s/it] 95%|█████████▍| 161/170 [02:39<00:10,  1.13s/it] 95%|█████████▌| 162/170 [02:40<00:08,  1.10s/it] 82%|████████▏ | 139/170 [03:04<00:40,  1.30s/it] 96%|█████████▌| 163/170 [02:41<00:06,  1.00it/s] 82%|████████▏ | 140/170 [03:05<00:38,  1.28s/it] 96%|█████████▋| 164/170 [02:42<00:05,  1.01it/s] 83%|████████▎ | 141/170 [03:06<00:33,  1.15s/it] 95%|█████████▍| 70/74 [04:36<00:16,  4.09s/it] 97%|█████████▋| 165/170 [02:43<00:04,  1.06it/s] 84%|████████▎ | 142/170 [03:07<00:30,  1.10s/it] 98%|█████████▊| 166/170 [02:44<00:03,  1.02it/s] 84%|████████▍ | 143/170 [03:08<00:31,  1.18s/it] 98%|█████████▊| 167/170 [02:45<00:03,  1.05s/it] 96%|█████████▌| 71/74 [04:39<00:10,  3.61s/it] 85%|████████▍ | 144/170 [03:09<00:28,  1.08s/it] 99%|█████████▉| 168/170 [02:46<00:01,  1.03it/s] 99%|█████████▉| 169/170 [02:47<00:00,  1.04it/s] 85%|████████▌ | 145/170 [03:11<00:29,  1.20s/it]100%|██████████| 170/170 [02:47<00:00,  1.22it/s]100%|██████████| 170/170 [02:47<00:00,  1.01it/s]
 86%|████████▌ | 146/170 [03:12<00:28,  1.17s/it] 97%|█████████▋| 72/74 [04:42<00:07,  3.62s/it]/root/kallini_data/babylm_data/babylm_100M/cbt_parsed.json
  0%|          | 0/53 [00:00<?, ?it/s] 86%|████████▋ | 147/170 [03:13<00:26,  1.16s/it] 87%|████████▋ | 148/170 [03:14<00:25,  1.16s/it]  2%|▏         | 1/53 [00:01<01:30,  1.74s/it] 88%|████████▊ | 149/170 [03:15<00:26,  1.24s/it] 99%|█████████▊| 73/74 [04:46<00:03,  3.63s/it]  4%|▍         | 2/53 [00:03<01:41,  1.99s/it]100%|██████████| 74/74 [04:46<00:00,  2.67s/it]100%|██████████| 74/74 [04:46<00:00,  3.88s/it]
 88%|████████▊ | 150/170 [03:17<00:25,  1.27s/it] 89%|████████▉ | 151/170 [03:18<00:22,  1.16s/it]/root/kallini_data/babylm_data/babylm_100M/switchboard_parsed.json
  0%|          | 0/7 [00:00<?, ?it/s]  6%|▌         | 3/53 [00:05<01:35,  1.92s/it] 89%|████████▉ | 152/170 [03:19<00:21,  1.18s/it]  8%|▊         | 4/53 [00:07<01:31,  1.87s/it] 90%|█████████ | 153/170 [03:20<00:21,  1.24s/it] 14%|█▍        | 1/7 [00:03<00:20,  3.47s/it] 91%|█████████ | 154/170 [03:22<00:21,  1.35s/it]  9%|▉         | 5/53 [00:09<01:28,  1.85s/it] 91%|█████████ | 155/170 [03:23<00:21,  1.40s/it] 11%|█▏        | 6/53 [00:11<01:24,  1.80s/it] 92%|█████████▏| 156/170 [03:24<00:18,  1.31s/it] 29%|██▊       | 2/7 [00:06<00:16,  3.39s/it] 13%|█▎        | 7/53 [00:12<01:23,  1.82s/it] 92%|█████████▏| 157/170 [03:26<00:16,  1.28s/it] 15%|█▌        | 8/53 [00:14<01:21,  1.80s/it] 93%|█████████▎| 158/170 [03:27<00:16,  1.37s/it] 43%|████▎     | 3/7 [00:10<00:13,  3.38s/it] 94%|█████████▎| 159/170 [03:28<00:14,  1.34s/it] 17%|█▋        | 9/53 [00:16<01:19,  1.80s/it] 94%|█████████▍| 160/170 [03:31<00:16,  1.62s/it] 19%|█▉        | 10/53 [00:18<01:18,  1.81s/it] 57%|█████▋    | 4/7 [00:13<00:10,  3.35s/it] 95%|█████████▍| 161/170 [03:32<00:14,  1.57s/it] 21%|██        | 11/53 [00:19<01:13,  1.75s/it] 95%|█████████▌| 162/170 [03:33<00:11,  1.45s/it] 23%|██▎       | 12/53 [00:21<01:11,  1.75s/it] 96%|█████████▌| 163/170 [03:34<00:09,  1.30s/it] 71%|███████▏  | 5/7 [00:16<00:06,  3.36s/it] 96%|█████████▋| 164/170 [03:36<00:07,  1.31s/it] 25%|██▍       | 13/53 [00:23<01:10,  1.76s/it] 97%|█████████▋| 165/170 [03:37<00:06,  1.23s/it] 26%|██▋       | 14/53 [00:25<01:10,  1.81s/it] 86%|████████▌ | 6/7 [00:20<00:03,  3.36s/it] 98%|█████████▊| 166/170 [03:38<00:05,  1.32s/it]100%|██████████| 7/7 [00:21<00:00,  2.77s/it]100%|██████████| 7/7 [00:21<00:00,  3.11s/it]
 98%|█████████▊| 167/170 [03:40<00:04,  1.40s/it] 28%|██▊       | 15/53 [00:27<01:12,  1.90s/it] 99%|█████████▉| 168/170 [03:41<00:02,  1.28s/it]/root/kallini_data/babylm_data/babylm_100M/wikipedia_parsed.json
  0%|          | 0/35 [00:00<?, ?it/s] 99%|█████████▉| 169/170 [03:42<00:01,  1.26s/it] 30%|███       | 16/53 [00:29<01:12,  1.95s/it]100%|██████████| 170/170 [03:43<00:00,  1.07s/it]100%|██████████| 170/170 [03:43<00:00,  1.31s/it]
 32%|███▏      | 17/53 [00:31<01:10,  1.97s/it]/root/kallini_data/babylm_data/babylm_100M/cbt_parsed.json
  0%|          | 0/53 [00:00<?, ?it/s] 34%|███▍      | 18/53 [00:33<01:09,  1.99s/it]  2%|▏         | 1/53 [00:02<02:07,  2.46s/it]  3%|▎         | 1/35 [00:05<03:15,  5.76s/it] 36%|███▌      | 19/53 [00:35<01:05,  1.92s/it]  4%|▍         | 2/53 [00:05<02:19,  2.73s/it] 38%|███▊      | 20/53 [00:37<01:03,  1.93s/it] 40%|███▉      | 21/53 [00:39<01:02,  1.94s/it]  6%|▌         | 3/53 [00:07<02:11,  2.63s/it]  6%|▌         | 2/35 [00:11<03:09,  5.73s/it] 42%|████▏     | 22/53 [00:40<00:56,  1.82s/it]  8%|▊         | 4/53 [00:10<02:07,  2.61s/it] 43%|████▎     | 23/53 [00:42<00:54,  1.80s/it] 45%|████▌     | 24/53 [00:44<00:50,  1.75s/it]  9%|▉         | 5/53 [00:12<02:03,  2.56s/it]  9%|▊         | 3/35 [00:16<02:51,  5.36s/it] 47%|████▋     | 25/53 [00:45<00:47,  1.70s/it] 11%|█▏        | 6/53 [00:15<01:56,  2.49s/it] 49%|████▉     | 26/53 [00:47<00:44,  1.65s/it] 51%|█████     | 27/53 [00:48<00:42,  1.62s/it] 13%|█▎        | 7/53 [00:17<01:56,  2.52s/it] 11%|█▏        | 4/35 [00:21<02:41,  5.20s/it] 53%|█████▎    | 28/53 [00:50<00:39,  1.59s/it] 55%|█████▍    | 29/53 [00:51<00:37,  1.56s/it] 15%|█▌        | 8/53 [00:20<01:54,  2.55s/it] 57%|█████▋    | 30/53 [00:53<00:35,  1.54s/it] 17%|█▋        | 9/53 [00:22<01:48,  2.48s/it] 14%|█▍        | 5/35 [00:26<02:30,  5.01s/it] 58%|█████▊    | 31/53 [00:54<00:33,  1.53s/it] 60%|██████    | 32/53 [00:56<00:32,  1.53s/it] 19%|█▉        | 10/53 [00:25<01:47,  2.51s/it] 62%|██████▏   | 33/53 [00:57<00:30,  1.52s/it] 17%|█▋        | 6/35 [00:29<02:08,  4.44s/it] 21%|██        | 11/53 [00:27<01:39,  2.38s/it] 64%|██████▍   | 34/53 [00:59<00:28,  1.51s/it] 66%|██████▌   | 35/53 [01:00<00:27,  1.51s/it] 23%|██▎       | 12/53 [00:29<01:37,  2.37s/it] 68%|██████▊   | 36/53 [01:02<00:26,  1.55s/it] 20%|██        | 7/35 [00:34<02:14,  4.81s/it] 25%|██▍       | 13/53 [00:32<01:36,  2.41s/it] 70%|██████▉   | 37/53 [01:04<00:24,  1.55s/it] 72%|███████▏  | 38/53 [01:05<00:24,  1.63s/it] 26%|██▋       | 14/53 [00:35<01:38,  2.52s/it] 74%|███████▎  | 39/53 [01:07<00:24,  1.76s/it] 23%|██▎       | 8/35 [00:40<02:13,  4.95s/it] 28%|██▊       | 15/53 [00:38<01:41,  2.67s/it] 75%|███████▌  | 40/53 [01:10<00:24,  1.86s/it] 77%|███████▋  | 41/53 [01:11<00:22,  1.85s/it] 30%|███       | 16/53 [00:40<01:40,  2.72s/it] 26%|██▌       | 9/35 [00:44<02:02,  4.70s/it] 79%|███████▉  | 42/53 [01:13<00:19,  1.81s/it] 81%|████████  | 43/53 [01:15<00:17,  1.78s/it] 32%|███▏      | 17/53 [00:43<01:38,  2.74s/it] 83%|████████▎ | 44/53 [01:16<00:15,  1.70s/it] 34%|███▍      | 18/53 [00:46<01:36,  2.75s/it] 29%|██▊       | 10/35 [00:49<02:01,  4.84s/it] 85%|████████▍ | 45/53 [01:18<00:13,  1.63s/it] 87%|████████▋ | 46/53 [01:19<00:11,  1.62s/it] 36%|███▌      | 19/53 [00:48<01:29,  2.64s/it] 89%|████████▊ | 47/53 [01:21<00:09,  1.59s/it] 91%|█████████ | 48/53 [01:23<00:08,  1.60s/it] 31%|███▏      | 11/35 [00:54<01:56,  4.87s/it] 38%|███▊      | 20/53 [00:51<01:27,  2.65s/it] 92%|█████████▏| 49/53 [01:24<00:06,  1.60s/it] 40%|███▉      | 21/53 [00:54<01:24,  2.64s/it] 94%|█████████▍| 50/53 [01:26<00:04,  1.57s/it] 96%|█████████▌| 51/53 [01:27<00:03,  1.55s/it] 34%|███▍      | 12/35 [00:59<01:51,  4.85s/it] 42%|████▏     | 22/53 [00:56<01:16,  2.48s/it] 98%|█████████▊| 52/53 [01:29<00:01,  1.56s/it]100%|██████████| 53/53 [01:30<00:00,  1.43s/it]100%|██████████| 53/53 [01:30<00:00,  1.71s/it]
 43%|████▎     | 23/53 [00:58<01:14,  2.48s/it]/root/kallini_data/babylm_data/babylm_100M/children_stories_parsed.json
  0%|          | 0/16 [00:00<?, ?it/s] 45%|████▌     | 24/53 [01:00<01:08,  2.38s/it] 37%|███▋      | 13/35 [01:04<01:46,  4.83s/it] 47%|████▋     | 25/53 [01:02<01:04,  2.29s/it]  6%|▋         | 1/16 [00:04<01:02,  4.18s/it] 49%|████▉     | 26/53 [01:05<01:00,  2.24s/it] 40%|████      | 14/35 [01:08<01:38,  4.70s/it] 51%|█████     | 27/53 [01:07<00:57,  2.23s/it] 12%|█▎        | 2/16 [00:10<01:13,  5.27s/it] 43%|████▎     | 15/35 [01:12<01:30,  4.52s/it] 53%|█████▎    | 28/53 [01:09<00:56,  2.24s/it] 55%|█████▍    | 29/53 [01:11<00:54,  2.25s/it] 19%|█▉        | 3/16 [00:13<00:56,  4.33s/it] 57%|█████▋    | 30/53 [01:14<00:51,  2.24s/it] 46%|████▌     | 16/35 [01:17<01:29,  4.73s/it] 25%|██▌       | 4/16 [00:16<00:46,  3.87s/it] 58%|█████▊    | 31/53 [01:16<00:47,  2.18s/it] 60%|██████    | 32/53 [01:18<00:44,  2.13s/it] 31%|███▏      | 5/16 [00:19<00:39,  3.62s/it] 49%|████▊     | 17/35 [01:22<01:27,  4.89s/it] 62%|██████▏   | 33/53 [01:20<00:41,  2.08s/it] 64%|██████▍   | 34/53 [01:22<00:39,  2.06s/it] 38%|███▊      | 6/16 [00:23<00:36,  3.66s/it] 66%|██████▌   | 35/53 [01:24<00:36,  2.04s/it] 51%|█████▏    | 18/35 [01:28<01:24,  4.99s/it] 68%|██████▊   | 36/53 [01:26<00:35,  2.10s/it] 44%|████▍     | 7/16 [00:27<00:33,  3.70s/it] 70%|██████▉   | 37/53 [01:28<00:34,  2.13s/it] 54%|█████▍    | 19/35 [01:33<01:22,  5.16s/it] 72%|███████▏  | 38/53 [01:31<00:33,  2.26s/it] 50%|█████     | 8/16 [00:32<00:32,  4.10s/it] 74%|███████▎  | 39/53 [01:34<00:34,  2.45s/it] 56%|█████▋    | 9/16 [00:36<00:28,  4.06s/it] 57%|█████▋    | 20/35 [01:38<01:16,  5.08s/it] 75%|███████▌  | 40/53 [01:36<00:33,  2.59s/it] 77%|███████▋  | 41/53 [01:39<00:30,  2.58s/it] 62%|██████▎   | 10/16 [00:40<00:24,  4.14s/it] 60%|██████    | 21/35 [01:43<01:10,  5.03s/it] 79%|███████▉  | 42/53 [01:41<00:27,  2.50s/it] 69%|██████▉   | 11/16 [00:43<00:19,  3.92s/it] 81%|████████  | 43/53 [01:44<00:24,  2.44s/it] 63%|██████▎   | 22/35 [01:48<01:03,  4.88s/it] 83%|████████▎ | 44/53 [01:46<00:20,  2.29s/it] 75%|███████▌  | 12/16 [00:48<00:16,  4.10s/it] 85%|████████▍ | 45/53 [01:48<00:17,  2.21s/it] 66%|██████▌   | 23/35 [01:52<00:57,  4.79s/it] 87%|████████▋ | 46/53 [01:50<00:15,  2.20s/it] 81%|████████▏ | 13/16 [00:52<00:12,  4.04s/it] 89%|████████▊ | 47/53 [01:52<00:12,  2.16s/it] 69%|██████▊   | 24/35 [01:57<00:51,  4.70s/it] 91%|█████████ | 48/53 [01:54<00:10,  2.18s/it] 88%|████████▊ | 14/16 [00:57<00:08,  4.29s/it] 92%|█████████▏| 49/53 [01:56<00:08,  2.18s/it] 94%|█████████▍| 50/53 [01:58<00:06,  2.12s/it] 71%|███████▏  | 25/35 [02:02<00:48,  4.84s/it] 94%|█████████▍| 15/16 [01:00<00:04,  4.10s/it] 96%|█████████▌| 51/53 [02:00<00:04,  2.10s/it]100%|██████████| 16/16 [01:01<00:00,  3.18s/it]100%|██████████| 16/16 [01:01<00:00,  3.87s/it]
 98%|█████████▊| 52/53 [02:02<00:02,  2.11s/it]/root/kallini_data/babylm_data/babylm_100M/gutenberg_parsed.json
  0%|          | 0/35 [00:00<?, ?it/s]100%|██████████| 53/53 [02:04<00:00,  1.93s/it]100%|██████████| 53/53 [02:04<00:00,  2.35s/it]
 74%|███████▍  | 26/35 [02:07<00:44,  4.93s/it]/root/kallini_data/babylm_data/babylm_100M/children_stories_parsed.json
  0%|          | 0/16 [00:00<?, ?it/s]  3%|▎         | 1/35 [00:05<02:53,  5.11s/it] 77%|███████▋  | 27/35 [02:12<00:40,  5.06s/it]  6%|▋         | 1/16 [00:05<01:28,  5.88s/it]  6%|▌         | 2/35 [00:10<02:49,  5.13s/it] 80%|████████  | 28/35 [02:18<00:36,  5.25s/it]  9%|▊         | 3/35 [00:14<02:33,  4.80s/it] 12%|█▎        | 2/16 [00:14<01:42,  7.31s/it] 83%|████████▎ | 29/35 [02:23<00:31,  5.30s/it] 11%|█▏        | 4/35 [00:19<02:30,  4.85s/it] 19%|█▉        | 3/16 [00:18<01:16,  5.86s/it] 86%|████████▌ | 30/35 [02:29<00:26,  5.24s/it] 25%|██▌       | 4/16 [00:22<01:02,  5.20s/it] 14%|█▍        | 5/35 [00:24<02:24,  4.82s/it] 89%|████████▊ | 31/35 [02:33<00:20,  5.10s/it] 31%|███▏      | 5/16 [00:26<00:53,  4.87s/it] 17%|█▋        | 6/35 [00:29<02:23,  4.93s/it] 91%|█████████▏| 32/35 [02:38<00:15,  5.06s/it] 38%|███▊      | 6/16 [00:31<00:49,  4.97s/it] 20%|██        | 7/35 [00:33<02:12,  4.74s/it] 94%|█████████▍| 33/35 [02:43<00:10,  5.01s/it] 23%|██▎       | 8/35 [00:38<02:04,  4.60s/it] 44%|████▍     | 7/16 [00:37<00:45,  5.02s/it] 97%|█████████▋| 34/35 [02:48<00:04,  4.97s/it] 26%|██▌       | 9/35 [00:44<02:15,  5.20s/it] 50%|█████     | 8/16 [00:43<00:43,  5.50s/it]100%|██████████| 35/35 [02:52<00:00,  4.68s/it]100%|██████████| 35/35 [02:52<00:00,  4.93s/it]
 29%|██▊       | 10/35 [00:49<02:08,  5.14s/it] 56%|█████▋    | 9/16 [00:48<00:38,  5.46s/it] 31%|███▏      | 11/35 [00:54<02:01,  5.07s/it]/root/kallini_data/babylm_data/babylm_test/aochildes_parsed.json
  0%|          | 0/3 [00:00<?, ?it/s] 62%|██████▎   | 10/16 [00:54<00:33,  5.59s/it] 33%|███▎      | 1/3 [00:03<00:07,  3.92s/it] 34%|███▍      | 12/35 [01:00<01:59,  5.18s/it] 69%|██████▉   | 11/16 [00:59<00:26,  5.26s/it] 67%|██████▋   | 2/3 [00:07<00:03,  3.83s/it] 37%|███▋      | 13/35 [01:04<01:52,  5.10s/it]100%|██████████| 3/3 [00:09<00:00,  2.80s/it]100%|██████████| 3/3 [00:09<00:00,  3.09s/it]
/root/kallini_data/babylm_data/babylm_test/bnc_spoken_parsed.json
  0%|          | 0/20 [00:00<?, ?it/s]  5%|▌         | 1/20 [00:00<00:16,  1.15it/s] 75%|███████▌  | 12/16 [01:05<00:22,  5.57s/it] 10%|█         | 2/20 [00:01<00:14,  1.28it/s] 15%|█▌        | 3/20 [00:02<00:12,  1.40it/s] 20%|██        | 4/20 [00:03<00:15,  1.01it/s] 40%|████      | 14/35 [01:09<01:46,  5.08s/it] 25%|██▌       | 5/20 [00:04<00:14,  1.06it/s] 30%|███       | 6/20 [00:05<00:12,  1.10it/s] 35%|███▌      | 7/20 [00:06<00:11,  1.17it/s] 40%|████      | 8/20 [00:06<00:09,  1.25it/s] 45%|████▌     | 9/20 [00:07<00:08,  1.25it/s] 81%|████████▏ | 13/16 [01:11<00:17,  5.72s/it] 50%|█████     | 10/20 [00:08<00:09,  1.04it/s] 43%|████▎     | 15/35 [01:14<01:39,  5.00s/it] 55%|█████▌    | 11/20 [00:09<00:07,  1.22it/s] 60%|██████    | 12/20 [00:10<00:06,  1.29it/s] 65%|██████▌   | 13/20 [00:10<00:05,  1.37it/s] 70%|███████   | 14/20 [00:11<00:04,  1.34it/s] 75%|███████▌  | 15/20 [00:12<00:03,  1.35it/s] 80%|████████  | 16/20 [00:12<00:02,  1.39it/s] 46%|████▌     | 16/35 [01:18<01:28,  4.64s/it] 85%|████████▌ | 17/20 [00:13<00:02,  1.43it/s] 90%|█████████ | 18/20 [00:14<00:01,  1.51it/s] 88%|████████▊ | 14/16 [01:18<00:12,  6.14s/it] 95%|█████████▌| 19/20 [00:14<00:00,  1.50it/s]100%|██████████| 20/20 [00:16<00:00,  1.18it/s]100%|██████████| 20/20 [00:16<00:00,  1.25it/s]
/root/kallini_data/babylm_data/babylm_test/cbt_parsed.json
  0%|          | 0/4 [00:00<?, ?it/s] 49%|████▊     | 17/35 [01:22<01:19,  4.44s/it] 25%|██▌       | 1/4 [00:01<00:04,  1.42s/it] 50%|█████     | 2/4 [00:02<00:02,  1.33s/it] 75%|███████▌  | 3/4 [00:03<00:01,  1.29s/it] 94%|█████████▍| 15/16 [01:24<00:05,  5.93s/it]100%|██████████| 4/4 [00:04<00:00,  1.05it/s]100%|██████████| 4/4 [00:04<00:00,  1.09s/it]
/root/kallini_data/babylm_data/babylm_test/children_stories_parsed.json
  0%|          | 0/2 [00:00<?, ?it/s] 51%|█████▏    | 18/35 [01:27<01:17,  4.56s/it]100%|██████████| 16/16 [01:25<00:00,  4.61s/it]100%|██████████| 16/16 [01:25<00:00,  5.36s/it]
/root/kallini_data/babylm_data/babylm_100M/gutenberg_parsed.json
  0%|          | 0/35 [00:00<?, ?it/s] 50%|█████     | 1/2 [00:03<00:03,  3.52s/it]100%|██████████| 2/2 [00:05<00:00,  2.45s/it]100%|██████████| 2/2 [00:05<00:00,  2.61s/it]
/root/kallini_data/babylm_data/babylm_test/gutenberg_parsed.json
  0%|          | 0/4 [00:00<?, ?it/s] 54%|█████▍    | 19/35 [01:32<01:14,  4.68s/it]  3%|▎         | 1/35 [00:07<04:02,  7.12s/it] 25%|██▌       | 1/4 [00:05<00:15,  5.28s/it] 57%|█████▋    | 20/35 [01:37<01:14,  4.94s/it] 50%|█████     | 2/4 [00:10<00:09,  4.96s/it]  6%|▌         | 2/35 [00:13<03:47,  6.89s/it] 60%|██████    | 21/35 [01:43<01:11,  5.10s/it] 75%|███████▌  | 3/4 [00:14<00:04,  4.72s/it]100%|██████████| 4/4 [00:15<00:00,  3.24s/it]100%|██████████| 4/4 [00:15<00:00,  3.86s/it]
 63%|██████▎   | 22/35 [01:47<01:03,  4.91s/it]/root/kallini_data/babylm_data/babylm_test/open_subtitles_parsed.json
  0%|          | 0/20 [00:00<?, ?it/s]  9%|▊         | 3/35 [00:19<03:26,  6.44s/it]  5%|▌         | 1/20 [00:04<01:17,  4.09s/it] 66%|██████▌   | 23/35 [01:52<00:59,  4.98s/it] 11%|█▏        | 4/35 [00:26<03:23,  6.56s/it] 10%|█         | 2/20 [00:07<01:11,  3.98s/it] 69%|██████▊   | 24/35 [01:57<00:53,  4.83s/it] 15%|█▌        | 3/20 [00:11<01:07,  3.99s/it] 71%|███████▏  | 25/35 [02:02<00:47,  4.74s/it] 14%|█▍        | 5/35 [00:33<03:17,  6.58s/it] 20%|██        | 4/20 [00:16<01:04,  4.00s/it] 74%|███████▍  | 26/35 [02:07<00:44,  4.95s/it] 25%|██▌       | 5/20 [00:20<01:00,  4.06s/it] 17%|█▋        | 6/35 [00:40<03:14,  6.71s/it] 77%|███████▋  | 27/35 [02:12<00:39,  4.89s/it] 30%|███       | 6/20 [00:24<00:56,  4.02s/it] 20%|██        | 7/35 [00:45<02:59,  6.40s/it] 80%|████████  | 28/35 [02:16<00:33,  4.81s/it] 35%|███▌      | 7/20 [00:28<00:52,  4.08s/it] 23%|██▎       | 8/35 [00:51<02:45,  6.13s/it] 40%|████      | 8/20 [00:32<00:48,  4.03s/it] 83%|████████▎ | 29/35 [02:23<00:32,  5.42s/it] 45%|████▌     | 9/20 [00:36<00:44,  4.03s/it] 86%|████████▌ | 30/35 [02:27<00:25,  5.02s/it] 50%|█████     | 10/20 [00:40<00:40,  4.03s/it] 26%|██▌       | 9/35 [01:00<02:59,  6.92s/it]Token indices sequence length is longer than the specified maximum sequence length for this model (4107 > 1024). Running this sequence through the model will result in indexing errors
 55%|█████▌    | 11/20 [00:44<00:35,  3.94s/it] 89%|████████▊ | 31/35 [02:33<00:20,  5.12s/it] 29%|██▊       | 10/35 [01:06<02:50,  6.82s/it] 60%|██████    | 12/20 [00:48<00:31,  3.96s/it] 91%|█████████▏| 32/35 [02:38<00:15,  5.07s/it] 65%|██████▌   | 13/20 [00:52<00:28,  4.01s/it] 31%|███▏      | 11/35 [01:13<02:41,  6.72s/it] 94%|█████████▍| 33/35 [02:43<00:10,  5.14s/it] 70%|███████   | 14/20 [00:56<00:24,  4.05s/it] 97%|█████████▋| 34/35 [02:48<00:05,  5.16s/it] 75%|███████▌  | 15/20 [01:00<00:20,  4.09s/it] 34%|███▍      | 12/35 [01:20<02:38,  6.89s/it]100%|██████████| 35/35 [02:50<00:00,  4.23s/it]100%|██████████| 35/35 [02:50<00:00,  4.87s/it]
 80%|████████  | 16/20 [01:04<00:16,  4.10s/it] 37%|███▋      | 13/35 [01:27<02:29,  6.80s/it] 85%|████████▌ | 17/20 [01:08<00:12,  4.09s/it] 90%|█████████ | 18/20 [01:12<00:08,  4.09s/it] 40%|████      | 14/35 [01:33<02:23,  6.85s/it] 95%|█████████▌| 19/20 [01:16<00:04,  4.10s/it]/root/kallini_data/babylm_data/babylm_100M/open_subtitles_parsed.json
  0%|          | 0/214 [00:00<?, ?it/s]100%|██████████| 20/20 [01:17<00:00,  3.18s/it]100%|██████████| 20/20 [01:17<00:00,  3.90s/it]
/root/kallini_data/babylm_data/babylm_test/qed_parsed.json
  0%|          | 0/5 [00:00<?, ?it/s] 43%|████▎     | 15/35 [01:40<02:14,  6.73s/it]  0%|          | 1/214 [00:04<15:43,  4.43s/it] 20%|██        | 1/5 [00:05<00:20,  5.20s/it] 46%|████▌     | 16/35 [01:45<01:57,  6.18s/it]  1%|          | 2/214 [00:08<15:35,  4.41s/it] 40%|████      | 2/5 [00:10<00:15,  5.17s/it]  1%|▏         | 3/214 [00:13<15:15,  4.34s/it] 49%|████▊     | 17/35 [01:50<01:46,  5.92s/it] 60%|██████    | 3/5 [00:15<00:09,  4.99s/it]  2%|▏         | 4/214 [00:17<15:32,  4.44s/it] 51%|█████▏    | 18/35 [01:56<01:42,  6.05s/it] 80%|████████  | 4/5 [00:20<00:05,  5.08s/it]  2%|▏         | 5/214 [00:22<15:38,  4.49s/it]100%|██████████| 5/5 [00:22<00:00,  4.08s/it]100%|██████████| 5/5 [00:22<00:00,  4.53s/it]
/root/kallini_data/babylm_data/babylm_test/simple_wikipedia_parsed.json
  0%|          | 0/9 [00:00<?, ?it/s] 54%|█████▍    | 19/35 [02:03<01:38,  6.19s/it]  3%|▎         | 6/214 [00:27<16:07,  4.65s/it] 11%|█         | 1/9 [00:03<00:26,  3.31s/it] 22%|██▏       | 2/9 [00:06<00:24,  3.52s/it]  3%|▎         | 7/214 [00:31<15:52,  4.60s/it] 57%|█████▋    | 20/35 [02:10<01:37,  6.51s/it] 33%|███▎      | 3/9 [00:10<00:20,  3.40s/it]  4%|▎         | 8/214 [00:36<15:28,  4.50s/it] 44%|████▍     | 4/9 [00:13<00:16,  3.38s/it]  4%|▍         | 9/214 [00:40<15:43,  4.60s/it] 60%|██████    | 21/35 [02:17<01:33,  6.66s/it] 56%|█████▌    | 5/9 [00:17<00:14,  3.62s/it]  5%|▍         | 10/214 [00:45<15:38,  4.60s/it] 67%|██████▋   | 6/9 [00:21<00:11,  3.77s/it] 63%|██████▎   | 22/35 [02:23<01:23,  6.46s/it] 78%|███████▊  | 7/9 [00:25<00:07,  3.84s/it]  5%|▌         | 11/214 [00:49<15:30,  4.58s/it] 66%|██████▌   | 23/35 [02:30<01:19,  6.59s/it] 89%|████████▉ | 8/9 [00:29<00:03,  3.97s/it]  6%|▌         | 12/214 [00:54<15:21,  4.56s/it]100%|██████████| 9/9 [00:33<00:00,  3.79s/it]100%|██████████| 9/9 [00:33<00:00,  3.70s/it]
/root/kallini_data/babylm_data/babylm_test/switchboard_parsed.json
  0%|          | 0/1 [00:00<?, ?it/s]  6%|▌         | 13/214 [00:58<15:10,  4.53s/it] 69%|██████▊   | 24/35 [02:36<01:11,  6.49s/it]100%|██████████| 1/1 [00:02<00:00,  2.65s/it]100%|██████████| 1/1 [00:02<00:00,  2.65s/it]
/root/kallini_data/babylm_data/babylm_test/wikipedia_parsed.json
  0%|          | 0/5 [00:00<?, ?it/s]  7%|▋         | 14/214 [01:03<15:13,  4.57s/it] 20%|██        | 1/5 [00:04<00:16,  4.24s/it] 71%|███████▏  | 25/35 [02:42<01:03,  6.33s/it]  7%|▋         | 15/214 [01:08<15:15,  4.60s/it] 40%|████      | 2/5 [00:08<00:13,  4.46s/it]  7%|▋         | 16/214 [01:12<15:04,  4.57s/it] 74%|███████▍  | 26/35 [02:50<01:00,  6.71s/it] 60%|██████    | 3/5 [00:13<00:09,  4.64s/it]  8%|▊         | 17/214 [01:17<15:00,  4.57s/it] 80%|████████  | 4/5 [00:17<00:04,  4.50s/it] 77%|███████▋  | 27/35 [02:56<00:52,  6.60s/it]100%|██████████| 5/5 [00:19<00:00,  3.56s/it]100%|██████████| 5/5 [00:19<00:00,  3.98s/it]
  8%|▊         | 18/214 [01:21<14:48,  4.53s/it] 80%|████████  | 28/35 [03:02<00:45,  6.46s/it]  9%|▉         | 19/214 [01:26<14:34,  4.49s/it]  9%|▉         | 20/214 [01:30<14:28,  4.48s/it]/root/kallini_data/babylm_data/babylm_100M/aochildes_parsed.json
  0%|          | 0/31 [00:00<?, ?it/s]  3%|▎         | 1/31 [00:02<01:09,  2.33s/it] 10%|▉         | 21/214 [01:35<14:23,  4.47s/it] 83%|████████▎ | 29/35 [03:11<00:43,  7.23s/it]  6%|▋         | 2/31 [00:04<01:07,  2.32s/it] 10%|▉         | 3/31 [00:06<01:04,  2.30s/it] 10%|█         | 22/214 [01:39<14:18,  4.47s/it] 86%|████████▌ | 30/35 [03:17<00:33,  6.68s/it] 13%|█▎        | 4/31 [00:09<01:03,  2.35s/it] 16%|█▌        | 5/31 [00:11<01:00,  2.34s/it] 11%|█         | 23/214 [01:43<13:59,  4.40s/it] 19%|█▉        | 6/31 [00:13<00:58,  2.33s/it] 89%|████████▊ | 31/35 [03:24<00:27,  6.76s/it] 11%|█         | 24/214 [01:48<13:49,  4.36s/it] 23%|██▎       | 7/31 [00:16<00:56,  2.34s/it] 26%|██▌       | 8/31 [00:18<00:53,  2.32s/it] 12%|█▏        | 25/214 [01:52<13:47,  4.38s/it] 29%|██▉       | 9/31 [00:20<00:50,  2.31s/it] 91%|█████████▏| 32/35 [03:30<00:20,  6.67s/it] 32%|███▏      | 10/31 [00:23<00:49,  2.34s/it] 12%|█▏        | 26/214 [01:56<13:45,  4.39s/it] 35%|███▌      | 11/31 [00:25<00:47,  2.37s/it] 39%|███▊      | 12/31 [00:28<00:45,  2.39s/it] 94%|█████████▍| 33/35 [03:37<00:13,  6.71s/it] 13%|█▎        | 27/214 [02:01<13:40,  4.39s/it] 42%|████▏     | 13/31 [00:30<00:43,  2.41s/it] 45%|████▌     | 14/31 [00:33<00:40,  2.41s/it] 13%|█▎        | 28/214 [02:05<13:46,  4.44s/it] 48%|████▊     | 15/31 [00:35<00:38,  2.40s/it] 97%|█████████▋| 34/35 [03:44<00:06,  6.67s/it] 52%|█████▏    | 16/31 [00:37<00:36,  2.41s/it]100%|██████████| 35/35 [03:46<00:00,  5.46s/it]100%|██████████| 35/35 [03:46<00:00,  6.48s/it]
 14%|█▎        | 29/214 [02:10<13:54,  4.51s/it] 55%|█████▍    | 17/31 [00:40<00:34,  2.47s/it] 58%|█████▊    | 18/31 [00:43<00:32,  2.49s/it] 14%|█▍        | 30/214 [02:15<13:55,  4.54s/it] 61%|██████▏   | 19/31 [00:45<00:29,  2.50s/it] 14%|█▍        | 31/214 [02:19<13:42,  4.49s/it] 65%|██████▍   | 20/31 [00:48<00:27,  2.52s/it] 68%|██████▊   | 21/31 [00:50<00:25,  2.52s/it] 15%|█▍        | 32/214 [02:24<13:48,  4.55s/it] 71%|███████   | 22/31 [00:53<00:22,  2.51s/it]/root/kallini_data/babylm_data/babylm_100M/open_subtitles_parsed.json
  0%|          | 0/214 [00:00<?, ?it/s] 74%|███████▍  | 23/31 [00:55<00:20,  2.51s/it] 15%|█▌        | 33/214 [02:28<13:47,  4.57s/it] 77%|███████▋  | 24/31 [00:58<00:17,  2.50s/it]  0%|          | 1/214 [00:05<19:34,  5.52s/it] 81%|████████  | 25/31 [01:00<00:14,  2.46s/it] 16%|█▌        | 34/214 [02:33<13:32,  4.51s/it] 84%|████████▍ | 26/31 [01:02<00:12,  2.46s/it]  1%|          | 2/214 [00:10<19:20,  5.48s/it] 87%|████████▋ | 27/31 [01:05<00:09,  2.47s/it] 16%|█▋        | 35/214 [02:37<13:30,  4.53s/it] 90%|█████████ | 28/31 [01:07<00:07,  2.48s/it]  1%|▏         | 3/214 [00:16<19:00,  5.41s/it] 17%|█▋        | 36/214 [02:42<13:24,  4.52s/it] 94%|█████████▎| 29/31 [01:10<00:04,  2.49s/it] 97%|█████████▋| 30/31 [01:12<00:02,  2.50s/it]100%|██████████| 31/31 [01:14<00:00,  2.19s/it]100%|██████████| 31/31 [01:14<00:00,  2.40s/it]
 17%|█▋        | 37/214 [02:46<13:10,  4.46s/it]  2%|▏         | 4/214 [00:22<19:36,  5.60s/it]/root/kallini_data/babylm_data/babylm_100M/bnc_spoken_parsed.json
  0%|          | 0/170 [00:00<?, ?it/s]  1%|          | 1/170 [00:00<01:46,  1.59it/s]  1%|          | 2/170 [00:01<01:34,  1.78it/s]  2%|▏         | 3/170 [00:01<01:26,  1.92it/s] 18%|█▊        | 38/214 [02:51<13:08,  4.48s/it]  2%|▏         | 4/170 [00:02<01:22,  2.01it/s]Token indices sequence length is longer than the specified maximum sequence length for this model (1111 > 1024). Running this sequence through the model will result in indexing errors
  3%|▎         | 5/170 [00:02<01:13,  2.23it/s]  4%|▎         | 6/170 [00:02<01:16,  2.14it/s]  4%|▍         | 7/170 [00:03<01:28,  1.84it/s]  5%|▍         | 8/170 [00:04<01:28,  1.82it/s]  2%|▏         | 5/214 [00:27<19:33,  5.61s/it]  5%|▌         | 9/170 [00:04<01:24,  1.91it/s]  6%|▌         | 10/170 [00:05<01:25,  1.88it/s]  6%|▋         | 11/170 [00:05<01:27,  1.82it/s] 18%|█▊        | 39/214 [02:55<13:01,  4.46s/it]  7%|▋         | 12/170 [00:06<01:31,  1.73it/s]  8%|▊         | 13/170 [00:07<01:30,  1.74it/s]  8%|▊         | 14/170 [00:08<01:52,  1.39it/s]  9%|▉         | 15/170 [00:09<02:06,  1.22it/s]  9%|▉         | 16/170 [00:09<01:53,  1.36it/s] 10%|█         | 17/170 [00:10<01:45,  1.45it/s] 11%|█         | 18/170 [00:10<01:36,  1.57it/s]  3%|▎         | 6/214 [00:34<20:27,  5.90s/it] 19%|█▊        | 40/214 [03:00<13:13,  4.56s/it] 11%|█         | 19/170 [00:11<01:28,  1.71it/s] 12%|█▏        | 20/170 [00:11<01:25,  1.75it/s] 12%|█▏        | 21/170 [00:12<01:19,  1.87it/s] 13%|█▎        | 22/170 [00:12<01:19,  1.86it/s] 14%|█▎        | 23/170 [00:13<01:17,  1.91it/s] 14%|█▍        | 24/170 [00:13<01:13,  1.97it/s] 15%|█▍        | 25/170 [00:14<01:16,  1.90it/s] 15%|█▌        | 26/170 [00:15<01:38,  1.46it/s] 19%|█▉        | 41/214 [03:04<13:07,  4.55s/it] 16%|█▌        | 27/170 [00:15<01:28,  1.61it/s] 16%|█▋        | 28/170 [00:16<01:19,  1.78it/s]  3%|▎         | 7/214 [00:39<19:59,  5.79s/it] 17%|█▋        | 29/170 [00:17<01:32,  1.53it/s] 18%|█▊        | 30/170 [00:17<01:36,  1.45it/s] 18%|█▊        | 31/170 [00:18<01:29,  1.55it/s] 19%|█▉        | 32/170 [00:19<01:35,  1.45it/s] 20%|█▉        | 42/214 [03:09<12:47,  4.46s/it] 19%|█▉        | 33/170 [00:20<01:38,  1.39it/s] 20%|██        | 34/170 [00:20<01:38,  1.38it/s] 21%|██        | 35/170 [00:21<01:35,  1.41it/s]  4%|▎         | 8/214 [00:45<19:21,  5.64s/it] 21%|██        | 36/170 [00:22<01:38,  1.36it/s] 22%|██▏       | 37/170 [00:22<01:37,  1.36it/s] 22%|██▏       | 38/170 [00:23<01:35,  1.38it/s] 20%|██        | 43/214 [03:12<12:05,  4.24s/it] 23%|██▎       | 39/170 [00:24<01:40,  1.31it/s] 24%|██▎       | 40/170 [00:25<01:29,  1.45it/s] 24%|██▍       | 41/170 [00:25<01:23,  1.55it/s] 25%|██▍       | 42/170 [00:25<01:11,  1.78it/s] 25%|██▌       | 43/170 [00:26<01:07,  1.88it/s] 26%|██▌       | 44/170 [00:27<01:12,  1.74it/s] 26%|██▋       | 45/170 [00:27<01:09,  1.79it/s]  4%|▍         | 9/214 [00:50<19:23,  5.68s/it] 21%|██        | 44/214 [03:17<12:07,  4.28s/it] 27%|██▋       | 46/170 [00:28<01:15,  1.65it/s] 28%|██▊       | 47/170 [00:28<01:13,  1.68it/s] 28%|██▊       | 48/170 [00:29<01:11,  1.72it/s] 29%|██▉       | 49/170 [00:30<01:11,  1.70it/s] 29%|██▉       | 50/170 [00:30<01:21,  1.47it/s] 30%|███       | 51/170 [00:31<01:18,  1.51it/s] 31%|███       | 52/170 [00:32<01:27,  1.35it/s] 21%|██        | 45/214 [03:21<12:12,  4.34s/it] 31%|███       | 53/170 [00:33<01:20,  1.45it/s]  5%|▍         | 10/214 [00:56<19:27,  5.72s/it] 32%|███▏      | 54/170 [00:33<01:13,  1.58it/s] 32%|███▏      | 55/170 [00:34<01:11,  1.62it/s] 33%|███▎      | 56/170 [00:34<01:13,  1.55it/s] 34%|███▎      | 57/170 [00:35<01:15,  1.49it/s] 34%|███▍      | 58/170 [00:36<01:11,  1.57it/s] 35%|███▍      | 59/170 [00:36<01:09,  1.60it/s] 21%|██▏       | 46/214 [03:26<12:26,  4.45s/it] 35%|███▌      | 60/170 [00:37<01:09,  1.58it/s] 36%|███▌      | 61/170 [00:37<01:07,  1.62it/s] 36%|███▋      | 62/170 [00:38<01:02,  1.72it/s] 37%|███▋      | 63/170 [00:38<00:59,  1.80it/s]  5%|▌         | 11/214 [01:02<19:11,  5.67s/it] 38%|███▊      | 64/170 [00:39<00:56,  1.87it/s] 38%|███▊      | 65/170 [00:40<01:10,  1.48it/s] 39%|███▉      | 66/170 [00:40<01:05,  1.60it/s] 39%|███▉      | 67/170 [00:41<01:00,  1.70it/s] 22%|██▏       | 47/214 [03:30<12:13,  4.39s/it] 40%|████      | 68/170 [00:42<01:01,  1.65it/s] 41%|████      | 69/170 [00:42<00:55,  1.81it/s] 41%|████      | 70/170 [00:42<00:48,  2.05it/s] 42%|████▏     | 71/170 [00:43<00:49,  1.99it/s] 42%|████▏     | 72/170 [00:43<00:49,  1.98it/s] 43%|████▎     | 73/170 [00:44<00:52,  1.85it/s]  6%|▌         | 12/214 [01:08<19:09,  5.69s/it] 44%|████▎     | 74/170 [00:45<00:50,  1.91it/s] 22%|██▏       | 48/214 [03:34<12:01,  4.35s/it] 44%|████▍     | 75/170 [00:45<00:56,  1.69it/s] 45%|████▍     | 76/170 [00:46<00:55,  1.70it/s] 45%|████▌     | 77/170 [00:46<00:53,  1.73it/s] 46%|████▌     | 78/170 [00:47<00:56,  1.64it/s] 46%|████▋     | 79/170 [00:48<00:52,  1.74it/s] 47%|████▋     | 80/170 [00:48<00:50,  1.78it/s] 48%|████▊     | 81/170 [00:49<00:49,  1.79it/s] 48%|████▊     | 82/170 [00:49<00:49,  1.77it/s]  6%|▌         | 13/214 [01:13<18:45,  5.60s/it] 49%|████▉     | 83/170 [00:50<00:47,  1.83it/s] 23%|██▎       | 49/214 [03:39<12:07,  4.41s/it] 49%|████▉     | 84/170 [00:50<00:43,  1.96it/s] 50%|█████     | 85/170 [00:51<00:41,  2.06it/s] 51%|█████     | 86/170 [00:51<00:48,  1.74it/s] 51%|█████     | 87/170 [00:52<00:48,  1.69it/s] 52%|█████▏    | 88/170 [00:53<00:55,  1.49it/s] 52%|█████▏    | 89/170 [00:54<00:55,  1.46it/s] 23%|██▎       | 50/214 [03:43<12:02,  4.40s/it] 53%|█████▎    | 90/170 [00:54<00:55,  1.45it/s] 54%|█████▎    | 91/170 [00:55<00:49,  1.58it/s]  7%|▋         | 14/214 [01:18<18:32,  5.56s/it] 54%|█████▍    | 92/170 [00:55<00:51,  1.52it/s] 55%|█████▍    | 93/170 [00:56<00:52,  1.48it/s] 55%|█████▌    | 94/170 [00:57<00:48,  1.58it/s] 56%|█████▌    | 95/170 [00:57<00:43,  1.72it/s] 56%|█████▋    | 96/170 [00:58<00:47,  1.57it/s] 57%|█████▋    | 97/170 [00:59<00:48,  1.49it/s] 24%|██▍       | 51/214 [03:48<12:07,  4.46s/it] 58%|█████▊    | 98/170 [00:59<00:48,  1.49it/s] 58%|█████▊    | 99/170 [01:00<00:50,  1.41it/s]  7%|▋         | 15/214 [01:24<18:32,  5.59s/it] 59%|█████▉    | 100/170 [01:01<00:54,  1.28it/s] 59%|█████▉    | 101/170 [01:02<00:54,  1.26it/s] 60%|██████    | 102/170 [01:03<00:48,  1.39it/s] 61%|██████    | 103/170 [01:03<00:46,  1.44it/s] 24%|██▍       | 52/214 [03:52<11:59,  4.44s/it] 61%|██████    | 104/170 [01:04<00:45,  1.44it/s] 62%|██████▏   | 105/170 [01:04<00:42,  1.53it/s] 62%|██████▏   | 106/170 [01:05<00:42,  1.51it/s] 63%|██████▎   | 107/170 [01:06<00:40,  1.55it/s] 64%|██████▎   | 108/170 [01:06<00:37,  1.67it/s]  7%|▋         | 16/214 [01:30<18:31,  5.61s/it] 64%|██████▍   | 109/170 [01:07<00:36,  1.67it/s] 65%|██████▍   | 110/170 [01:07<00:36,  1.64it/s] 25%|██▍       | 53/214 [03:57<12:04,  4.50s/it] 65%|██████▌   | 111/170 [01:08<00:37,  1.59it/s] 66%|██████▌   | 112/170 [01:09<00:40,  1.42it/s] 66%|██████▋   | 113/170 [01:09<00:36,  1.54it/s] 67%|██████▋   | 114/170 [01:10<00:33,  1.67it/s] 68%|██████▊   | 115/170 [01:11<00:38,  1.44it/s] 68%|██████▊   | 116/170 [01:11<00:34,  1.56it/s]  8%|▊         | 17/214 [01:35<18:19,  5.58s/it] 69%|██████▉   | 117/170 [01:12<00:32,  1.62it/s] 25%|██▌       | 54/214 [04:01<11:59,  4.49s/it] 69%|██████▉   | 118/170 [01:13<00:32,  1.60it/s] 70%|███████   | 119/170 [01:13<00:31,  1.60it/s] 71%|███████   | 120/170 [01:14<00:32,  1.55it/s] 71%|███████   | 121/170 [01:15<00:32,  1.51it/s] 72%|███████▏  | 122/170 [01:15<00:33,  1.43it/s] 72%|███████▏  | 123/170 [01:16<00:36,  1.30it/s] 26%|██▌       | 55/214 [04:06<11:53,  4.49s/it] 73%|███████▎  | 124/170 [01:17<00:31,  1.45it/s]  8%|▊         | 18/214 [01:41<18:03,  5.53s/it] 74%|███████▎  | 125/170 [01:17<00:29,  1.51it/s] 74%|███████▍  | 126/170 [01:18<00:32,  1.35it/s] 75%|███████▍  | 127/170 [01:19<00:30,  1.39it/s] 75%|███████▌  | 128/170 [01:20<00:29,  1.43it/s] 76%|███████▌  | 129/170 [01:20<00:26,  1.55it/s] 76%|███████▋  | 130/170 [01:21<00:23,  1.68it/s] 77%|███████▋  | 131/170 [01:21<00:23,  1.69it/s] 26%|██▌       | 56/214 [04:10<11:53,  4.52s/it] 78%|███████▊  | 132/170 [01:22<00:25,  1.51it/s]  9%|▉         | 19/214 [01:46<17:49,  5.48s/it] 78%|███████▊  | 133/170 [01:23<00:25,  1.48it/s] 79%|███████▉  | 134/170 [01:24<00:26,  1.37it/s] 79%|███████▉  | 135/170 [01:24<00:24,  1.42it/s] 80%|████████  | 136/170 [01:25<00:22,  1.48it/s] 81%|████████  | 137/170 [01:25<00:19,  1.66it/s] 81%|████████  | 138/170 [01:26<00:19,  1.66it/s] 27%|██▋       | 57/214 [04:15<11:53,  4.54s/it] 82%|████████▏ | 139/170 [01:27<00:19,  1.62it/s] 82%|████████▏ | 140/170 [01:27<00:18,  1.63it/s] 83%|████████▎ | 141/170 [01:28<00:15,  1.83it/s] 84%|████████▎ | 142/170 [01:28<00:14,  1.92it/s]  9%|▉         | 20/214 [01:52<17:47,  5.50s/it] 84%|████████▍ | 143/170 [01:29<00:14,  1.80it/s] 85%|████████▍ | 144/170 [01:29<00:13,  1.93it/s] 85%|████████▌ | 145/170 [01:30<00:14,  1.71it/s] 86%|████████▌ | 146/170 [01:30<00:13,  1.74it/s] 27%|██▋       | 58/214 [04:20<11:44,  4.52s/it] 86%|████████▋ | 147/170 [01:31<00:12,  1.79it/s] 87%|████████▋ | 148/170 [01:31<00:12,  1.83it/s] 88%|████████▊ | 149/170 [01:32<00:12,  1.72it/s] 88%|████████▊ | 150/170 [01:33<00:11,  1.68it/s] 89%|████████▉ | 151/170 [01:33<00:10,  1.83it/s] 10%|▉         | 21/214 [01:57<17:34,  5.47s/it] 89%|████████▉ | 152/170 [01:34<00:10,  1.75it/s] 90%|█████████ | 153/170 [01:34<00:09,  1.70it/s] 28%|██▊       | 59/214 [04:24<11:44,  4.54s/it] 91%|█████████ | 154/170 [01:35<00:10,  1.55it/s] 91%|█████████ | 155/170 [01:36<00:10,  1.48it/s] 92%|█████████▏| 156/170 [01:36<00:08,  1.57it/s] 92%|█████████▏| 157/170 [01:37<00:07,  1.63it/s] 93%|█████████▎| 158/170 [01:38<00:07,  1.53it/s] 94%|█████████▎| 159/170 [01:38<00:06,  1.59it/s] 10%|█         | 22/214 [02:03<17:35,  5.50s/it] 94%|█████████▍| 160/170 [01:39<00:07,  1.36it/s] 28%|██▊       | 60/214 [04:29<11:37,  4.53s/it] 95%|█████████▍| 161/170 [01:40<00:06,  1.40it/s] 95%|█████████▌| 162/170 [01:41<00:05,  1.46it/s] 96%|█████████▌| 163/170 [01:41<00:04,  1.58it/s] 96%|█████████▋| 164/170 [01:42<00:03,  1.59it/s] 97%|█████████▋| 165/170 [01:42<00:02,  1.67it/s] 98%|█████████▊| 166/170 [01:43<00:02,  1.62it/s] 98%|█████████▊| 167/170 [01:44<00:02,  1.49it/s] 29%|██▊       | 61/214 [04:33<11:26,  4.48s/it] 99%|█████████▉| 168/170 [01:44<00:01,  1.62it/s] 11%|█         | 23/214 [02:08<17:23,  5.47s/it] 99%|█████████▉| 169/170 [01:45<00:00,  1.65it/s]100%|██████████| 170/170 [01:45<00:00,  1.95it/s]100%|██████████| 170/170 [01:45<00:00,  1.61it/s]
/root/kallini_data/babylm_data/babylm_100M/cbt_parsed.json
  0%|          | 0/53 [00:00<?, ?it/s]  2%|▏         | 1/53 [00:01<00:55,  1.08s/it] 29%|██▉       | 62/214 [04:38<11:25,  4.51s/it]  4%|▍         | 2/53 [00:02<01:01,  1.20s/it]  6%|▌         | 3/53 [00:03<00:58,  1.17s/it] 11%|█         | 24/214 [02:13<17:21,  5.48s/it]  8%|▊         | 4/53 [00:04<00:56,  1.15s/it]  9%|▉         | 5/53 [00:05<00:54,  1.14s/it] 29%|██▉       | 63/214 [04:42<11:21,  4.51s/it] 11%|█▏        | 6/53 [00:06<00:53,  1.14s/it] 13%|█▎        | 7/53 [00:08<00:52,  1.13s/it] 15%|█▌        | 8/53 [00:09<00:50,  1.12s/it] 12%|█▏        | 25/214 [02:19<17:13,  5.47s/it] 17%|█▋        | 9/53 [00:10<00:48,  1.10s/it] 19%|█▉        | 10/53 [00:11<00:47,  1.11s/it] 30%|██▉       | 64/214 [04:47<11:32,  4.61s/it] 21%|██        | 11/53 [00:12<00:44,  1.06s/it] 23%|██▎       | 12/53 [00:13<00:43,  1.06s/it] 25%|██▍       | 13/53 [00:14<00:43,  1.08s/it] 12%|█▏        | 26/214 [02:24<17:08,  5.47s/it] 26%|██▋       | 14/53 [00:15<00:43,  1.12s/it] 30%|███       | 65/214 [04:51<11:19,  4.56s/it] 28%|██▊       | 15/53 [00:17<00:45,  1.20s/it] 30%|███       | 16/53 [00:18<00:46,  1.25s/it] 32%|███▏      | 17/53 [00:19<00:45,  1.25s/it] 13%|█▎        | 27/214 [02:30<17:10,  5.51s/it] 31%|███       | 66/214 [04:56<11:15,  4.56s/it] 34%|███▍      | 18/53 [00:20<00:44,  1.27s/it] 36%|███▌      | 19/53 [00:22<00:41,  1.23s/it] 38%|███▊      | 20/53 [00:23<00:40,  1.22s/it] 40%|███▉      | 21/53 [00:24<00:39,  1.22s/it] 31%|███▏      | 67/214 [05:00<11:06,  4.53s/it] 42%|████▏     | 22/53 [00:25<00:35,  1.14s/it] 13%|█▎        | 28/214 [02:35<16:57,  5.47s/it] 43%|████▎     | 23/53 [00:26<00:33,  1.13s/it] 45%|████▌     | 24/53 [00:27<00:32,  1.11s/it] 47%|████▋     | 25/53 [00:28<00:29,  1.06s/it] 32%|███▏      | 68/214 [05:05<10:52,  4.47s/it] 49%|████▉     | 26/53 [00:29<00:28,  1.05s/it] 51%|█████     | 27/53 [00:30<00:27,  1.05s/it] 14%|█▎        | 29/214 [02:41<17:03,  5.53s/it] 53%|█████▎    | 28/53 [00:31<00:25,  1.03s/it] 55%|█████▍    | 29/53 [00:32<00:24,  1.02s/it] 57%|█████▋    | 30/53 [00:33<00:23,  1.00s/it] 32%|███▏      | 69/214 [05:09<10:37,  4.39s/it] 58%|█████▊    | 31/53 [00:34<00:21,  1.02it/s] 60%|██████    | 32/53 [00:35<00:20,  1.04it/s] 62%|██████▏   | 33/53 [00:36<00:19,  1.02it/s] 14%|█▍        | 30/214 [02:46<16:54,  5.51s/it] 64%|██████▍   | 34/53 [00:37<00:18,  1.03it/s] 33%|███▎      | 70/214 [05:13<10:34,  4.41s/it] 66%|██████▌   | 35/53 [00:38<00:17,  1.04it/s] 68%|██████▊   | 36/53 [00:39<00:17,  1.00s/it] 70%|██████▉   | 37/53 [00:40<00:16,  1.01s/it] 72%|███████▏  | 38/53 [00:41<00:15,  1.04s/it] 14%|█▍        | 31/214 [02:52<16:33,  5.43s/it] 33%|███▎      | 71/214 [05:18<10:26,  4.38s/it] 74%|███████▎  | 39/53 [00:42<00:15,  1.12s/it] 75%|███████▌  | 40/53 [00:44<00:15,  1.19s/it] 77%|███████▋  | 41/53 [00:45<00:14,  1.17s/it] 79%|███████▉  | 42/53 [00:46<00:12,  1.14s/it] 34%|███▎      | 72/214 [05:22<10:31,  4.45s/it] 81%|████████  | 43/53 [00:47<00:11,  1.11s/it] 15%|█▍        | 32/214 [02:57<16:33,  5.46s/it] 83%|████████▎ | 44/53 [00:48<00:09,  1.05s/it] 85%|████████▍ | 45/53 [00:49<00:08,  1.01s/it] 87%|████████▋ | 46/53 [00:50<00:06,  1.00it/s] 89%|████████▊ | 47/53 [00:51<00:05,  1.02it/s] 34%|███▍      | 73/214 [05:27<10:36,  4.52s/it] 91%|█████████ | 48/53 [00:52<00:05,  1.01s/it] 15%|█▌        | 33/214 [03:03<16:24,  5.44s/it] 92%|█████████▏| 49/53 [00:53<00:04,  1.03s/it] 94%|█████████▍| 50/53 [00:54<00:02,  1.00it/s] 96%|█████████▌| 51/53 [00:55<00:01,  1.03it/s] 35%|███▍      | 74/214 [05:31<10:28,  4.49s/it] 98%|█████████▊| 52/53 [00:56<00:00,  1.03it/s]100%|██████████| 53/53 [00:56<00:00,  1.11it/s]100%|██████████| 53/53 [00:56<00:00,  1.07s/it]
/root/kallini_data/babylm_data/babylm_100M/children_stories_parsed.json
  0%|          | 0/16 [00:00<?, ?it/s] 16%|█▌        | 34/214 [03:08<16:07,  5.37s/it] 35%|███▌      | 75/214 [05:36<10:18,  4.45s/it]  6%|▋         | 1/16 [00:02<00:38,  2.60s/it] 16%|█▋        | 35/214 [03:13<16:12,  5.43s/it] 12%|█▎        | 2/16 [00:06<00:45,  3.24s/it] 36%|███▌      | 76/214 [05:40<10:24,  4.52s/it] 19%|█▉        | 3/16 [00:08<00:34,  2.63s/it] 25%|██▌       | 4/16 [00:10<00:28,  2.35s/it] 36%|███▌      | 77/214 [05:45<10:16,  4.50s/it] 17%|█▋        | 36/214 [03:19<16:28,  5.56s/it] 31%|███▏      | 5/16 [00:12<00:24,  2.21s/it] 38%|███▊      | 6/16 [00:14<00:22,  2.25s/it] 36%|███▋      | 78/214 [05:50<10:18,  4.55s/it] 44%|████▍     | 7/16 [00:16<00:20,  2.27s/it] 17%|█▋        | 37/214 [03:25<16:30,  5.60s/it] 50%|█████     | 8/16 [00:19<00:19,  2.50s/it] 37%|███▋      | 79/214 [05:54<10:17,  4.57s/it] 56%|█████▋    | 9/16 [00:22<00:17,  2.48s/it] 18%|█▊        | 38/214 [03:30<16:17,  5.56s/it] 62%|██████▎   | 10/16 [00:24<00:15,  2.53s/it] 37%|███▋      | 80/214 [05:59<10:10,  4.56s/it] 69%|██████▉   | 11/16 [00:26<00:12,  2.43s/it] 18%|█▊        | 39/214 [03:36<16:09,  5.54s/it] 75%|███████▌  | 12/16 [00:29<00:10,  2.51s/it] 38%|███▊      | 81/214 [06:03<10:07,  4.57s/it] 81%|████████▏ | 13/16 [00:32<00:07,  2.47s/it] 38%|███▊      | 82/214 [06:08<09:51,  4.48s/it] 19%|█▊        | 40/214 [03:42<16:36,  5.73s/it] 88%|████████▊ | 14/16 [00:34<00:05,  2.60s/it] 94%|█████████▍| 15/16 [00:37<00:02,  2.48s/it]100%|██████████| 16/16 [00:37<00:00,  1.93s/it]100%|██████████| 16/16 [00:37<00:00,  2.36s/it]
 39%|███▉      | 83/214 [06:12<09:37,  4.41s/it]/root/kallini_data/babylm_data/babylm_100M/gutenberg_parsed.json
  0%|          | 0/35 [00:00<?, ?it/s] 19%|█▉        | 41/214 [03:48<16:26,  5.70s/it] 39%|███▉      | 84/214 [06:16<09:37,  4.44s/it]  3%|▎         | 1/35 [00:03<01:47,  3.16s/it] 20%|█▉        | 42/214 [03:53<16:00,  5.59s/it]  6%|▌         | 2/35 [00:06<01:43,  3.15s/it] 40%|███▉      | 85/214 [06:21<09:39,  4.49s/it]  9%|▊         | 3/35 [00:08<01:33,  2.94s/it] 20%|██        | 43/214 [03:58<15:16,  5.36s/it] 11%|█▏        | 4/35 [00:11<01:31,  2.94s/it] 40%|████      | 86/214 [06:26<09:46,  4.58s/it] 14%|█▍        | 5/35 [00:14<01:28,  2.95s/it] 21%|██        | 44/214 [04:03<15:11,  5.36s/it] 41%|████      | 87/214 [06:30<09:39,  4.56s/it] 17%|█▋        | 6/35 [00:18<01:27,  3.01s/it] 20%|██        | 7/35 [00:20<01:21,  2.91s/it] 21%|██        | 45/214 [04:09<15:17,  5.43s/it] 41%|████      | 88/214 [06:35<09:28,  4.51s/it] 23%|██▎       | 8/35 [00:23<01:15,  2.81s/it] 42%|████▏     | 89/214 [06:39<09:29,  4.55s/it] 21%|██▏       | 46/214 [04:15<15:28,  5.53s/it] 26%|██▌       | 9/35 [00:27<01:22,  3.19s/it] 29%|██▊       | 10/35 [00:30<01:18,  3.15s/it] 42%|████▏     | 90/214 [06:44<09:15,  4.48s/it] 22%|██▏       | 47/214 [04:20<15:11,  5.46s/it] 31%|███▏      | 11/35 [00:33<01:14,  3.11s/it] 43%|████▎     | 91/214 [06:48<09:11,  4.48s/it] 34%|███▍      | 12/35 [00:36<01:13,  3.20s/it] 22%|██▏       | 48/214 [04:25<15:06,  5.46s/it] 43%|████▎     | 92/214 [06:53<09:12,  4.53s/it] 37%|███▋      | 13/35 [00:39<01:08,  3.13s/it] 40%|████      | 14/35 [00:42<01:05,  3.14s/it] 23%|██▎       | 49/214 [04:31<15:12,  5.53s/it] 43%|████▎     | 93/214 [06:57<08:58,  4.45s/it] 43%|████▎     | 15/35 [00:46<01:02,  3.11s/it] 44%|████▍     | 94/214 [07:01<08:50,  4.42s/it] 46%|████▌     | 16/35 [00:48<00:55,  2.91s/it] 23%|██▎       | 50/214 [04:37<15:06,  5.53s/it] 49%|████▊     | 17/35 [00:50<00:49,  2.77s/it] 44%|████▍     | 95/214 [07:06<08:44,  4.41s/it] 51%|█████▏    | 18/35 [00:53<00:47,  2.82s/it] 24%|██▍       | 51/214 [04:42<15:00,  5.53s/it] 54%|█████▍    | 19/35 [00:56<00:46,  2.90s/it] 45%|████▍     | 96/214 [07:10<08:42,  4.43s/it] 24%|██▍       | 52/214 [04:48<14:50,  5.50s/it] 57%|█████▋    | 20/35 [01:00<00:45,  3.04s/it] 45%|████▌     | 97/214 [07:15<08:37,  4.42s/it] 60%|██████    | 21/35 [01:03<00:43,  3.12s/it] 25%|██▍       | 53/214 [04:53<14:53,  5.55s/it] 46%|████▌     | 98/214 [07:19<08:32,  4.42s/it] 63%|██████▎   | 22/35 [01:06<00:39,  3.02s/it] 66%|██████▌   | 23/35 [01:09<00:37,  3.09s/it] 46%|████▋     | 99/214 [07:23<08:27,  4.41s/it] 25%|██▌       | 54/214 [04:59<14:46,  5.54s/it] 69%|██████▊   | 24/35 [01:12<00:33,  3.05s/it] 47%|████▋     | 100/214 [07:28<08:17,  4.36s/it] 71%|███████▏  | 25/35 [01:15<00:30,  3.01s/it] 26%|██▌       | 55/214 [05:04<14:40,  5.54s/it] 74%|███████▍  | 26/35 [01:18<00:28,  3.13s/it] 47%|████▋     | 101/214 [07:32<08:24,  4.47s/it] 77%|███████▋  | 27/35 [01:21<00:24,  3.06s/it] 26%|██▌       | 56/214 [05:10<14:41,  5.58s/it] 48%|████▊     | 102/214 [07:37<08:13,  4.41s/it] 80%|████████  | 28/35 [01:24<00:20,  2.99s/it] 48%|████▊     | 103/214 [07:41<08:11,  4.43s/it] 27%|██▋       | 57/214 [05:16<14:37,  5.59s/it] 83%|████████▎ | 29/35 [01:28<00:20,  3.34s/it] 86%|████████▌ | 30/35 [01:31<00:15,  3.11s/it] 49%|████▊     | 104/214 [07:46<08:06,  4.42s/it] 27%|██▋       | 58/214 [05:21<14:30,  5.58s/it] 89%|████████▊ | 31/35 [01:34<00:12,  3.14s/it] 49%|████▉     | 105/214 [07:50<07:59,  4.40s/it] 91%|█████████▏| 32/35 [01:37<00:09,  3.11s/it] 28%|██▊       | 59/214 [05:27<14:29,  5.61s/it] 94%|█████████▍| 33/35 [01:40<00:06,  3.13s/it] 50%|████▉     | 106/214 [07:54<07:56,  4.41s/it] 97%|█████████▋| 34/35 [01:43<00:03,  3.10s/it] 28%|██▊       | 60/214 [05:32<14:20,  5.59s/it]100%|██████████| 35/35 [01:45<00:00,  2.53s/it]100%|██████████| 35/35 [01:45<00:00,  3.00s/it]
 50%|█████     | 107/214 [07:59<07:50,  4.39s/it] 50%|█████     | 108/214 [08:03<07:49,  4.43s/it] 29%|██▊       | 61/214 [05:38<14:18,  5.61s/it] 51%|█████     | 109/214 [08:08<07:47,  4.45s/it] 29%|██▉       | 62/214 [05:44<14:13,  5.61s/it] 51%|█████▏    | 110/214 [08:12<07:39,  4.42s/it]/root/kallini_data/babylm_data/babylm_100M/open_subtitles_parsed.json
  0%|          | 0/214 [00:00<?, ?it/s] 29%|██▉       | 63/214 [05:49<14:21,  5.70s/it] 52%|█████▏    | 111/214 [08:17<07:46,  4.53s/it]  0%|          | 1/214 [00:02<09:40,  2.72s/it]  1%|          | 2/214 [00:05<09:46,  2.77s/it] 30%|██▉       | 64/214 [05:55<14:09,  5.66s/it] 52%|█████▏    | 112/214 [08:21<07:38,  4.50s/it]  1%|▏         | 3/214 [00:08<09:24,  2.68s/it]  2%|▏         | 4/214 [00:10<09:32,  2.72s/it] 53%|█████▎    | 113/214 [08:26<07:46,  4.62s/it] 30%|███       | 65/214 [06:00<13:51,  5.58s/it]  2%|▏         | 5/214 [00:13<09:30,  2.73s/it] 53%|█████▎    | 114/214 [08:31<07:35,  4.55s/it]  3%|▎         | 6/214 [00:16<09:50,  2.84s/it] 31%|███       | 66/214 [06:06<13:47,  5.59s/it]  3%|▎         | 7/214 [00:19<09:41,  2.81s/it] 54%|█████▎    | 115/214 [08:35<07:27,  4.52s/it]  4%|▎         | 8/214 [00:22<09:28,  2.76s/it] 31%|███▏      | 67/214 [06:12<13:43,  5.60s/it]  4%|▍         | 9/214 [00:24<09:25,  2.76s/it] 54%|█████▍    | 116/214 [08:39<07:18,  4.47s/it]  5%|▍         | 10/214 [00:27<09:25,  2.77s/it] 32%|███▏      | 68/214 [06:17<13:43,  5.64s/it] 55%|█████▍    | 117/214 [08:44<07:14,  4.48s/it]  5%|▌         | 11/214 [00:30<09:24,  2.78s/it]  6%|▌         | 12/214 [00:33<09:34,  2.84s/it] 55%|█████▌    | 118/214 [08:48<07:11,  4.50s/it] 32%|███▏      | 69/214 [06:23<13:29,  5.58s/it]  6%|▌         | 13/214 [00:36<09:34,  2.86s/it] 56%|█████▌    | 119/214 [08:53<07:00,  4.43s/it]  7%|▋         | 14/214 [00:39<09:36,  2.88s/it] 33%|███▎      | 70/214 [06:28<13:20,  5.56s/it]  7%|▋         | 15/214 [00:42<09:41,  2.92s/it] 56%|█████▌    | 120/214 [08:57<06:54,  4.41s/it]  7%|▋         | 16/214 [00:45<09:44,  2.95s/it] 33%|███▎      | 71/214 [06:34<13:17,  5.58s/it] 57%|█████▋    | 121/214 [09:02<06:51,  4.43s/it]  8%|▊         | 17/214 [00:48<09:43,  2.96s/it]  8%|▊         | 18/214 [00:51<09:39,  2.96s/it] 34%|███▎      | 72/214 [06:40<13:29,  5.70s/it] 57%|█████▋    | 122/214 [09:06<06:44,  4.40s/it]  9%|▉         | 19/214 [00:54<09:32,  2.93s/it] 57%|█████▋    | 123/214 [09:10<06:40,  4.40s/it]  9%|▉         | 20/214 [00:57<09:28,  2.93s/it] 34%|███▍      | 73/214 [06:46<13:25,  5.71s/it] 10%|▉         | 21/214 [00:59<09:21,  2.91s/it] 58%|█████▊    | 124/214 [09:15<06:39,  4.44s/it] 35%|███▍      | 74/214 [06:51<13:06,  5.62s/it] 10%|█         | 22/214 [01:02<09:09,  2.86s/it] 58%|█████▊    | 125/214 [09:19<06:38,  4.48s/it] 11%|█         | 23/214 [01:05<08:55,  2.80s/it] 11%|█         | 24/214 [01:07<08:42,  2.75s/it] 35%|███▌      | 75/214 [06:57<12:53,  5.56s/it] 59%|█████▉    | 126/214 [09:24<06:32,  4.46s/it] 12%|█▏        | 25/214 [01:10<08:32,  2.71s/it] 12%|█▏        | 26/214 [01:13<08:30,  2.72s/it] 36%|███▌      | 76/214 [07:02<13:01,  5.66s/it] 59%|█████▉    | 127/214 [09:29<06:37,  4.57s/it] 13%|█▎        | 27/214 [01:15<08:26,  2.71s/it] 60%|█████▉    | 128/214 [09:33<06:28,  4.52s/it] 13%|█▎        | 28/214 [01:18<08:22,  2.70s/it] 36%|███▌      | 77/214 [07:08<12:52,  5.64s/it] 14%|█▎        | 29/214 [01:21<08:24,  2.73s/it] 60%|██████    | 129/214 [09:38<06:37,  4.67s/it] 14%|█▍        | 30/214 [01:24<08:21,  2.73s/it] 36%|███▋      | 78/214 [07:14<12:48,  5.65s/it] 14%|█▍        | 31/214 [01:27<08:24,  2.76s/it] 61%|██████    | 130/214 [09:42<06:22,  4.55s/it] 15%|█▍        | 32/214 [01:29<08:19,  2.74s/it] 37%|███▋      | 79/214 [07:19<12:38,  5.62s/it] 15%|█▌        | 33/214 [01:32<08:13,  2.73s/it] 61%|██████    | 131/214 [09:47<06:17,  4.55s/it] 16%|█▌        | 34/214 [01:35<08:04,  2.69s/it] 37%|███▋      | 80/214 [07:25<12:37,  5.65s/it] 62%|██████▏   | 132/214 [09:51<06:13,  4.55s/it] 16%|█▋        | 35/214 [01:37<08:01,  2.69s/it] 17%|█▋        | 36/214 [01:40<07:55,  2.67s/it] 62%|██████▏   | 133/214 [09:56<06:03,  4.49s/it] 38%|███▊      | 81/214 [07:31<12:35,  5.68s/it] 17%|█▋        | 37/214 [01:43<07:54,  2.68s/it] 18%|█▊        | 38/214 [01:45<07:56,  2.71s/it] 63%|██████▎   | 134/214 [10:00<05:58,  4.48s/it] 38%|███▊      | 82/214 [07:36<12:15,  5.57s/it] 18%|█▊        | 39/214 [01:48<07:58,  2.73s/it] 63%|██████▎   | 135/214 [10:04<05:44,  4.36s/it] 19%|█▊        | 40/214 [01:51<08:11,  2.82s/it] 39%|███▉      | 83/214 [07:41<11:57,  5.48s/it] 19%|█▉        | 41/214 [01:54<08:04,  2.80s/it] 64%|██████▎   | 136/214 [10:09<05:48,  4.46s/it] 20%|█▉        | 42/214 [01:57<07:54,  2.76s/it] 39%|███▉      | 84/214 [07:47<11:51,  5.48s/it] 64%|██████▍   | 137/214 [10:14<05:45,  4.49s/it] 20%|██        | 43/214 [01:59<07:29,  2.63s/it] 21%|██        | 44/214 [02:02<07:29,  2.64s/it] 64%|██████▍   | 138/214 [10:18<05:41,  4.49s/it] 40%|███▉      | 85/214 [07:52<11:52,  5.52s/it] 21%|██        | 45/214 [02:04<07:35,  2.69s/it] 21%|██▏       | 46/214 [02:07<07:40,  2.74s/it] 65%|██████▍   | 139/214 [10:22<05:35,  4.48s/it] 40%|████      | 86/214 [07:58<11:51,  5.56s/it] 22%|██▏       | 47/214 [02:10<07:34,  2.72s/it] 65%|██████▌   | 140/214 [10:27<05:23,  4.37s/it] 22%|██▏       | 48/214 [02:13<07:27,  2.69s/it] 41%|████      | 87/214 [08:04<11:43,  5.54s/it] 23%|██▎       | 49/214 [02:16<07:44,  2.81s/it] 66%|██████▌   | 141/214 [10:31<05:18,  4.36s/it] 23%|██▎       | 50/214 [02:18<07:45,  2.84s/it] 41%|████      | 88/214 [08:09<11:24,  5.44s/it] 66%|██████▋   | 142/214 [10:35<05:13,  4.35s/it] 24%|██▍       | 51/214 [02:21<07:47,  2.87s/it] 24%|██▍       | 52/214 [02:24<07:45,  2.87s/it] 67%|██████▋   | 143/214 [10:40<05:12,  4.41s/it] 42%|████▏     | 89/214 [08:14<11:26,  5.49s/it] 25%|██▍       | 53/214 [02:27<07:37,  2.84s/it] 67%|██████▋   | 144/214 [10:44<05:07,  4.40s/it] 25%|██▌       | 54/214 [02:30<07:32,  2.83s/it] 42%|████▏     | 90/214 [08:20<11:17,  5.47s/it] 26%|██▌       | 55/214 [02:33<07:29,  2.83s/it] 68%|██████▊   | 145/214 [10:48<05:01,  4.37s/it] 26%|██▌       | 56/214 [02:36<07:27,  2.84s/it] 43%|████▎     | 91/214 [08:25<11:17,  5.50s/it] 68%|██████▊   | 146/214 [10:53<04:59,  4.40s/it] 27%|██▋       | 57/214 [02:38<07:26,  2.84s/it] 27%|██▋       | 58/214 [02:41<07:20,  2.83s/it] 43%|████▎     | 92/214 [08:31<11:08,  5.48s/it] 69%|██████▊   | 147/214 [10:57<04:57,  4.44s/it] 28%|██▊       | 59/214 [02:44<07:15,  2.81s/it] 28%|██▊       | 60/214 [02:47<07:12,  2.81s/it] 43%|████▎     | 93/214 [08:36<10:54,  5.41s/it] 69%|██████▉   | 148/214 [11:02<04:53,  4.45s/it] 29%|██▊       | 61/214 [02:50<07:06,  2.79s/it] 70%|██████▉   | 149/214 [11:06<04:48,  4.44s/it] 44%|████▍     | 94/214 [08:41<10:43,  5.36s/it] 29%|██▉       | 62/214 [02:52<07:03,  2.79s/it] 29%|██▉       | 63/214 [02:55<06:59,  2.78s/it] 70%|███████   | 150/214 [11:11<04:47,  4.50s/it] 44%|████▍     | 95/214 [08:47<10:38,  5.36s/it] 30%|██▉       | 64/214 [02:58<06:55,  2.77s/it] 30%|███       | 65/214 [03:01<06:49,  2.75s/it] 71%|███████   | 151/214 [11:15<04:42,  4.48s/it] 31%|███       | 66/214 [03:03<06:48,  2.76s/it] 45%|████▍     | 96/214 [08:52<10:49,  5.50s/it] 71%|███████   | 152/214 [11:20<04:38,  4.49s/it] 31%|███▏      | 67/214 [03:06<06:48,  2.78s/it] 45%|████▌     | 97/214 [08:58<10:42,  5.49s/it] 32%|███▏      | 68/214 [03:09<06:47,  2.79s/it] 71%|███████▏  | 153/214 [11:24<04:30,  4.44s/it] 32%|███▏      | 69/214 [03:12<06:40,  2.76s/it] 72%|███████▏  | 154/214 [11:29<04:30,  4.50s/it] 46%|████▌     | 98/214 [09:03<10:37,  5.49s/it] 33%|███▎      | 70/214 [03:14<06:40,  2.78s/it] 33%|███▎      | 71/214 [03:17<06:36,  2.77s/it] 72%|███████▏  | 155/214 [11:34<04:27,  4.53s/it] 46%|████▋     | 99/214 [09:09<10:29,  5.47s/it] 34%|███▎      | 72/214 [03:20<06:39,  2.81s/it] 34%|███▍      | 73/214 [03:23<06:42,  2.85s/it] 73%|███████▎  | 156/214 [11:38<04:22,  4.53s/it] 47%|████▋     | 100/214 [09:14<10:16,  5.41s/it] 35%|███▍      | 74/214 [03:26<06:33,  2.81s/it] 73%|███████▎  | 157/214 [11:42<04:15,  4.49s/it] 35%|███▌      | 75/214 [03:29<06:30,  2.81s/it] 47%|████▋     | 101/214 [09:20<10:24,  5.53s/it] 36%|███▌      | 76/214 [03:32<06:33,  2.85s/it] 74%|███████▍  | 158/214 [11:47<04:16,  4.58s/it] 36%|███▌      | 77/214 [03:34<06:28,  2.83s/it] 48%|████▊     | 102/214 [09:25<10:06,  5.41s/it] 74%|███████▍  | 159/214 [11:52<04:12,  4.59s/it] 36%|███▋      | 78/214 [03:37<06:24,  2.83s/it] 37%|███▋      | 79/214 [03:40<06:20,  2.82s/it] 75%|███████▍  | 160/214 [11:56<04:05,  4.54s/it] 48%|████▊     | 103/214 [09:31<10:02,  5.43s/it] 37%|███▋      | 80/214 [03:43<06:18,  2.82s/it] 75%|███████▌  | 161/214 [12:01<03:59,  4.52s/it] 38%|███▊      | 81/214 [03:46<06:26,  2.90s/it] 49%|████▊     | 104/214 [09:36<09:54,  5.40s/it] 38%|███▊      | 82/214 [03:49<06:20,  2.88s/it] 76%|███████▌  | 162/214 [12:05<03:54,  4.52s/it] 39%|███▉      | 83/214 [03:51<06:08,  2.81s/it] 49%|████▉     | 105/214 [09:41<09:43,  5.36s/it] 39%|███▉      | 84/214 [03:54<06:08,  2.84s/it] 76%|███████▌  | 163/214 [12:10<03:52,  4.57s/it] 40%|███▉      | 85/214 [03:57<06:05,  2.84s/it] 50%|████▉     | 106/214 [09:47<09:41,  5.38s/it] 77%|███████▋  | 164/214 [12:14<03:47,  4.55s/it] 40%|████      | 86/214 [04:00<06:03,  2.84s/it] 41%|████      | 87/214 [04:03<05:59,  2.83s/it] 50%|█████     | 107/214 [09:52<09:37,  5.40s/it] 77%|███████▋  | 165/214 [12:19<03:41,  4.51s/it] 41%|████      | 88/214 [04:05<05:53,  2.80s/it] 78%|███████▊  | 166/214 [12:23<03:31,  4.41s/it] 42%|████▏     | 89/214 [04:08<05:51,  2.81s/it] 50%|█████     | 108/214 [09:58<09:42,  5.49s/it] 42%|████▏     | 90/214 [04:11<05:44,  2.78s/it] 78%|███████▊  | 167/214 [12:28<03:29,  4.46s/it] 43%|████▎     | 91/214 [04:14<05:45,  2.81s/it] 51%|█████     | 109/214 [10:03<09:36,  5.49s/it] 43%|████▎     | 92/214 [04:17<05:40,  2.79s/it] 79%|███████▊  | 168/214 [12:32<03:28,  4.54s/it] 43%|████▎     | 93/214 [04:19<05:31,  2.74s/it] 51%|█████▏    | 110/214 [10:09<09:29,  5.47s/it] 44%|████▍     | 94/214 [04:22<05:24,  2.71s/it] 79%|███████▉  | 169/214 [12:37<03:22,  4.51s/it] 44%|████▍     | 95/214 [04:25<05:21,  2.70s/it] 52%|█████▏    | 111/214 [10:15<09:35,  5.59s/it] 79%|███████▉  | 170/214 [12:41<03:14,  4.42s/it] 45%|████▍     | 96/214 [04:27<05:22,  2.73s/it] 45%|████▌     | 97/214 [04:30<05:19,  2.73s/it] 80%|███████▉  | 171/214 [12:45<03:08,  4.38s/it] 52%|█████▏    | 112/214 [10:20<09:25,  5.54s/it] 46%|████▌     | 98/214 [04:33<05:21,  2.77s/it] 80%|████████  | 172/214 [12:50<03:07,  4.48s/it] 46%|████▋     | 99/214 [04:36<05:17,  2.76s/it] 53%|█████▎    | 113/214 [10:26<09:28,  5.63s/it] 47%|████▋     | 100/214 [04:38<05:11,  2.73s/it] 81%|████████  | 173/214 [12:55<03:04,  4.50s/it] 47%|████▋     | 101/214 [04:41<05:15,  2.79s/it] 53%|█████▎    | 114/214 [10:31<09:17,  5.57s/it] 48%|████▊     | 102/214 [04:44<05:12,  2.79s/it] 81%|████████▏ | 174/214 [12:59<02:59,  4.49s/it] 48%|████▊     | 103/214 [04:47<05:12,  2.81s/it] 54%|█████▎    | 115/214 [10:37<09:12,  5.58s/it] 82%|████████▏ | 175/214 [13:04<02:58,  4.59s/it] 49%|████▊     | 104/214 [04:50<05:08,  2.81s/it] 49%|████▉     | 105/214 [04:52<05:02,  2.77s/it] 54%|█████▍    | 116/214 [10:42<09:00,  5.51s/it] 82%|████████▏ | 176/214 [13:08<02:53,  4.55s/it] 50%|████▉     | 106/214 [04:55<05:00,  2.79s/it] 83%|████████▎ | 177/214 [13:13<02:46,  4.49s/it] 50%|█████     | 107/214 [04:58<04:56,  2.77s/it] 55%|█████▍    | 117/214 [10:48<08:57,  5.54s/it] 50%|█████     | 108/214 [05:01<04:54,  2.78s/it] 83%|████████▎ | 178/214 [13:17<02:43,  4.55s/it] 51%|█████     | 109/214 [05:03<04:49,  2.76s/it] 55%|█████▌    | 118/214 [10:53<08:56,  5.59s/it] 51%|█████▏    | 110/214 [05:06<04:44,  2.73s/it] 84%|████████▎ | 179/214 [13:22<02:35,  4.46s/it] 52%|█████▏    | 111/214 [05:09<04:48,  2.80s/it] 56%|█████▌    | 119/214 [10:59<08:45,  5.53s/it] 84%|████████▍ | 180/214 [13:26<02:31,  4.45s/it] 52%|█████▏    | 112/214 [05:12<04:43,  2.78s/it] 53%|█████▎    | 113/214 [05:15<04:45,  2.83s/it] 56%|█████▌    | 120/214 [11:05<08:45,  5.59s/it] 85%|████████▍ | 181/214 [13:31<02:29,  4.54s/it] 53%|█████▎    | 114/214 [05:18<04:39,  2.80s/it] 85%|████████▌ | 182/214 [13:35<02:22,  4.45s/it] 54%|█████▎    | 115/214 [05:20<04:34,  2.78s/it] 57%|█████▋    | 121/214 [11:10<08:43,  5.63s/it] 54%|█████▍    | 116/214 [05:23<04:29,  2.75s/it] 86%|████████▌ | 183/214 [13:40<02:18,  4.48s/it] 55%|█████▍    | 117/214 [05:26<04:30,  2.79s/it] 57%|█████▋    | 122/214 [11:16<08:31,  5.56s/it] 55%|█████▌    | 118/214 [05:29<04:29,  2.80s/it] 86%|████████▌ | 184/214 [13:44<02:16,  4.55s/it] 56%|█████▌    | 119/214 [05:31<04:23,  2.77s/it] 57%|█████▋    | 123/214 [11:21<08:27,  5.58s/it] 86%|████████▋ | 185/214 [13:49<02:11,  4.53s/it] 56%|█████▌    | 120/214 [05:34<04:18,  2.76s/it] 57%|█████▋    | 121/214 [05:37<04:17,  2.76s/it] 58%|█████▊    | 124/214 [11:27<08:23,  5.59s/it] 87%|████████▋ | 186/214 [13:53<02:06,  4.53s/it] 57%|█████▋    | 122/214 [05:40<04:12,  2.75s/it] 57%|█████▋    | 123/214 [05:42<04:11,  2.76s/it] 87%|████████▋ | 187/214 [13:58<02:02,  4.55s/it] 58%|█████▊    | 125/214 [11:33<08:17,  5.59s/it] 58%|█████▊    | 124/214 [05:45<04:13,  2.81s/it] 88%|████████▊ | 188/214 [14:02<01:57,  4.51s/it] 58%|█████▊    | 125/214 [05:48<04:09,  2.80s/it] 59%|█████▉    | 126/214 [11:38<08:09,  5.57s/it] 59%|█████▉    | 126/214 [05:51<04:07,  2.81s/it] 88%|████████▊ | 189/214 [14:07<01:51,  4.46s/it] 59%|█████▉    | 127/214 [05:54<04:08,  2.86s/it] 59%|█████▉    | 127/214 [11:44<08:23,  5.79s/it] 89%|████████▉ | 190/214 [14:11<01:47,  4.50s/it] 60%|█████▉    | 128/214 [05:57<04:03,  2.83s/it] 60%|██████    | 129/214 [06:00<04:09,  2.93s/it] 89%|████████▉ | 191/214 [14:16<01:45,  4.60s/it] 60%|█████▉    | 128/214 [11:50<08:22,  5.84s/it] 61%|██████    | 130/214 [06:02<03:59,  2.85s/it] 61%|██████    | 131/214 [06:05<03:57,  2.86s/it] 90%|████████▉ | 192/214 [14:21<01:40,  4.59s/it] 60%|██████    | 129/214 [11:57<08:34,  6.05s/it] 62%|██████▏   | 132/214 [06:08<03:58,  2.91s/it] 90%|█████████ | 193/214 [14:25<01:36,  4.60s/it] 62%|██████▏   | 133/214 [06:11<03:51,  2.85s/it] 61%|██████    | 130/214 [12:02<08:12,  5.86s/it] 63%|██████▎   | 134/214 [06:14<03:45,  2.82s/it] 91%|█████████ | 194/214 [14:30<01:30,  4.55s/it] 63%|██████▎   | 135/214 [06:16<03:37,  2.75s/it] 61%|██████    | 131/214 [12:08<08:02,  5.82s/it] 64%|██████▎   | 136/214 [06:19<03:36,  2.78s/it] 91%|█████████ | 195/214 [14:34<01:26,  4.57s/it] 64%|██████▍   | 137/214 [06:22<03:38,  2.84s/it] 92%|█████████▏| 196/214 [14:39<01:21,  4.53s/it] 62%|██████▏   | 132/214 [12:14<08:03,  5.89s/it] 64%|██████▍   | 138/214 [06:25<03:33,  2.81s/it] 65%|██████▍   | 139/214 [06:28<03:30,  2.80s/it] 92%|█████████▏| 197/214 [14:43<01:17,  4.54s/it] 62%|██████▏   | 133/214 [12:19<07:42,  5.71s/it] 65%|██████▌   | 140/214 [06:30<03:22,  2.74s/it] 93%|█████████▎| 198/214 [14:48<01:12,  4.54s/it] 66%|██████▌   | 141/214 [06:33<03:21,  2.76s/it] 63%|██████▎   | 134/214 [12:25<07:36,  5.71s/it] 66%|██████▋   | 142/214 [06:36<03:21,  2.79s/it] 93%|█████████▎| 199/214 [14:52<01:06,  4.43s/it] 67%|██████▋   | 143/214 [06:39<03:21,  2.84s/it] 63%|██████▎   | 135/214 [12:30<07:19,  5.56s/it] 67%|██████▋   | 144/214 [06:42<03:15,  2.80s/it] 93%|█████████▎| 200/214 [14:57<01:03,  4.53s/it] 68%|██████▊   | 145/214 [06:44<03:11,  2.77s/it] 94%|█████████▍| 201/214 [15:01<00:57,  4.44s/it] 64%|██████▎   | 136/214 [12:36<07:22,  5.67s/it] 68%|██████▊   | 146/214 [06:47<03:10,  2.81s/it] 69%|██████▊   | 147/214 [06:50<03:07,  2.80s/it] 94%|█████████▍| 202/214 [15:05<00:53,  4.42s/it] 69%|██████▉   | 148/214 [06:53<03:03,  2.77s/it] 64%|██████▍   | 137/214 [12:42<07:18,  5.70s/it] 95%|█████████▍| 203/214 [15:10<00:49,  4.50s/it] 70%|██████▉   | 149/214 [06:56<02:59,  2.77s/it] 64%|██████▍   | 138/214 [12:47<07:05,  5.60s/it] 70%|███████   | 150/214 [06:58<02:59,  2.80s/it] 95%|█████████▌| 204/214 [15:15<00:45,  4.51s/it] 71%|███████   | 151/214 [07:01<02:55,  2.79s/it] 71%|███████   | 152/214 [07:04<02:52,  2.78s/it] 65%|██████▍   | 139/214 [12:53<07:03,  5.64s/it] 96%|█████████▌| 205/214 [15:19<00:40,  4.53s/it] 71%|███████▏  | 153/214 [07:07<02:46,  2.73s/it] 96%|█████████▋| 206/214 [15:24<00:36,  4.54s/it] 65%|██████▌   | 140/214 [12:59<06:52,  5.58s/it] 72%|███████▏  | 154/214 [07:09<02:45,  2.77s/it] 72%|███████▏  | 155/214 [07:12<02:44,  2.79s/it] 97%|█████████▋| 207/214 [15:28<00:32,  4.58s/it] 66%|██████▌   | 141/214 [13:04<06:44,  5.54s/it] 73%|███████▎  | 156/214 [07:15<02:44,  2.83s/it] 97%|█████████▋| 208/214 [15:33<00:27,  4.55s/it] 73%|███████▎  | 157/214 [07:18<02:40,  2.82s/it] 66%|██████▋   | 142/214 [13:10<06:40,  5.56s/it] 74%|███████▍  | 158/214 [07:21<02:40,  2.87s/it] 98%|█████████▊| 209/214 [15:37<00:22,  4.52s/it] 74%|███████▍  | 159/214 [07:24<02:38,  2.89s/it] 67%|██████▋   | 143/214 [13:15<06:33,  5.54s/it] 75%|███████▍  | 160/214 [07:27<02:33,  2.85s/it] 98%|█████████▊| 210/214 [15:42<00:17,  4.48s/it] 75%|███████▌  | 161/214 [07:29<02:29,  2.82s/it] 67%|██████▋   | 144/214 [13:20<06:22,  5.47s/it] 99%|█████████▊| 211/214 [15:46<00:13,  4.54s/it] 76%|███████▌  | 162/214 [07:32<02:27,  2.84s/it] 76%|███████▌  | 163/214 [07:35<02:26,  2.87s/it] 99%|█████████▉| 212/214 [15:52<00:09,  4.72s/it] 68%|██████▊   | 145/214 [13:26<06:17,  5.47s/it] 77%|███████▋  | 164/214 [07:38<02:23,  2.87s/it] 77%|███████▋  | 165/214 [07:41<02:20,  2.88s/it]100%|█████████▉| 213/214 [15:56<00:04,  4.66s/it] 68%|██████▊   | 146/214 [13:31<06:14,  5.51s/it]100%|██████████| 214/214 [15:57<00:00,  3.63s/it]100%|██████████| 214/214 [15:57<00:00,  4.48s/it]
 78%|███████▊  | 166/214 [07:44<02:14,  2.81s/it] 78%|███████▊  | 167/214 [07:47<02:14,  2.86s/it] 69%|██████▊   | 147/214 [13:37<06:09,  5.52s/it] 79%|███████▊  | 168/214 [07:50<02:13,  2.90s/it]/root/kallini_data/babylm_data/babylm_100M/qed_parsed.json
  0%|          | 0/37 [00:00<?, ?it/s] 79%|███████▉  | 169/214 [07:52<02:08,  2.85s/it] 69%|██████▉   | 148/214 [13:43<06:04,  5.53s/it] 79%|███████▉  | 170/214 [07:55<02:02,  2.79s/it]  3%|▎         | 1/37 [00:05<03:26,  5.74s/it] 80%|███████▉  | 171/214 [07:58<01:58,  2.77s/it] 70%|██████▉   | 149/214 [13:48<06:03,  5.59s/it] 80%|████████  | 172/214 [08:01<01:57,  2.79s/it]  5%|▌         | 2/37 [00:11<03:25,  5.88s/it] 81%|████████  | 173/214 [08:03<01:54,  2.79s/it] 70%|███████   | 150/214 [13:54<06:06,  5.72s/it] 81%|████████▏ | 174/214 [08:06<01:50,  2.77s/it]  8%|▊         | 3/37 [00:17<03:19,  5.85s/it] 82%|████████▏ | 175/214 [08:09<01:47,  2.76s/it] 71%|███████   | 151/214 [14:00<05:55,  5.64s/it] 82%|████████▏ | 176/214 [08:12<01:52,  2.97s/it] 11%|█         | 4/37 [00:23<03:16,  5.95s/it] 83%|████████▎ | 177/214 [08:15<01:46,  2.89s/it] 71%|███████   | 152/214 [14:05<05:49,  5.64s/it] 83%|████████▎ | 178/214 [08:18<01:44,  2.91s/it] 14%|█▎        | 5/37 [00:30<03:16,  6.13s/it] 84%|████████▎ | 179/214 [08:21<01:39,  2.84s/it] 71%|███████▏  | 153/214 [14:11<05:41,  5.60s/it] 84%|████████▍ | 180/214 [08:23<01:36,  2.84s/it] 85%|████████▍ | 181/214 [08:26<01:34,  2.86s/it] 16%|█▌        | 6/37 [00:36<03:14,  6.27s/it] 72%|███████▏  | 154/214 [14:16<05:35,  5.60s/it] 85%|████████▌ | 182/214 [08:29<01:30,  2.84s/it] 86%|████████▌ | 183/214 [08:32<01:27,  2.83s/it] 19%|█▉        | 7/37 [00:42<03:06,  6.23s/it] 72%|███████▏  | 155/214 [14:22<05:33,  5.65s/it] 86%|████████▌ | 184/214 [08:35<01:24,  2.82s/it] 86%|████████▋ | 185/214 [08:38<01:21,  2.82s/it] 73%|███████▎  | 156/214 [14:28<05:28,  5.66s/it] 22%|██▏       | 8/37 [00:49<03:01,  6.27s/it] 87%|████████▋ | 186/214 [08:40<01:19,  2.84s/it] 87%|████████▋ | 187/214 [08:43<01:16,  2.84s/it] 73%|███████▎  | 157/214 [14:33<05:16,  5.56s/it] 24%|██▍       | 9/37 [00:54<02:51,  6.11s/it] 88%|████████▊ | 188/214 [08:46<01:13,  2.83s/it] 88%|████████▊ | 189/214 [08:49<01:10,  2.80s/it] 74%|███████▍  | 158/214 [14:39<05:14,  5.62s/it] 27%|██▋       | 10/37 [01:01<02:45,  6.14s/it] 89%|████████▉ | 190/214 [08:52<01:07,  2.82s/it] 89%|████████▉ | 191/214 [08:55<01:05,  2.86s/it] 74%|███████▍  | 159/214 [14:45<05:07,  5.60s/it] 30%|██▉       | 11/37 [01:07<02:39,  6.12s/it] 90%|████████▉ | 192/214 [08:58<01:03,  2.91s/it] 90%|█████████ | 193/214 [09:01<01:00,  2.89s/it] 75%|███████▍  | 160/214 [14:50<05:00,  5.56s/it] 32%|███▏      | 12/37 [01:12<02:30,  6.02s/it] 91%|█████████ | 194/214 [09:04<00:59,  2.95s/it] 75%|███████▌  | 161/214 [14:55<04:52,  5.52s/it] 91%|█████████ | 195/214 [09:07<00:56,  2.95s/it] 92%|█████████▏| 196/214 [09:09<00:52,  2.91s/it] 35%|███▌      | 13/37 [01:19<02:25,  6.07s/it] 76%|███████▌  | 162/214 [15:01<04:48,  5.55s/it] 92%|█████████▏| 197/214 [09:12<00:48,  2.88s/it] 93%|█████████▎| 198/214 [09:15<00:45,  2.86s/it] 38%|███▊      | 14/37 [01:25<02:18,  6.03s/it] 93%|█████████▎| 199/214 [09:18<00:42,  2.80s/it] 76%|███████▌  | 163/214 [15:07<04:45,  5.60s/it] 93%|█████████▎| 200/214 [09:20<00:39,  2.80s/it] 41%|████      | 15/37 [01:31<02:15,  6.15s/it] 94%|█████████▍| 201/214 [09:23<00:35,  2.75s/it] 77%|███████▋  | 164/214 [15:12<04:38,  5.57s/it] 94%|█████████▍| 202/214 [09:26<00:33,  2.77s/it] 43%|████▎     | 16/37 [01:37<02:06,  6.04s/it] 77%|███████▋  | 165/214 [15:18<04:31,  5.55s/it] 95%|█████████▍| 203/214 [09:29<00:31,  2.83s/it] 95%|█████████▌| 204/214 [09:32<00:28,  2.83s/it] 46%|████▌     | 17/37 [01:43<02:01,  6.05s/it] 78%|███████▊  | 166/214 [15:23<04:20,  5.44s/it] 96%|█████████▌| 205/214 [09:35<00:25,  2.83s/it] 96%|█████████▋| 206/214 [09:37<00:22,  2.82s/it] 49%|████▊     | 18/37 [01:49<01:53,  5.97s/it] 78%|███████▊  | 167/214 [15:29<04:18,  5.50s/it] 97%|█████████▋| 207/214 [09:40<00:19,  2.83s/it] 97%|█████████▋| 208/214 [09:43<00:16,  2.82s/it] 79%|███████▊  | 168/214 [15:34<04:14,  5.54s/it] 51%|█████▏    | 19/37 [01:55<01:49,  6.06s/it] 98%|█████████▊| 209/214 [09:46<00:14,  2.80s/it] 98%|█████████▊| 210/214 [09:48<00:11,  2.77s/it] 79%|███████▉  | 169/214 [15:40<04:06,  5.48s/it] 99%|█████████▊| 211/214 [09:51<00:08,  2.75s/it] 54%|█████▍    | 20/37 [02:01<01:42,  6.06s/it] 99%|█████████▉| 212/214 [09:54<00:05,  2.88s/it] 79%|███████▉  | 170/214 [15:45<03:55,  5.36s/it]100%|█████████▉| 213/214 [09:57<00:02,  2.85s/it] 57%|█████▋    | 21/37 [02:07<01:36,  6.05s/it]100%|██████████| 214/214 [09:58<00:00,  2.21s/it]100%|██████████| 214/214 [09:58<00:00,  2.80s/it]
 80%|███████▉  | 171/214 [15:50<03:50,  5.36s/it]/root/kallini_data/babylm_data/babylm_100M/qed_parsed.json
  0%|          | 0/37 [00:00<?, ?it/s] 59%|█████▉    | 22/37 [02:13<01:31,  6.10s/it]  3%|▎         | 1/37 [00:03<02:13,  3.70s/it] 80%|████████  | 172/214 [15:56<03:54,  5.58s/it] 62%|██████▏   | 23/37 [02:20<01:27,  6.22s/it]  5%|▌         | 2/37 [00:07<02:10,  3.74s/it] 81%|████████  | 173/214 [16:02<03:53,  5.70s/it]  8%|▊         | 3/37 [00:11<02:05,  3.69s/it] 65%|██████▍   | 24/37 [02:26<01:20,  6.23s/it] 11%|█         | 4/37 [00:14<01:59,  3.62s/it] 81%|████████▏ | 174/214 [16:07<03:42,  5.57s/it] 14%|█▎        | 5/37 [00:18<01:57,  3.66s/it] 68%|██████▊   | 25/37 [02:31<01:11,  5.99s/it] 82%|████████▏ | 175/214 [16:13<03:34,  5.51s/it] 16%|█▌        | 6/37 [00:22<01:54,  3.69s/it] 70%|███████   | 26/37 [02:37<01:04,  5.91s/it] 19%|█▉        | 7/37 [00:25<01:51,  3.71s/it] 82%|████████▏ | 176/214 [16:18<03:29,  5.50s/it] 22%|██▏       | 8/37 [00:29<01:50,  3.80s/it] 73%|███████▎  | 27/37 [02:43<00:59,  5.97s/it] 83%|████████▎ | 177/214 [16:24<03:21,  5.44s/it] 24%|██▍       | 9/37 [00:33<01:43,  3.71s/it] 83%|████████▎ | 178/214 [16:29<03:18,  5.52s/it] 76%|███████▌  | 28/37 [02:49<00:54,  6.02s/it] 27%|██▋       | 10/37 [00:37<01:40,  3.71s/it] 30%|██▉       | 11/37 [00:40<01:36,  3.70s/it] 84%|████████▎ | 179/214 [16:34<03:10,  5.44s/it] 78%|███████▊  | 29/37 [02:55<00:47,  5.94s/it] 32%|███▏      | 12/37 [00:44<01:31,  3.64s/it] 84%|████████▍ | 180/214 [16:40<03:04,  5.41s/it] 35%|███▌      | 13/37 [00:48<01:28,  3.70s/it] 81%|████████  | 30/37 [03:01<00:41,  5.89s/it] 38%|███▊      | 14/37 [00:51<01:25,  3.71s/it] 85%|████████▍ | 181/214 [16:46<03:01,  5.49s/it] 84%|████████▍ | 31/37 [03:07<00:35,  5.91s/it] 41%|████      | 15/37 [00:55<01:23,  3.77s/it] 85%|████████▌ | 182/214 [16:51<02:54,  5.45s/it] 43%|████▎     | 16/37 [00:59<01:18,  3.72s/it] 86%|████████▋ | 32/37 [03:13<00:29,  5.87s/it] 46%|████▌     | 17/37 [01:03<01:15,  3.78s/it] 86%|████████▌ | 183/214 [16:56<02:49,  5.48s/it] 89%|████████▉ | 33/37 [03:19<00:23,  5.88s/it] 49%|████▊     | 18/37 [01:06<01:11,  3.74s/it] 86%|████████▌ | 184/214 [17:02<02:43,  5.46s/it] 51%|█████▏    | 19/37 [01:10<01:08,  3.81s/it] 92%|█████████▏| 34/37 [03:24<00:17,  5.74s/it] 54%|█████▍    | 20/37 [01:14<01:04,  3.81s/it] 86%|████████▋ | 185/214 [17:07<02:38,  5.46s/it] 95%|█████████▍| 35/37 [03:30<00:11,  5.69s/it] 57%|█████▋    | 21/37 [01:18<01:01,  3.86s/it] 87%|████████▋ | 186/214 [17:13<02:33,  5.48s/it] 59%|█████▉    | 22/37 [01:22<00:57,  3.84s/it] 97%|█████████▋| 36/37 [03:36<00:05,  5.86s/it] 87%|████████▋ | 187/214 [17:18<02:27,  5.48s/it] 62%|██████▏   | 23/37 [01:26<00:54,  3.89s/it]100%|██████████| 37/37 [03:40<00:00,  5.48s/it]100%|██████████| 37/37 [03:40<00:00,  5.97s/it]
 65%|██████▍   | 24/37 [01:30<00:50,  3.89s/it] 88%|████████▊ | 188/214 [17:24<02:22,  5.49s/it]/root/kallini_data/babylm_data/babylm_100M/simple_wikipedia_parsed.json
  0%|          | 0/74 [00:00<?, ?it/s] 68%|██████▊   | 25/37 [01:33<00:44,  3.75s/it]  1%|▏         | 1/74 [00:04<05:17,  4.35s/it] 88%|████████▊ | 189/214 [17:29<02:15,  5.44s/it] 70%|███████   | 26/37 [01:37<00:40,  3.72s/it]  3%|▎         | 2/74 [00:08<05:15,  4.38s/it] 73%|███████▎  | 27/37 [01:41<00:37,  3.76s/it] 89%|████████▉ | 190/214 [17:35<02:12,  5.50s/it]  4%|▍         | 3/74 [00:13<05:06,  4.32s/it] 76%|███████▌  | 28/37 [01:45<00:34,  3.80s/it] 89%|████████▉ | 191/214 [17:40<02:07,  5.56s/it] 78%|███████▊  | 29/37 [01:48<00:30,  3.76s/it]  5%|▌         | 4/74 [00:17<05:02,  4.32s/it] 81%|████████  | 30/37 [01:52<00:26,  3.73s/it]  7%|▋         | 5/74 [00:21<04:58,  4.32s/it] 90%|████████▉ | 192/214 [17:46<02:01,  5.53s/it] 84%|████████▍ | 31/37 [01:56<00:22,  3.71s/it]  8%|▊         | 6/74 [00:25<04:45,  4.20s/it] 90%|█████████ | 193/214 [17:51<01:54,  5.46s/it] 86%|████████▋ | 32/37 [01:59<00:18,  3.69s/it]  9%|▉         | 7/74 [00:30<04:49,  4.32s/it] 89%|████████▉ | 33/37 [02:03<00:14,  3.71s/it] 91%|█████████ | 194/214 [17:57<01:49,  5.48s/it] 11%|█         | 8/74 [00:34<04:51,  4.42s/it] 92%|█████████▏| 34/37 [02:06<00:10,  3.62s/it] 91%|█████████ | 195/214 [18:02<01:44,  5.52s/it] 12%|█▏        | 9/74 [00:38<04:36,  4.26s/it] 95%|█████████▍| 35/37 [02:10<00:07,  3.59s/it] 97%|█████████▋| 36/37 [02:14<00:03,  3.69s/it] 14%|█▎        | 10/74 [00:42<04:31,  4.24s/it] 92%|█████████▏| 196/214 [18:08<01:38,  5.49s/it]100%|██████████| 37/37 [02:17<00:00,  3.46s/it]100%|██████████| 37/37 [02:17<00:00,  3.71s/it]
 15%|█▍        | 11/74 [00:46<04:23,  4.19s/it] 92%|█████████▏| 197/214 [18:13<01:33,  5.48s/it]/root/kallini_data/babylm_data/babylm_100M/simple_wikipedia_parsed.json
  0%|          | 0/74 [00:00<?, ?it/s] 16%|█▌        | 12/74 [00:51<04:17,  4.16s/it]  1%|▏         | 1/74 [00:02<03:16,  2.69s/it] 93%|█████████▎| 198/214 [18:19<01:27,  5.46s/it] 18%|█▊        | 13/74 [00:55<04:12,  4.14s/it]  3%|▎         | 2/74 [00:05<03:20,  2.78s/it]  4%|▍         | 3/74 [00:08<03:12,  2.72s/it] 19%|█▉        | 14/74 [00:59<04:02,  4.05s/it] 93%|█████████▎| 199/214 [18:24<01:21,  5.40s/it]  5%|▌         | 4/74 [00:10<03:10,  2.72s/it] 20%|██        | 15/74 [01:03<03:59,  4.06s/it]  7%|▋         | 5/74 [00:13<03:07,  2.72s/it] 93%|█████████▎| 200/214 [18:29<01:15,  5.42s/it]  8%|▊         | 6/74 [00:16<03:00,  2.65s/it] 22%|██▏       | 16/74 [01:07<03:57,  4.09s/it]  9%|▉         | 7/74 [00:18<03:02,  2.72s/it] 94%|█████████▍| 201/214 [18:35<01:10,  5.41s/it] 23%|██▎       | 17/74 [01:11<03:53,  4.10s/it] 11%|█         | 8/74 [00:21<03:03,  2.79s/it] 12%|█▏        | 9/74 [00:24<02:53,  2.67s/it] 24%|██▍       | 18/74 [01:15<03:51,  4.14s/it] 94%|█████████▍| 202/214 [18:40<01:04,  5.38s/it] 14%|█▎        | 10/74 [00:26<02:49,  2.65s/it] 15%|█▍        | 11/74 [00:29<02:45,  2.62s/it] 26%|██▌       | 19/74 [01:19<03:51,  4.21s/it] 95%|█████████▍| 203/214 [18:46<01:00,  5.51s/it] 16%|█▌        | 12/74 [00:32<02:41,  2.60s/it] 27%|██▋       | 20/74 [01:24<03:57,  4.40s/it] 18%|█▊        | 13/74 [00:34<02:39,  2.61s/it] 19%|█▉        | 14/74 [00:37<02:32,  2.55s/it] 95%|█████████▌| 204/214 [18:51<00:55,  5.53s/it] 28%|██▊       | 21/74 [01:29<03:54,  4.42s/it] 20%|██        | 15/74 [00:39<02:29,  2.54s/it] 22%|██▏       | 16/74 [00:42<02:28,  2.56s/it] 96%|█████████▌| 205/214 [18:57<00:50,  5.57s/it] 30%|██▉       | 22/74 [01:33<03:43,  4.30s/it] 23%|██▎       | 17/74 [00:44<02:25,  2.55s/it] 24%|██▍       | 18/74 [00:47<02:23,  2.57s/it] 31%|███       | 23/74 [01:38<03:46,  4.45s/it] 96%|█████████▋| 206/214 [19:03<00:44,  5.56s/it] 26%|██▌       | 19/74 [00:50<02:23,  2.60s/it] 32%|███▏      | 24/74 [01:42<03:43,  4.48s/it] 27%|██▋       | 20/74 [00:52<02:24,  2.68s/it] 97%|█████████▋| 207/214 [19:08<00:39,  5.61s/it] 28%|██▊       | 21/74 [00:55<02:23,  2.71s/it] 34%|███▍      | 25/74 [01:47<03:38,  4.46s/it] 30%|██▉       | 22/74 [00:58<02:17,  2.65s/it] 97%|█████████▋| 208/214 [19:14<00:33,  5.58s/it] 35%|███▌      | 26/74 [01:50<03:25,  4.29s/it] 31%|███       | 23/74 [01:01<02:20,  2.75s/it] 32%|███▏      | 24/74 [01:04<02:19,  2.78s/it] 98%|█████████▊| 209/214 [19:19<00:27,  5.56s/it] 36%|███▋      | 27/74 [01:55<03:27,  4.42s/it] 34%|███▍      | 25/74 [01:06<02:14,  2.74s/it] 35%|███▌      | 26/74 [01:09<02:07,  2.65s/it] 38%|███▊      | 28/74 [01:59<03:18,  4.32s/it] 98%|█████████▊| 210/214 [19:25<00:22,  5.51s/it] 36%|███▋      | 27/74 [01:12<02:09,  2.75s/it] 39%|███▉      | 29/74 [02:04<03:14,  4.33s/it] 38%|███▊      | 28/74 [01:14<02:03,  2.69s/it] 99%|█████████▊| 211/214 [19:30<00:16,  5.47s/it] 39%|███▉      | 29/74 [01:17<02:01,  2.70s/it] 41%|████      | 30/74 [02:08<03:08,  4.29s/it] 41%|████      | 30/74 [01:19<01:57,  2.68s/it] 42%|████▏     | 31/74 [02:12<03:01,  4.21s/it] 99%|█████████▉| 212/214 [19:37<00:11,  5.73s/it] 42%|████▏     | 31/74 [01:22<01:52,  2.63s/it] 43%|████▎     | 32/74 [01:24<01:47,  2.56s/it] 43%|████▎     | 32/74 [02:16<02:51,  4.09s/it] 45%|████▍     | 33/74 [01:27<01:44,  2.55s/it]100%|█████████▉| 213/214 [19:42<00:05,  5.66s/it]100%|██████████| 214/214 [19:43<00:00,  4.40s/it]100%|██████████| 214/214 [19:43<00:00,  5.53s/it]
 46%|████▌     | 34/74 [01:29<01:41,  2.54s/it] 45%|████▍     | 33/74 [02:20<02:49,  4.14s/it] 47%|████▋     | 35/74 [01:32<01:40,  2.58s/it] 46%|████▌     | 34/74 [02:24<02:46,  4.16s/it] 49%|████▊     | 36/74 [01:35<01:37,  2.57s/it]/root/kallini_data/babylm_data/babylm_100M/qed_parsed.json
  0%|          | 0/37 [00:00<?, ?it/s] 50%|█████     | 37/74 [01:37<01:35,  2.59s/it] 47%|████▋     | 35/74 [02:29<02:46,  4.27s/it] 51%|█████▏    | 38/74 [01:40<01:36,  2.67s/it] 49%|████▊     | 36/74 [02:33<02:39,  4.20s/it] 53%|█████▎    | 39/74 [01:43<01:38,  2.82s/it]  3%|▎         | 1/37 [00:07<04:34,  7.62s/it] 54%|█████▍    | 40/74 [01:46<01:37,  2.86s/it] 50%|█████     | 37/74 [02:37<02:36,  4.23s/it] 55%|█████▌    | 41/74 [01:49<01:36,  2.91s/it] 51%|█████▏    | 38/74 [02:42<02:38,  4.40s/it] 57%|█████▋    | 42/74 [01:52<01:31,  2.84s/it]  5%|▌         | 2/37 [00:15<04:33,  7.82s/it] 58%|█████▊    | 43/74 [01:55<01:31,  2.94s/it] 53%|█████▎    | 39/74 [02:47<02:41,  4.61s/it] 59%|█████▉    | 44/74 [01:58<01:29,  2.99s/it]  8%|▊         | 3/37 [00:23<04:24,  7.79s/it] 61%|██████    | 45/74 [02:01<01:26,  2.98s/it] 54%|█████▍    | 40/74 [02:52<02:38,  4.66s/it] 62%|██████▏   | 46/74 [02:04<01:22,  2.95s/it] 55%|█████▌    | 41/74 [02:57<02:35,  4.73s/it] 64%|██████▎   | 47/74 [02:07<01:21,  3.01s/it] 11%|█         | 4/37 [00:30<04:12,  7.66s/it] 65%|██████▍   | 48/74 [02:10<01:18,  3.02s/it] 57%|█████▋    | 42/74 [03:01<02:27,  4.61s/it] 66%|██████▌   | 49/74 [02:13<01:14,  2.98s/it] 14%|█▎        | 5/37 [00:38<04:07,  7.72s/it] 58%|█████▊    | 43/74 [03:06<02:27,  4.76s/it] 68%|██████▊   | 50/74 [02:16<01:10,  2.93s/it] 69%|██████▉   | 51/74 [02:19<01:06,  2.90s/it] 70%|███████   | 52/74 [02:21<00:58,  2.65s/it] 59%|█████▉    | 44/74 [03:11<02:29,  4.98s/it] 16%|█▌        | 6/37 [00:46<04:00,  7.77s/it] 72%|███████▏  | 53/74 [02:24<00:55,  2.65s/it] 61%|██████    | 45/74 [03:16<02:22,  4.91s/it] 73%|███████▎  | 54/74 [02:26<00:53,  2.70s/it] 74%|███████▍  | 55/74 [02:29<00:52,  2.76s/it] 62%|██████▏   | 46/74 [03:21<02:15,  4.85s/it] 19%|█▉        | 7/37 [00:54<03:53,  7.77s/it] 76%|███████▌  | 56/74 [02:33<00:52,  2.91s/it] 77%|███████▋  | 57/74 [02:35<00:49,  2.89s/it] 64%|██████▎   | 47/74 [03:26<02:12,  4.92s/it] 78%|███████▊  | 58/74 [02:39<00:47,  2.96s/it] 22%|██▏       | 8/37 [01:02<03:50,  7.94s/it] 65%|██████▍   | 48/74 [03:31<02:08,  4.93s/it] 80%|███████▉  | 59/74 [02:42<00:45,  3.02s/it] 81%|████████  | 60/74 [02:45<00:42,  3.01s/it] 66%|██████▌   | 49/74 [03:36<02:03,  4.94s/it] 24%|██▍       | 9/37 [01:09<03:36,  7.72s/it] 82%|████████▏ | 61/74 [02:48<00:39,  3.04s/it] 68%|██████▊   | 50/74 [03:40<01:55,  4.81s/it] 84%|████████▍ | 62/74 [02:51<00:36,  3.05s/it] 85%|████████▌ | 63/74 [02:54<00:33,  3.06s/it] 27%|██▋       | 10/37 [01:17<03:28,  7.71s/it] 69%|██████▉   | 51/74 [03:45<01:48,  4.73s/it] 86%|████████▋ | 64/74 [02:57<00:31,  3.11s/it] 70%|███████   | 52/74 [03:48<01:35,  4.35s/it] 88%|████████▊ | 65/74 [03:00<00:28,  3.14s/it] 30%|██▉       | 11/37 [01:25<03:20,  7.71s/it] 72%|███████▏  | 53/74 [03:53<01:31,  4.36s/it] 89%|████████▉ | 66/74 [03:03<00:24,  3.09s/it] 91%|█████████ | 67/74 [03:06<00:20,  2.92s/it] 73%|███████▎  | 54/74 [03:58<01:30,  4.51s/it] 92%|█████████▏| 68/74 [03:09<00:17,  2.98s/it] 32%|███▏      | 12/37 [01:32<03:09,  7.57s/it] 93%|█████████▎| 69/74 [03:12<00:14,  2.95s/it] 74%|███████▍  | 55/74 [04:03<01:27,  4.62s/it] 95%|█████████▍| 70/74 [03:15<00:11,  2.93s/it] 96%|█████████▌| 71/74 [03:16<00:07,  2.57s/it] 35%|███▌      | 13/37 [01:40<03:04,  7.69s/it] 76%|███████▌  | 56/74 [04:08<01:26,  4.80s/it] 97%|█████████▋| 72/74 [03:19<00:05,  2.59s/it] 99%|█████████▊| 73/74 [03:22<00:02,  2.60s/it]100%|██████████| 74/74 [03:22<00:00,  1.91s/it]100%|██████████| 74/74 [03:22<00:00,  2.74s/it]
 77%|███████▋  | 57/74 [04:12<01:20,  4.74s/it]/root/kallini_data/babylm_data/babylm_100M/switchboard_parsed.json
  0%|          | 0/7 [00:00<?, ?it/s] 38%|███▊      | 14/37 [01:48<02:57,  7.71s/it] 14%|█▍        | 1/7 [00:02<00:14,  2.43s/it] 78%|███████▊  | 58/74 [04:17<01:17,  4.82s/it] 29%|██▊       | 2/7 [00:04<00:11,  2.36s/it] 43%|████▎     | 3/7 [00:07<00:09,  2.34s/it] 80%|███████▉  | 59/74 [04:22<01:13,  4.89s/it] 57%|█████▋    | 4/7 [00:09<00:06,  2.32s/it] 41%|████      | 15/37 [01:56<02:53,  7.87s/it] 71%|███████▏  | 5/7 [00:11<00:04,  2.32s/it] 81%|████████  | 60/74 [04:27<01:08,  4.86s/it] 86%|████████▌ | 6/7 [00:13<00:02,  2.32s/it]100%|██████████| 7/7 [00:15<00:00,  1.92s/it]100%|██████████| 7/7 [00:15<00:00,  2.15s/it]
/root/kallini_data/babylm_data/babylm_100M/wikipedia_parsed.json
  0%|          | 0/35 [00:00<?, ?it/s] 43%|████▎     | 16/37 [02:03<02:42,  7.74s/it] 82%|████████▏ | 61/74 [04:32<01:03,  4.92s/it]  3%|▎         | 1/35 [00:04<02:27,  4.33s/it] 84%|████████▍ | 62/74 [04:37<00:59,  4.97s/it] 46%|████▌     | 17/37 [02:11<02:36,  7.81s/it]  6%|▌         | 2/35 [00:08<02:20,  4.27s/it] 85%|████████▌ | 63/74 [04:42<00:54,  4.96s/it]  9%|▊         | 3/35 [00:12<02:07,  4.00s/it] 11%|█▏        | 4/35 [00:15<02:00,  3.90s/it] 49%|████▊     | 18/37 [02:19<02:28,  7.84s/it] 86%|████████▋ | 64/74 [04:48<00:50,  5.02s/it] 14%|█▍        | 5/35 [00:19<01:52,  3.76s/it] 17%|█▋        | 6/35 [00:22<01:36,  3.34s/it] 88%|████████▊ | 65/74 [04:53<00:45,  5.04s/it] 51%|█████▏    | 19/37 [02:28<02:26,  8.13s/it] 20%|██        | 7/35 [00:26<01:41,  3.62s/it] 89%|████████▉ | 66/74 [04:57<00:39,  4.95s/it] 23%|██▎       | 8/35 [00:30<01:39,  3.70s/it] 91%|█████████ | 67/74 [05:01<00:32,  4.66s/it] 54%|█████▍    | 20/37 [02:36<02:17,  8.09s/it] 26%|██▌       | 9/35 [00:33<01:31,  3.51s/it] 92%|█████████▏| 68/74 [05:06<00:28,  4.69s/it] 29%|██▊       | 10/35 [00:37<01:30,  3.62s/it] 93%|█████████▎| 69/74 [05:11<00:23,  4.68s/it] 31%|███▏      | 11/35 [00:40<01:27,  3.63s/it] 57%|█████▋    | 21/37 [02:44<02:08,  8.04s/it] 34%|███▍      | 12/35 [00:44<01:23,  3.61s/it] 95%|█████████▍| 70/74 [05:15<00:18,  4.60s/it] 96%|█████████▌| 71/74 [05:18<00:12,  4.04s/it] 37%|███▋      | 13/35 [00:47<01:19,  3.60s/it] 59%|█████▉    | 22/37 [02:52<01:59,  7.98s/it] 40%|████      | 14/35 [00:51<01:14,  3.55s/it] 97%|█████████▋| 72/74 [05:22<00:08,  4.08s/it] 43%|████▎     | 15/35 [00:54<01:09,  3.47s/it] 99%|█████████▊| 73/74 [05:26<00:04,  4.14s/it]100%|██████████| 74/74 [05:27<00:00,  3.05s/it]100%|██████████| 74/74 [05:27<00:00,  4.42s/it]
 62%|██████▏   | 23/37 [03:00<01:52,  8.07s/it]/root/kallini_data/babylm_data/babylm_100M/switchboard_parsed.json
  0%|          | 0/7 [00:00<?, ?it/s] 46%|████▌     | 16/35 [00:58<01:08,  3.62s/it] 14%|█▍        | 1/7 [00:03<00:23,  3.90s/it] 49%|████▊     | 17/35 [01:02<01:07,  3.75s/it] 65%|██████▍   | 24/37 [03:08<01:45,  8.10s/it] 29%|██▊       | 2/7 [00:07<00:19,  3.80s/it] 51%|█████▏    | 18/35 [01:06<01:04,  3.82s/it] 43%|████▎     | 3/7 [00:11<00:15,  3.77s/it] 54%|█████▍    | 19/35 [01:10<01:02,  3.92s/it] 68%|██████▊   | 25/37 [03:15<01:33,  7.77s/it] 57%|█████▋    | 4/7 [00:15<00:11,  3.74s/it] 57%|█████▋    | 20/35 [01:14<00:57,  3.83s/it] 71%|███████▏  | 5/7 [00:18<00:07,  3.75s/it] 60%|██████    | 21/35 [01:17<00:52,  3.76s/it] 70%|███████   | 26/37 [03:23<01:24,  7.70s/it] 86%|████████▌ | 6/7 [00:22<00:03,  3.77s/it] 63%|██████▎   | 22/35 [01:21<00:47,  3.64s/it]100%|██████████| 7/7 [00:24<00:00,  3.11s/it]100%|██████████| 7/7 [00:24<00:00,  3.48s/it]
/root/kallini_data/babylm_data/babylm_100M/wikipedia_parsed.json
  0%|          | 0/35 [00:00<?, ?it/s] 66%|██████▌   | 23/35 [01:24<00:42,  3.57s/it] 73%|███████▎  | 27/37 [03:31<01:18,  7.81s/it] 69%|██████▊   | 24/35 [01:28<00:38,  3.52s/it]  3%|▎         | 1/35 [00:06<03:55,  6.93s/it] 71%|███████▏  | 25/35 [01:31<00:36,  3.62s/it] 74%|███████▍  | 26/35 [01:35<00:32,  3.64s/it] 76%|███████▌  | 28/37 [03:39<01:11,  7.91s/it]  6%|▌         | 2/35 [00:13<03:43,  6.78s/it] 77%|███████▋  | 27/35 [01:39<00:29,  3.73s/it]  9%|▊         | 3/35 [00:19<03:23,  6.36s/it] 78%|███████▊  | 29/37 [03:47<01:02,  7.82s/it] 80%|████████  | 28/35 [01:43<00:26,  3.84s/it] 83%|████████▎ | 29/35 [01:47<00:23,  3.88s/it] 11%|█▏        | 4/35 [00:25<03:12,  6.22s/it] 81%|████████  | 30/37 [03:54<00:54,  7.82s/it] 86%|████████▌ | 30/35 [01:51<00:19,  3.85s/it] 14%|█▍        | 5/35 [00:31<02:59,  5.98s/it] 89%|████████▊ | 31/35 [01:55<00:15,  3.77s/it] 91%|█████████▏| 32/35 [01:58<00:11,  3.75s/it] 17%|█▋        | 6/35 [00:34<02:33,  5.30s/it] 84%|████████▍ | 31/37 [04:02<00:46,  7.83s/it] 94%|█████████▍| 33/35 [02:02<00:07,  3.74s/it] 20%|██        | 7/35 [00:41<02:40,  5.73s/it] 97%|█████████▋| 34/35 [02:05<00:03,  3.68s/it] 86%|████████▋ | 32/37 [04:10<00:38,  7.77s/it]100%|██████████| 35/35 [02:08<00:00,  3.45s/it]100%|██████████| 35/35 [02:08<00:00,  3.68s/it]
 23%|██▎       | 8/35 [00:47<02:38,  5.87s/it] 89%|████████▉ | 33/37 [04:18<00:31,  7.77s/it] 26%|██▌       | 9/35 [00:52<02:25,  5.59s/it]/root/kallini_data/babylm_data/babylm_test/aochildes_parsed.json
  0%|          | 0/3 [00:00<?, ?it/s] 33%|███▎      | 1/3 [00:02<00:05,  2.54s/it] 92%|█████████▏| 34/37 [04:25<00:23,  7.79s/it] 29%|██▊       | 10/35 [00:58<02:24,  5.76s/it] 67%|██████▋   | 2/3 [00:05<00:02,  2.55s/it]100%|██████████| 3/3 [00:06<00:00,  1.85s/it]100%|██████████| 3/3 [00:06<00:00,  2.04s/it]
/root/kallini_data/babylm_data/babylm_test/bnc_spoken_parsed.json
  0%|          | 0/20 [00:00<?, ?it/s]  5%|▌         | 1/20 [00:00<00:11,  1.61it/s] 10%|█         | 2/20 [00:01<00:10,  1.79it/s] 15%|█▌        | 3/20 [00:01<00:08,  1.98it/s] 20%|██        | 4/20 [00:02<00:11,  1.36it/s] 25%|██▌       | 5/20 [00:03<00:10,  1.44it/s] 31%|███▏      | 11/35 [01:04<02:20,  5.85s/it] 30%|███       | 6/20 [00:03<00:09,  1.51it/s] 35%|███▌      | 7/20 [00:04<00:07,  1.63it/s] 40%|████      | 8/20 [00:04<00:06,  1.76it/s] 95%|█████████▍| 35/37 [04:33<00:15,  7.73s/it] 45%|████▌     | 9/20 [00:05<00:06,  1.75it/s] 50%|█████     | 10/20 [00:06<00:07,  1.41it/s] 55%|█████▌    | 11/20 [00:06<00:05,  1.65it/s] 60%|██████    | 12/20 [00:07<00:04,  1.77it/s] 65%|██████▌   | 13/20 [00:07<00:03,  1.84it/s] 70%|███████   | 14/20 [00:08<00:03,  1.80it/s] 75%|███████▌  | 15/20 [00:08<00:02,  1.87it/s] 80%|████████  | 16/20 [00:09<00:02,  1.93it/s] 34%|███▍      | 12/35 [01:10<02:13,  5.81s/it] 85%|████████▌ | 17/20 [00:09<00:01,  2.03it/s] 90%|█████████ | 18/20 [00:10<00:00,  2.10it/s] 95%|█████████▌| 19/20 [00:10<00:00,  2.05it/s]100%|██████████| 20/20 [00:11<00:00,  1.65it/s]100%|██████████| 20/20 [00:11<00:00,  1.72it/s]
/root/kallini_data/babylm_data/babylm_test/cbt_parsed.json
  0%|          | 0/4 [00:00<?, ?it/s] 25%|██▌       | 1/4 [00:01<00:03,  1.08s/it] 97%|█████████▋| 36/37 [04:41<00:07,  7.90s/it] 50%|█████     | 2/4 [00:01<00:01,  1.03it/s] 75%|███████▌  | 3/4 [00:02<00:00,  1.06it/s]100%|██████████| 4/4 [00:03<00:00,  1.44it/s]100%|██████████| 4/4 [00:03<00:00,  1.25it/s]
/root/kallini_data/babylm_data/babylm_test/children_stories_parsed.json
  0%|          | 0/2 [00:00<?, ?it/s] 37%|███▋      | 13/35 [01:16<02:07,  5.79s/it] 50%|█████     | 1/2 [00:02<00:02,  2.52s/it]100%|██████████| 2/2 [00:03<00:00,  1.79s/it]100%|██████████| 2/2 [00:03<00:00,  1.90s/it]
/root/kallini_data/babylm_data/babylm_test/gutenberg_parsed.json
  0%|          | 0/4 [00:00<?, ?it/s]100%|██████████| 37/37 [04:47<00:00,  7.33s/it]100%|██████████| 37/37 [04:47<00:00,  7.78s/it]
 40%|████      | 14/35 [01:21<01:58,  5.64s/it] 25%|██▌       | 1/4 [00:03<00:11,  3.93s/it]/root/kallini_data/babylm_data/babylm_100M/simple_wikipedia_parsed.json
  0%|          | 0/74 [00:00<?, ?it/s] 43%|████▎     | 15/35 [01:26<01:49,  5.46s/it] 50%|█████     | 2/4 [00:07<00:07,  3.59s/it]  1%|▏         | 1/74 [00:05<07:04,  5.81s/it] 75%|███████▌  | 3/4 [00:10<00:03,  3.43s/it]100%|██████████| 4/4 [00:11<00:00,  2.36s/it]100%|██████████| 4/4 [00:11<00:00,  2.81s/it]
/root/kallini_data/babylm_data/babylm_test/open_subtitles_parsed.json
  0%|          | 0/20 [00:00<?, ?it/s] 46%|████▌     | 16/35 [01:33<01:48,  5.70s/it]  5%|▌         | 1/20 [00:02<00:53,  2.83s/it]  3%|▎         | 2/74 [00:11<07:09,  5.96s/it] 10%|█         | 2/20 [00:05<00:49,  2.76s/it] 49%|████▊     | 17/35 [01:39<01:46,  5.90s/it] 15%|█▌        | 3/20 [00:08<00:46,  2.74s/it]  4%|▍         | 3/74 [00:17<06:55,  5.86s/it] 20%|██        | 4/20 [00:11<00:43,  2.74s/it] 51%|█████▏    | 18/35 [01:45<01:41,  5.99s/it] 25%|██▌       | 5/20 [00:13<00:41,  2.77s/it]  5%|▌         | 4/74 [00:23<06:50,  5.86s/it] 30%|███       | 6/20 [00:16<00:38,  2.74s/it] 54%|█████▍    | 19/35 [01:52<01:38,  6.17s/it] 35%|███▌      | 7/20 [00:19<00:36,  2.78s/it]  7%|▋         | 5/74 [00:29<06:47,  5.90s/it] 40%|████      | 8/20 [00:22<00:32,  2.75s/it] 45%|████▌     | 9/20 [00:24<00:30,  2.75s/it] 57%|█████▋    | 20/35 [01:57<01:30,  6.04s/it]  8%|▊         | 6/74 [00:34<06:31,  5.75s/it] 50%|█████     | 10/20 [00:27<00:27,  2.75s/it]Token indices sequence length is longer than the specified maximum sequence length for this model (4107 > 1024). Running this sequence through the model will result in indexing errors
 55%|█████▌    | 11/20 [00:30<00:24,  2.69s/it] 60%|██████    | 21/35 [02:03<01:23,  5.94s/it]  9%|▉         | 7/74 [00:41<06:33,  5.88s/it] 60%|██████    | 12/20 [00:32<00:21,  2.69s/it] 65%|██████▌   | 13/20 [00:35<00:19,  2.73s/it] 63%|██████▎   | 22/35 [02:08<01:14,  5.74s/it] 11%|█         | 8/74 [00:47<06:36,  6.01s/it] 70%|███████   | 14/20 [00:38<00:17,  2.85s/it] 66%|██████▌   | 23/35 [02:14<01:07,  5.64s/it] 75%|███████▌  | 15/20 [00:41<00:14,  2.88s/it] 12%|█▏        | 9/74 [00:52<06:19,  5.83s/it] 80%|████████  | 16/20 [00:44<00:11,  2.86s/it] 69%|██████▊   | 24/35 [02:19<01:01,  5.55s/it] 85%|████████▌ | 17/20 [00:47<00:08,  2.83s/it] 14%|█▎        | 10/74 [00:58<06:08,  5.76s/it] 90%|█████████ | 18/20 [00:50<00:05,  2.81s/it] 71%|███████▏  | 25/35 [02:25<00:57,  5.72s/it] 95%|█████████▌| 19/20 [00:52<00:02,  2.82s/it]100%|██████████| 20/20 [00:53<00:00,  2.18s/it]100%|██████████| 20/20 [00:53<00:00,  2.68s/it]
/root/kallini_data/babylm_data/babylm_test/qed_parsed.json
  0%|          | 0/5 [00:00<?, ?it/s] 15%|█▍        | 11/74 [01:03<05:59,  5.71s/it] 20%|██        | 1/5 [00:03<00:14,  3.65s/it] 74%|███████▍  | 26/35 [02:31<00:52,  5.78s/it] 16%|█▌        | 12/74 [01:09<05:51,  5.67s/it] 40%|████      | 2/5 [00:07<00:11,  3.71s/it] 77%|███████▋  | 27/35 [02:37<00:47,  5.91s/it] 60%|██████    | 3/5 [00:10<00:07,  3.55s/it] 18%|█▊        | 13/74 [01:15<05:45,  5.67s/it] 80%|████████  | 4/5 [00:14<00:03,  3.61s/it]100%|██████████| 5/5 [00:16<00:00,  2.91s/it]100%|██████████| 5/5 [00:16<00:00,  3.23s/it]
/root/kallini_data/babylm_data/babylm_test/simple_wikipedia_parsed.json
  0%|          | 0/9 [00:00<?, ?it/s] 80%|████████  | 28/35 [02:44<00:42,  6.08s/it] 19%|█▉        | 14/74 [01:20<05:32,  5.53s/it] 11%|█         | 1/9 [00:02<00:19,  2.41s/it] 22%|██▏       | 2/9 [00:05<00:17,  2.54s/it] 20%|██        | 15/74 [01:25<05:25,  5.52s/it] 83%|████████▎ | 29/35 [02:50<00:36,  6.13s/it] 33%|███▎      | 3/9 [00:07<00:14,  2.45s/it] 44%|████▍     | 4/9 [00:09<00:12,  2.46s/it] 22%|██▏       | 16/74 [01:31<05:21,  5.54s/it] 56%|█████▌    | 5/9 [00:12<00:10,  2.61s/it] 86%|████████▌ | 30/35 [02:56<00:30,  6.07s/it] 67%|██████▋   | 6/9 [00:15<00:08,  2.74s/it] 23%|██▎       | 17/74 [01:37<05:14,  5.52s/it] 89%|████████▊ | 31/35 [03:02<00:23,  5.93s/it] 78%|███████▊  | 7/9 [00:18<00:05,  2.78s/it] 89%|████████▉ | 8/9 [00:21<00:02,  2.91s/it] 24%|██▍       | 18/74 [01:42<05:14,  5.61s/it] 91%|█████████▏| 32/35 [03:07<00:17,  5.90s/it]100%|██████████| 9/9 [00:24<00:00,  2.77s/it]100%|██████████| 9/9 [00:24<00:00,  2.69s/it]
/root/kallini_data/babylm_data/babylm_test/switchboard_parsed.json
  0%|          | 0/1 [00:00<?, ?it/s]100%|██████████| 1/1 [00:01<00:00,  1.87s/it]100%|██████████| 1/1 [00:01<00:00,  1.87s/it]
/root/kallini_data/babylm_data/babylm_test/wikipedia_parsed.json
  0%|          | 0/5 [00:00<?, ?it/s] 26%|██▌       | 19/74 [01:48<05:12,  5.68s/it] 20%|██        | 1/5 [00:03<00:13,  3.25s/it] 94%|█████████▍| 33/35 [03:13<00:11,  5.84s/it] 40%|████      | 2/5 [00:06<00:10,  3.34s/it] 27%|██▋       | 20/74 [01:54<05:16,  5.87s/it] 97%|█████████▋| 34/35 [03:19<00:05,  5.83s/it] 60%|██████    | 3/5 [00:10<00:06,  3.49s/it] 80%|████████  | 4/5 [00:13<00:03,  3.40s/it]100%|██████████| 35/35 [03:23<00:00,  5.44s/it]100%|██████████| 35/35 [03:23<00:00,  5.83s/it]
 28%|██▊       | 21/74 [02:01<05:15,  5.95s/it]100%|██████████| 5/5 [00:15<00:00,  2.72s/it]100%|██████████| 5/5 [00:15<00:00,  3.02s/it]
 30%|██▉       | 22/74 [02:06<05:03,  5.84s/it]/root/kallini_data/babylm_data/babylm_test/aochildes_parsed.json
  0%|          | 0/3 [00:00<?, ?it/s]/root/kallini_data/babylm_data/babylm_100M/aochildes_parsed.json
  0%|          | 0/31 [00:00<?, ?it/s] 31%|███       | 23/74 [02:13<05:07,  6.04s/it] 33%|███▎      | 1/3 [00:03<00:07,  3.89s/it]  3%|▎         | 1/31 [00:01<00:59,  1.98s/it]  6%|▋         | 2/31 [00:03<00:56,  1.96s/it] 67%|██████▋   | 2/3 [00:07<00:03,  3.85s/it] 10%|▉         | 3/31 [00:05<00:54,  1.94s/it] 32%|███▏      | 24/74 [02:19<05:02,  6.04s/it]100%|██████████| 3/3 [00:09<00:00,  2.81s/it]100%|██████████| 3/3 [00:09<00:00,  3.09s/it]
/root/kallini_data/babylm_data/babylm_test/bnc_spoken_parsed.json
  0%|          | 0/20 [00:00<?, ?it/s] 13%|█▎        | 4/31 [00:08<00:55,  2.05s/it]  5%|▌         | 1/20 [00:01<00:22,  1.16s/it] 10%|█         | 2/20 [00:01<00:17,  1.04it/s] 16%|█▌        | 5/31 [00:10<00:53,  2.05s/it] 15%|█▌        | 3/20 [00:02<00:14,  1.16it/s] 20%|██        | 4/20 [00:04<00:19,  1.20s/it] 19%|█▉        | 6/31 [00:12<00:52,  2.09s/it] 34%|███▍      | 25/74 [02:25<04:52,  5.96s/it] 25%|██▌       | 5/20 [00:05<00:16,  1.12s/it] 30%|███       | 6/20 [00:06<00:14,  1.06s/it] 23%|██▎       | 7/31 [00:14<00:50,  2.11s/it] 35%|███▌      | 7/20 [00:07<00:12,  1.03it/s] 40%|████      | 8/20 [00:07<00:10,  1.12it/s] 45%|████▌     | 9/20 [00:08<00:10,  1.10it/s] 26%|██▌       | 8/31 [00:16<00:48,  2.12s/it] 50%|█████     | 10/20 [00:10<00:11,  1.12s/it] 35%|███▌      | 26/74 [02:30<04:36,  5.76s/it] 55%|█████▌    | 11/20 [00:10<00:08,  1.05it/s] 29%|██▉       | 9/31 [00:18<00:45,  2.08s/it] 60%|██████    | 12/20 [00:11<00:07,  1.13it/s] 65%|██████▌   | 13/20 [00:12<00:05,  1.18it/s] 32%|███▏      | 10/31 [00:20<00:43,  2.06s/it] 70%|███████   | 14/20 [00:13<00:05,  1.13it/s] 75%|███████▌  | 15/20 [00:14<00:04,  1.17it/s] 80%|████████  | 16/20 [00:14<00:03,  1.22it/s] 35%|███▌      | 11/31 [00:22<00:40,  2.05s/it] 85%|████████▌ | 17/20 [00:15<00:02,  1.29it/s] 90%|█████████ | 18/20 [00:16<00:01,  1.34it/s] 36%|███▋      | 27/74 [02:36<04:41,  6.00s/it] 95%|█████████▌| 19/20 [00:17<00:00,  1.31it/s] 39%|███▊      | 12/31 [00:24<00:38,  2.05s/it]100%|██████████| 20/20 [00:18<00:00,  1.05it/s]100%|██████████| 20/20 [00:18<00:00,  1.08it/s]
/root/kallini_data/babylm_data/babylm_test/cbt_parsed.json
  0%|          | 0/4 [00:00<?, ?it/s] 42%|████▏     | 13/31 [00:26<00:36,  2.05s/it] 25%|██▌       | 1/4 [00:01<00:05,  1.72s/it] 45%|████▌     | 14/31 [00:28<00:34,  2.05s/it] 50%|█████     | 2/4 [00:03<00:03,  1.57s/it] 38%|███▊      | 28/74 [02:42<04:30,  5.88s/it] 75%|███████▌  | 3/4 [00:04<00:01,  1.54s/it] 48%|████▊     | 15/31 [00:30<00:32,  2.05s/it]100%|██████████| 4/4 [00:05<00:00,  1.14s/it]100%|██████████| 4/4 [00:05<00:00,  1.30s/it]
/root/kallini_data/babylm_data/babylm_test/children_stories_parsed.json
  0%|          | 0/2 [00:00<?, ?it/s] 52%|█████▏    | 16/31 [00:32<00:30,  2.04s/it] 55%|█████▍    | 17/31 [00:34<00:28,  2.05s/it] 50%|█████     | 1/2 [00:04<00:04,  4.01s/it] 39%|███▉      | 29/74 [02:48<04:24,  5.88s/it] 58%|█████▊    | 18/31 [00:36<00:26,  2.04s/it]100%|██████████| 2/2 [00:05<00:00,  2.81s/it]100%|██████████| 2/2 [00:05<00:00,  2.99s/it]
/root/kallini_data/babylm_data/babylm_test/gutenberg_parsed.json
  0%|          | 0/4 [00:00<?, ?it/s] 61%|██████▏   | 19/31 [00:38<00:24,  2.04s/it] 65%|██████▍   | 20/31 [00:41<00:22,  2.05s/it] 41%|████      | 30/74 [02:54<04:16,  5.83s/it] 68%|██████▊   | 21/31 [00:43<00:20,  2.05s/it] 25%|██▌       | 1/4 [00:06<00:19,  6.35s/it] 71%|███████   | 22/31 [00:45<00:18,  2.06s/it] 42%|████▏     | 31/74 [02:59<04:05,  5.72s/it] 74%|███████▍  | 23/31 [00:47<00:16,  2.07s/it] 77%|███████▋  | 24/31 [00:49<00:14,  2.06s/it] 50%|█████     | 2/4 [00:11<00:11,  5.82s/it] 81%|████████  | 25/31 [00:51<00:12,  2.07s/it] 43%|████▎     | 32/74 [03:04<03:53,  5.56s/it] 84%|████████▍ | 26/31 [00:53<00:10,  2.07s/it] 75%|███████▌  | 3/4 [00:17<00:05,  5.60s/it] 87%|████████▋ | 27/31 [00:55<00:08,  2.06s/it]100%|██████████| 4/4 [00:18<00:00,  3.86s/it]100%|██████████| 4/4 [00:18<00:00,  4.58s/it]
 90%|█████████ | 28/31 [00:57<00:06,  2.07s/it]/root/kallini_data/babylm_data/babylm_test/open_subtitles_parsed.json
  0%|          | 0/20 [00:00<?, ?it/s] 45%|████▍     | 33/74 [03:10<03:47,  5.55s/it] 94%|█████████▎| 29/31 [00:59<00:04,  2.08s/it] 97%|█████████▋| 30/31 [01:01<00:02,  2.09s/it]  5%|▌         | 1/20 [00:04<01:22,  4.33s/it]100%|██████████| 31/31 [01:02<00:00,  1.81s/it]100%|██████████| 31/31 [01:02<00:00,  2.03s/it]
 46%|████▌     | 34/74 [03:15<03:41,  5.54s/it]/root/kallini_data/babylm_data/babylm_100M/bnc_spoken_parsed.json
  0%|          | 0/170 [00:00<?, ?it/s] 10%|█         | 2/20 [00:08<01:15,  4.20s/it]  1%|          | 1/170 [00:00<01:14,  2.28it/s]  1%|          | 2/170 [00:00<01:12,  2.31it/s]  2%|▏         | 3/170 [00:01<01:07,  2.48it/s]  2%|▏         | 4/170 [00:01<01:04,  2.57it/s]Token indices sequence length is longer than the specified maximum sequence length for this model (1111 > 1024). Running this sequence through the model will result in indexing errors
  3%|▎         | 5/170 [00:01<00:55,  2.98it/s]  4%|▎         | 6/170 [00:02<00:58,  2.81it/s]  4%|▍         | 7/170 [00:02<01:04,  2.51it/s]  5%|▍         | 8/170 [00:03<01:06,  2.44it/s] 47%|████▋     | 35/74 [03:21<03:40,  5.65s/it]  5%|▌         | 9/170 [00:03<01:05,  2.47it/s]  6%|▌         | 10/170 [00:03<01:06,  2.42it/s] 15%|█▌        | 3/20 [00:12<01:11,  4.18s/it]  6%|▋         | 11/170 [00:04<01:08,  2.33it/s]  7%|▋         | 12/170 [00:04<01:11,  2.21it/s]  8%|▊         | 13/170 [00:05<01:08,  2.30it/s]  8%|▊         | 14/170 [00:06<01:18,  1.99it/s]  9%|▉         | 15/170 [00:06<01:28,  1.74it/s]  9%|▉         | 16/170 [00:07<01:21,  1.88it/s] 10%|█         | 17/170 [00:07<01:18,  1.95it/s] 11%|█         | 18/170 [00:08<01:13,  2.08it/s] 11%|█         | 19/170 [00:08<01:07,  2.25it/s] 20%|██        | 4/20 [00:16<01:06,  4.18s/it] 12%|█▏        | 20/170 [00:08<01:06,  2.26it/s] 49%|████▊     | 36/74 [03:27<03:32,  5.60s/it] 12%|█▏        | 21/170 [00:09<01:01,  2.41it/s] 13%|█▎        | 22/170 [00:09<01:02,  2.36it/s] 14%|█▎        | 23/170 [00:10<01:01,  2.40it/s] 14%|█▍        | 24/170 [00:10<00:59,  2.44it/s] 15%|█▍        | 25/170 [00:10<01:00,  2.40it/s] 15%|█▌        | 26/170 [00:11<01:11,  2.03it/s] 16%|█▌        | 27/170 [00:11<01:04,  2.21it/s] 16%|█▋        | 28/170 [00:12<00:59,  2.39it/s] 25%|██▌       | 5/20 [00:21<01:03,  4.24s/it] 17%|█▋        | 29/170 [00:12<01:08,  2.06it/s] 18%|█▊        | 30/170 [00:13<01:11,  1.95it/s] 18%|█▊        | 31/170 [00:13<01:07,  2.06it/s] 19%|█▉        | 32/170 [00:14<01:12,  1.92it/s] 50%|█████     | 37/74 [03:32<03:28,  5.63s/it] 19%|█▉        | 33/170 [00:15<01:13,  1.86it/s] 20%|██        | 34/170 [00:15<01:13,  1.86it/s] 21%|██        | 35/170 [00:16<01:11,  1.89it/s] 21%|██        | 36/170 [00:16<01:11,  1.88it/s] 30%|███       | 6/20 [00:25<00:58,  4.18s/it] 22%|██▏       | 37/170 [00:17<01:11,  1.85it/s] 22%|██▏       | 38/170 [00:17<01:10,  1.88it/s] 23%|██▎       | 39/170 [00:18<01:13,  1.79it/s] 24%|██▎       | 40/170 [00:18<01:07,  1.94it/s] 24%|██▍       | 41/170 [00:19<01:02,  2.07it/s] 25%|██▍       | 42/170 [00:19<00:53,  2.37it/s] 25%|██▌       | 43/170 [00:19<00:52,  2.43it/s] 26%|██▌       | 44/170 [00:20<00:55,  2.28it/s] 26%|██▋       | 45/170 [00:20<00:54,  2.30it/s] 51%|█████▏    | 38/74 [03:39<03:29,  5.81s/it] 35%|███▌      | 7/20 [00:29<00:55,  4.25s/it] 27%|██▋       | 46/170 [00:21<00:58,  2.14it/s] 28%|██▊       | 47/170 [00:21<00:57,  2.16it/s] 28%|██▊       | 48/170 [00:22<00:55,  2.19it/s] 29%|██▉       | 49/170 [00:22<00:55,  2.18it/s] 29%|██▉       | 50/170 [00:23<01:01,  1.94it/s] 30%|███       | 51/170 [00:23<01:00,  1.98it/s] 31%|███       | 52/170 [00:24<01:05,  1.80it/s] 31%|███       | 53/170 [00:24<01:01,  1.91it/s] 32%|███▏      | 54/170 [00:25<00:55,  2.10it/s] 40%|████      | 8/20 [00:33<00:51,  4.25s/it] 32%|███▏      | 55/170 [00:25<00:53,  2.14it/s] 33%|███▎      | 56/170 [00:26<00:55,  2.05it/s] 34%|███▎      | 57/170 [00:26<00:57,  1.97it/s] 34%|███▍      | 58/170 [00:27<00:54,  2.06it/s] 35%|███▍      | 59/170 [00:27<00:52,  2.13it/s] 53%|█████▎    | 39/74 [03:45<03:34,  6.14s/it] 35%|███▌      | 60/170 [00:28<00:50,  2.17it/s] 36%|███▌      | 61/170 [00:28<00:51,  2.11it/s] 36%|███▋      | 62/170 [00:29<00:50,  2.15it/s] 37%|███▋      | 63/170 [00:29<00:48,  2.20it/s] 45%|████▌     | 9/20 [00:38<00:46,  4.23s/it] 38%|███▊      | 64/170 [00:29<00:47,  2.22it/s] 38%|███▊      | 65/170 [00:30<00:56,  1.86it/s] 39%|███▉      | 66/170 [00:31<00:52,  1.99it/s] 39%|███▉      | 67/170 [00:31<00:48,  2.11it/s] 40%|████      | 68/170 [00:32<00:48,  2.09it/s] 41%|████      | 69/170 [00:32<00:44,  2.25it/s] 41%|████      | 70/170 [00:32<00:37,  2.64it/s] 42%|████▏     | 71/170 [00:33<00:39,  2.54it/s] 42%|████▏     | 72/170 [00:33<00:39,  2.50it/s] 43%|████▎     | 73/170 [00:33<00:41,  2.36it/s] 50%|█████     | 10/20 [00:42<00:42,  4.23s/it] 54%|█████▍    | 40/74 [03:52<03:31,  6.22s/it] 44%|████▎     | 74/170 [00:34<00:39,  2.43it/s] 44%|████▍     | 75/170 [00:34<00:43,  2.16it/s] 45%|████▍     | 76/170 [00:35<00:43,  2.14it/s] 45%|████▌     | 77/170 [00:35<00:43,  2.14it/s] 46%|████▌     | 78/170 [00:36<00:44,  2.07it/s] 46%|████▋     | 79/170 [00:36<00:40,  2.22it/s]Token indices sequence length is longer than the specified maximum sequence length for this model (4107 > 1024). Running this sequence through the model will result in indexing errors
 47%|████▋     | 80/170 [00:37<00:39,  2.26it/s] 48%|████▊     | 81/170 [00:37<00:39,  2.24it/s] 55%|█████▌    | 11/20 [00:46<00:37,  4.13s/it] 48%|████▊     | 82/170 [00:38<00:39,  2.21it/s] 49%|████▉     | 83/170 [00:38<00:37,  2.29it/s] 49%|████▉     | 84/170 [00:38<00:34,  2.46it/s] 50%|█████     | 85/170 [00:39<00:32,  2.59it/s] 51%|█████     | 86/170 [00:39<00:37,  2.26it/s] 51%|█████     | 87/170 [00:40<00:37,  2.18it/s] 55%|█████▌    | 41/74 [03:59<03:29,  6.34s/it] 52%|█████▏    | 88/170 [00:40<00:41,  1.97it/s] 52%|█████▏    | 89/170 [00:41<00:41,  1.94it/s] 53%|█████▎    | 90/170 [00:41<00:41,  1.94it/s] 60%|██████    | 12/20 [00:50<00:33,  4.13s/it] 54%|█████▎    | 91/170 [00:42<00:38,  2.07it/s] 54%|█████▍    | 92/170 [00:42<00:39,  1.99it/s] 55%|█████▍    | 93/170 [00:43<00:40,  1.92it/s] 55%|█████▌    | 94/170 [00:43<00:37,  2.01it/s] 56%|█████▌    | 95/170 [00:44<00:35,  2.14it/s] 56%|█████▋    | 96/170 [00:44<00:37,  1.99it/s] 57%|█████▋    | 97/170 [00:45<00:38,  1.90it/s] 58%|█████▊    | 98/170 [00:45<00:37,  1.90it/s] 65%|██████▌   | 13/20 [00:54<00:29,  4.21s/it] 58%|█████▊    | 99/170 [00:46<00:39,  1.81it/s] 57%|█████▋    | 42/74 [04:04<03:18,  6.19s/it] 59%|█████▉    | 100/170 [00:47<00:40,  1.71it/s] 59%|█████▉    | 101/170 [00:47<00:39,  1.76it/s] 60%|██████    | 102/170 [00:48<00:35,  1.92it/s] 61%|██████    | 103/170 [00:48<00:33,  1.99it/s] 61%|██████    | 104/170 [00:49<00:33,  1.97it/s] 62%|██████▏   | 105/170 [00:49<00:31,  2.09it/s] 62%|██████▏   | 106/170 [00:50<00:31,  2.04it/s] 63%|██████▎   | 107/170 [00:50<00:30,  2.06it/s] 70%|███████   | 14/20 [00:59<00:25,  4.25s/it] 64%|██████▎   | 108/170 [00:50<00:28,  2.19it/s] 64%|██████▍   | 109/170 [00:51<00:28,  2.18it/s] 65%|██████▍   | 110/170 [00:51<00:28,  2.12it/s] 65%|██████▌   | 111/170 [00:52<00:28,  2.06it/s] 66%|██████▌   | 112/170 [00:53<00:31,  1.84it/s] 58%|█████▊    | 43/74 [04:11<03:17,  6.38s/it] 66%|██████▋   | 113/170 [00:53<00:28,  1.99it/s] 67%|██████▋   | 114/170 [00:53<00:26,  2.12it/s] 68%|██████▊   | 115/170 [00:54<00:31,  1.75it/s] 75%|███████▌  | 15/20 [01:03<00:21,  4.29s/it] 68%|██████▊   | 116/170 [00:55<00:28,  1.90it/s] 69%|██████▉   | 117/170 [00:55<00:26,  2.01it/s] 69%|██████▉   | 118/170 [00:56<00:27,  1.92it/s] 70%|███████   | 119/170 [00:56<00:26,  1.89it/s] 71%|███████   | 120/170 [00:57<00:26,  1.91it/s] 71%|███████   | 121/170 [00:57<00:25,  1.96it/s] 72%|███████▏  | 122/170 [00:58<00:25,  1.88it/s] 72%|███████▏  | 123/170 [00:58<00:27,  1.74it/s] 73%|███████▎  | 124/170 [00:59<00:24,  1.89it/s] 80%|████████  | 16/20 [01:07<00:17,  4.29s/it] 74%|███████▎  | 125/170 [00:59<00:23,  1.95it/s] 59%|█████▉    | 44/74 [04:18<03:14,  6.49s/it] 74%|███████▍  | 126/170 [01:00<00:24,  1.80it/s] 75%|███████▍  | 127/170 [01:00<00:23,  1.85it/s] 75%|███████▌  | 128/170 [01:01<00:22,  1.90it/s] 76%|███████▌  | 129/170 [01:01<00:20,  2.04it/s] 76%|███████▋  | 130/170 [01:02<00:18,  2.18it/s] 77%|███████▋  | 131/170 [01:02<00:17,  2.28it/s] 78%|███████▊  | 132/170 [01:03<00:17,  2.15it/s] 85%|████████▌ | 17/20 [01:11<00:12,  4.27s/it] 78%|███████▊  | 133/170 [01:03<00:17,  2.07it/s] 79%|███████▉  | 134/170 [01:04<00:18,  1.92it/s] 79%|███████▉  | 135/170 [01:04<00:18,  1.92it/s] 80%|████████  | 136/170 [01:05<00:17,  1.99it/s] 81%|████████  | 137/170 [01:05<00:14,  2.24it/s] 81%|████████  | 138/170 [01:06<00:14,  2.24it/s] 82%|████████▏ | 139/170 [01:06<00:14,  2.16it/s] 61%|██████    | 45/74 [04:24<03:07,  6.47s/it] 82%|████████▏ | 140/170 [01:07<00:14,  2.13it/s] 83%|████████▎ | 141/170 [01:07<00:12,  2.38it/s] 84%|████████▎ | 142/170 [01:07<00:11,  2.49it/s] 90%|█████████ | 18/20 [01:16<00:08,  4.27s/it] 84%|████████▍ | 143/170 [01:08<00:11,  2.39it/s] 85%|████████▍ | 144/170 [01:08<00:09,  2.63it/s] 85%|████████▌ | 145/170 [01:08<00:10,  2.32it/s] 86%|████████▌ | 146/170 [01:09<00:10,  2.31it/s] 86%|████████▋ | 147/170 [01:09<00:09,  2.32it/s] 87%|████████▋ | 148/170 [01:10<00:09,  2.34it/s] 88%|████████▊ | 149/170 [01:10<00:09,  2.21it/s] 88%|████████▊ | 150/170 [01:11<00:09,  2.11it/s] 89%|████████▉ | 151/170 [01:11<00:08,  2.30it/s] 89%|████████▉ | 152/170 [01:12<00:08,  2.21it/s] 95%|█████████▌| 19/20 [01:20<00:04,  4.31s/it] 90%|█████████ | 153/170 [01:12<00:07,  2.17it/s] 62%|██████▏   | 46/74 [04:31<02:59,  6.39s/it] 91%|█████████ | 154/170 [01:13<00:08,  1.95it/s]100%|██████████| 20/20 [01:21<00:00,  3.33s/it]100%|██████████| 20/20 [01:21<00:00,  4.08s/it]
 91%|█████████ | 155/170 [01:13<00:07,  1.88it/s]/root/kallini_data/babylm_data/babylm_test/qed_parsed.json
  0%|          | 0/5 [00:00<?, ?it/s] 92%|█████████▏| 156/170 [01:14<00:07,  1.95it/s] 92%|█████████▏| 157/170 [01:14<00:06,  1.97it/s] 93%|█████████▎| 158/170 [01:15<00:06,  1.88it/s] 94%|█████████▎| 159/170 [01:15<00:05,  1.94it/s] 94%|█████████▍| 160/170 [01:16<00:05,  1.71it/s] 95%|█████████▍| 161/170 [01:17<00:05,  1.76it/s] 95%|█████████▌| 162/170 [01:17<00:04,  1.86it/s] 96%|█████████▌| 163/170 [01:17<00:03,  2.04it/s] 96%|█████████▋| 164/170 [01:18<00:02,  2.05it/s] 97%|█████████▋| 165/170 [01:18<00:02,  2.10it/s] 98%|█████████▊| 166/170 [01:19<00:01,  2.03it/s] 64%|██████▎   | 47/74 [04:37<02:54,  6.48s/it] 20%|██        | 1/5 [00:05<00:22,  5.58s/it] 98%|█████████▊| 167/170 [01:20<00:01,  1.90it/s] 99%|█████████▉| 168/170 [01:20<00:00,  2.03it/s] 99%|█████████▉| 169/170 [01:20<00:00,  2.05it/s]100%|██████████| 170/170 [01:21<00:00,  2.38it/s]100%|██████████| 170/170 [01:21<00:00,  2.09it/s]
/root/kallini_data/babylm_data/babylm_100M/cbt_parsed.json
  0%|          | 0/53 [00:00<?, ?it/s]  2%|▏         | 1/53 [00:00<00:41,  1.25it/s]  4%|▍         | 2/53 [00:01<00:44,  1.13it/s]  6%|▌         | 3/53 [00:02<00:43,  1.16it/s] 40%|████      | 2/5 [00:11<00:16,  5.64s/it]  8%|▊         | 4/53 [00:03<00:41,  1.17it/s] 65%|██████▍   | 48/74 [04:44<02:51,  6.60s/it]  9%|▉         | 5/53 [00:04<00:40,  1.18it/s] 11%|█▏        | 6/53 [00:05<00:38,  1.21it/s] 13%|█▎        | 7/53 [00:05<00:38,  1.20it/s] 15%|█▌        | 8/53 [00:06<00:37,  1.20it/s] 17%|█▋        | 9/53 [00:07<00:36,  1.22it/s] 60%|██████    | 3/5 [00:16<00:10,  5.41s/it] 19%|█▉        | 10/53 [00:08<00:35,  1.22it/s] 21%|██        | 11/53 [00:09<00:33,  1.26it/s] 23%|██▎       | 12/53 [00:09<00:32,  1.27it/s] 66%|██████▌   | 49/74 [04:50<02:42,  6.50s/it] 25%|██▍       | 13/53 [00:10<00:31,  1.25it/s] 26%|██▋       | 14/53 [00:11<00:31,  1.22it/s] 28%|██▊       | 15/53 [00:12<00:32,  1.16it/s] 30%|███       | 16/53 [00:13<00:32,  1.14it/s] 80%|████████  | 4/5 [00:22<00:05,  5.62s/it] 32%|███▏      | 17/53 [00:14<00:31,  1.13it/s] 34%|███▍      | 18/53 [00:15<00:31,  1.10it/s] 36%|███▌      | 19/53 [00:16<00:30,  1.13it/s] 68%|██████▊   | 50/74 [04:57<02:33,  6.38s/it]100%|██████████| 5/5 [00:24<00:00,  4.53s/it]100%|██████████| 5/5 [00:24<00:00,  4.99s/it]
 38%|███▊      | 20/53 [00:17<00:29,  1.12it/s]/root/kallini_data/babylm_data/babylm_test/simple_wikipedia_parsed.json
  0%|          | 0/9 [00:00<?, ?it/s] 40%|███▉      | 21/53 [00:17<00:28,  1.12it/s] 42%|████▏     | 22/53 [00:18<00:25,  1.19it/s] 43%|████▎     | 23/53 [00:19<00:25,  1.20it/s] 45%|████▌     | 24/53 [00:20<00:23,  1.23it/s] 47%|████▋     | 25/53 [00:20<00:22,  1.26it/s] 11%|█         | 1/9 [00:03<00:30,  3.85s/it] 49%|████▉     | 26/53 [00:21<00:20,  1.30it/s] 51%|█████     | 27/53 [00:22<00:20,  1.28it/s] 69%|██████▉   | 51/74 [05:03<02:25,  6.31s/it] 53%|█████▎    | 28/53 [00:23<00:18,  1.32it/s] 55%|█████▍    | 29/53 [00:23<00:18,  1.33it/s] 57%|█████▋    | 30/53 [00:24<00:16,  1.36it/s] 22%|██▏       | 2/9 [00:08<00:28,  4.08s/it] 58%|█████▊    | 31/53 [00:25<00:16,  1.37it/s] 60%|██████    | 32/53 [00:26<00:15,  1.35it/s] 62%|██████▏   | 33/53 [00:26<00:14,  1.36it/s] 70%|███████   | 52/74 [05:07<02:07,  5.81s/it] 64%|██████▍   | 34/53 [00:27<00:13,  1.38it/s] 66%|██████▌   | 35/53 [00:28<00:13,  1.38it/s] 33%|███▎      | 3/9 [00:11<00:23,  3.94s/it] 68%|██████▊   | 36/53 [00:29<00:13,  1.31it/s] 70%|██████▉   | 37/53 [00:29<00:12,  1.31it/s] 72%|███████▏  | 38/53 [00:30<00:11,  1.28it/s] 74%|███████▎  | 39/53 [00:31<00:11,  1.18it/s] 75%|███████▌  | 40/53 [00:32<00:11,  1.12it/s] 44%|████▍     | 4/9 [00:15<00:19,  3.95s/it] 72%|███████▏  | 53/74 [05:13<02:02,  5.82s/it] 77%|███████▋  | 41/53 [00:33<00:10,  1.14it/s] 79%|███████▉  | 42/53 [00:34<00:09,  1.17it/s] 81%|████████  | 43/53 [00:35<00:08,  1.17it/s] 83%|████████▎ | 44/53 [00:35<00:07,  1.24it/s] 85%|████████▍ | 45/53 [00:36<00:06,  1.28it/s] 87%|████████▋ | 46/53 [00:37<00:05,  1.30it/s] 56%|█████▌    | 5/9 [00:20<00:16,  4.18s/it] 89%|████████▊ | 47/53 [00:38<00:04,  1.33it/s] 91%|█████████ | 48/53 [00:38<00:03,  1.30it/s] 73%|███████▎  | 54/74 [05:19<01:58,  5.93s/it] 92%|█████████▏| 49/53 [00:39<00:03,  1.30it/s] 94%|█████████▍| 50/53 [00:40<00:02,  1.33it/s] 96%|█████████▌| 51/53 [00:41<00:01,  1.35it/s] 98%|█████████▊| 52/53 [00:41<00:00,  1.34it/s]100%|██████████| 53/53 [00:42<00:00,  1.47it/s]100%|██████████| 53/53 [00:42<00:00,  1.25it/s]
 67%|██████▋   | 6/9 [00:25<00:13,  4.42s/it]/root/kallini_data/babylm_data/babylm_100M/children_stories_parsed.json
  0%|          | 0/16 [00:00<?, ?it/s]  6%|▋         | 1/16 [00:01<00:28,  1.92s/it] 74%|███████▍  | 55/74 [05:26<01:55,  6.10s/it] 78%|███████▊  | 7/9 [00:29<00:08,  4.47s/it] 12%|█▎        | 2/16 [00:04<00:34,  2.49s/it] 19%|█▉        | 3/16 [00:06<00:26,  2.02s/it] 25%|██▌       | 4/16 [00:07<00:21,  1.79s/it] 89%|████████▉ | 8/9 [00:34<00:04,  4.61s/it] 31%|███▏      | 5/16 [00:09<00:18,  1.68s/it] 76%|███████▌  | 56/74 [05:33<01:55,  6.41s/it] 38%|███▊      | 6/16 [00:10<00:17,  1.71s/it]100%|██████████| 9/9 [00:38<00:00,  4.40s/it]100%|██████████| 9/9 [00:38<00:00,  4.30s/it]
/root/kallini_data/babylm_data/babylm_test/switchboard_parsed.json
  0%|          | 0/1 [00:00<?, ?it/s] 44%|████▍     | 7/16 [00:12<00:15,  1.71s/it] 50%|█████     | 8/16 [00:14<00:14,  1.86s/it]100%|██████████| 1/1 [00:03<00:00,  3.01s/it]100%|██████████| 1/1 [00:03<00:00,  3.01s/it]
/root/kallini_data/babylm_data/babylm_test/wikipedia_parsed.json
  0%|          | 0/5 [00:00<?, ?it/s] 77%|███████▋  | 57/74 [05:40<01:50,  6.52s/it] 56%|█████▋    | 9/16 [00:16<00:12,  1.85s/it] 62%|██████▎   | 10/16 [00:18<00:11,  1.91s/it] 69%|██████▉   | 11/16 [00:20<00:09,  1.82s/it] 20%|██        | 1/5 [00:05<00:20,  5.20s/it] 75%|███████▌  | 12/16 [00:22<00:07,  1.88s/it] 78%|███████▊  | 58/74 [05:47<01:46,  6.63s/it] 81%|████████▏ | 13/16 [00:24<00:05,  1.90s/it] 88%|████████▊ | 14/16 [00:26<00:03,  1.97s/it] 40%|████      | 2/5 [00:10<00:15,  5.33s/it] 94%|█████████▍| 15/16 [00:28<00:01,  1.89s/it]100%|██████████| 16/16 [00:28<00:00,  1.47s/it]100%|██████████| 16/16 [00:28<00:00,  1.79s/it]
 80%|███████▉  | 59/74 [05:54<01:41,  6.74s/it]/root/kallini_data/babylm_data/babylm_100M/gutenberg_parsed.json
  0%|          | 0/35 [00:00<?, ?it/s] 60%|██████    | 3/5 [00:16<00:11,  5.53s/it]  3%|▎         | 1/35 [00:02<01:22,  2.43s/it]  6%|▌         | 2/35 [00:04<01:19,  2.41s/it] 81%|████████  | 60/74 [06:00<01:33,  6.71s/it] 80%|████████  | 4/5 [00:21<00:05,  5.38s/it]  9%|▊         | 3/35 [00:07<01:15,  2.37s/it]100%|██████████| 5/5 [00:23<00:00,  4.28s/it]100%|██████████| 5/5 [00:23<00:00,  4.77s/it]
 11%|█▏        | 4/35 [00:09<01:13,  2.39s/it] 14%|█▍        | 5/35 [00:11<01:10,  2.34s/it] 82%|████████▏ | 61/74 [06:07<01:28,  6.78s/it] 17%|█▋        | 6/35 [00:14<01:08,  2.38s/it] 20%|██        | 7/35 [00:16<01:03,  2.27s/it] 23%|██▎       | 8/35 [00:18<00:59,  2.19s/it] 84%|████████▍ | 62/74 [06:14<01:22,  6.84s/it]/root/kallini_data/babylm_data/babylm_100M/aochildes_parsed.json
  0%|          | 0/31 [00:00<?, ?it/s] 26%|██▌       | 9/35 [00:21<01:03,  2.45s/it]  3%|▎         | 1/31 [00:02<01:08,  2.29s/it] 29%|██▊       | 10/35 [00:23<01:00,  2.41s/it]  6%|▋         | 2/31 [00:04<01:00,  2.09s/it] 31%|███▏      | 11/35 [00:25<00:57,  2.38s/it] 85%|████████▌ | 63/74 [06:21<01:15,  6.84s/it] 10%|▉         | 3/31 [00:06<00:55,  1.99s/it] 34%|███▍      | 12/35 [00:28<00:55,  2.42s/it] 13%|█▎        | 4/31 [00:08<00:53,  1.98s/it] 37%|███▋      | 13/35 [00:30<00:51,  2.36s/it] 16%|█▌        | 5/31 [00:10<00:51,  1.96s/it] 19%|█▉        | 6/31 [00:11<00:49,  1.96s/it] 40%|████      | 14/35 [00:33<00:49,  2.36s/it] 86%|████████▋ | 64/74 [06:28<01:08,  6.89s/it] 23%|██▎       | 7/31 [00:13<00:47,  1.96s/it] 43%|████▎     | 15/35 [00:35<00:47,  2.36s/it] 26%|██▌       | 8/31 [00:15<00:44,  1.94s/it] 46%|████▌     | 16/35 [00:37<00:41,  2.19s/it] 29%|██▉       | 9/31 [00:17<00:42,  1.94s/it] 49%|████▊     | 17/35 [00:39<00:37,  2.11s/it] 32%|███▏      | 10/31 [00:19<00:41,  1.95s/it] 88%|████████▊ | 65/74 [06:35<01:02,  6.93s/it] 51%|█████▏    | 18/35 [00:41<00:36,  2.15s/it] 35%|███▌      | 11/31 [00:21<00:39,  1.96s/it] 54%|█████▍    | 19/35 [00:43<00:35,  2.20s/it] 39%|███▊      | 12/31 [00:23<00:38,  2.04s/it] 57%|█████▋    | 20/35 [00:46<00:34,  2.28s/it] 42%|████▏     | 13/31 [00:25<00:36,  2.02s/it] 89%|████████▉ | 66/74 [06:42<00:54,  6.80s/it] 45%|████▌     | 14/31 [00:27<00:34,  2.02s/it] 60%|██████    | 21/35 [00:48<00:33,  2.37s/it] 48%|████▊     | 15/31 [00:30<00:32,  2.03s/it] 63%|██████▎   | 22/35 [00:50<00:30,  2.31s/it] 52%|█████▏    | 16/31 [00:31<00:30,  2.02s/it] 91%|█████████ | 67/74 [06:47<00:45,  6.43s/it] 66%|██████▌   | 23/35 [00:53<00:28,  2.40s/it] 55%|█████▍    | 17/31 [00:34<00:28,  2.02s/it] 69%|██████▊   | 24/35 [00:55<00:25,  2.32s/it] 58%|█████▊    | 18/31 [00:36<00:26,  2.01s/it] 71%|███████▏  | 25/35 [00:57<00:22,  2.25s/it] 61%|██████▏   | 19/31 [00:38<00:24,  2.01s/it] 92%|█████████▏| 68/74 [06:54<00:40,  6.68s/it] 74%|███████▍  | 26/35 [01:00<00:21,  2.38s/it] 65%|██████▍   | 20/31 [00:40<00:22,  2.03s/it] 77%|███████▋  | 27/35 [01:02<00:18,  2.34s/it] 68%|██████▊   | 21/31 [00:42<00:20,  2.02s/it] 80%|████████  | 28/35 [01:04<00:15,  2.28s/it] 71%|███████   | 22/31 [00:44<00:18,  2.03s/it] 93%|█████████▎| 69/74 [07:01<00:33,  6.67s/it] 74%|███████▍  | 23/31 [00:46<00:16,  2.04s/it] 83%|████████▎ | 29/35 [01:07<00:15,  2.54s/it] 77%|███████▋  | 24/31 [00:48<00:14,  2.07s/it] 86%|████████▌ | 30/35 [01:09<00:11,  2.36s/it] 81%|████████  | 25/31 [00:50<00:12,  2.10s/it] 89%|████████▊ | 31/35 [01:12<00:09,  2.38s/it] 95%|█████████▍| 70/74 [07:07<00:25,  6.48s/it] 84%|████████▍ | 26/31 [00:52<00:10,  2.12s/it] 91%|█████████▏| 32/35 [01:14<00:07,  2.35s/it] 87%|████████▋ | 27/31 [00:54<00:08,  2.08s/it] 96%|█████████▌| 71/74 [07:11<00:16,  5.64s/it] 94%|█████████▍| 33/35 [01:17<00:04,  2.36s/it] 90%|█████████ | 28/31 [00:56<00:06,  2.08s/it] 97%|█████████▋| 34/35 [01:19<00:02,  2.36s/it] 94%|█████████▎| 29/31 [00:58<00:04,  2.08s/it]100%|██████████| 35/35 [01:20<00:00,  1.94s/it]100%|██████████| 35/35 [01:20<00:00,  2.30s/it]
 97%|█████████▋| 30/31 [01:00<00:02,  2.07s/it] 97%|█████████▋| 72/74 [07:16<00:11,  5.67s/it]100%|██████████| 31/31 [01:02<00:00,  1.80s/it]100%|██████████| 31/31 [01:02<00:00,  2.00s/it]
/root/kallini_data/babylm_data/babylm_100M/bnc_spoken_parsed.json
  0%|          | 0/170 [00:00<?, ?it/s]  1%|          | 1/170 [00:00<01:14,  2.28it/s]  1%|          | 2/170 [00:00<01:13,  2.28it/s]  2%|▏         | 3/170 [00:01<01:08,  2.44it/s]  2%|▏         | 4/170 [00:01<01:05,  2.55it/s]Token indices sequence length is longer than the specified maximum sequence length for this model (1111 > 1024). Running this sequence through the model will result in indexing errors
  3%|▎         | 5/170 [00:01<00:59,  2.76it/s] 99%|█████████▊| 73/74 [07:22<00:05,  5.73s/it]  4%|▎         | 6/170 [00:02<01:06,  2.48it/s]  4%|▍         | 7/170 [00:02<01:11,  2.28it/s]100%|██████████| 74/74 [07:23<00:00,  4.21s/it]100%|██████████| 74/74 [07:23<00:00,  5.99s/it]
  5%|▍         | 8/170 [00:03<01:14,  2.18it/s]  5%|▌         | 9/170 [00:03<01:11,  2.25it/s]  6%|▌         | 10/170 [00:04<01:13,  2.18it/s]/root/kallini_data/babylm_data/babylm_100M/switchboard_parsed.json
  0%|          | 0/7 [00:00<?, ?it/s]  6%|▋         | 11/170 [00:04<01:13,  2.15it/s]  7%|▋         | 12/170 [00:05<01:16,  2.07it/s]  8%|▊         | 13/170 [00:05<01:13,  2.14it/s]  8%|▊         | 14/170 [00:06<01:24,  1.84it/s]  9%|▉         | 15/170 [00:07<01:36,  1.61it/s]  9%|▉         | 16/170 [00:07<01:27,  1.75it/s] 10%|█         | 17/170 [00:08<01:23,  1.83it/s] 11%|█         | 18/170 [00:08<01:18,  1.94it/s] 11%|█         | 19/170 [00:09<01:10,  2.14it/s] 12%|█▏        | 20/170 [00:09<01:09,  2.15it/s] 12%|█▏        | 21/170 [00:09<01:05,  2.28it/s] 14%|█▍        | 1/7 [00:05<00:32,  5.41s/it] 13%|█▎        | 22/170 [00:10<01:06,  2.22it/s] 14%|█▎        | 23/170 [00:10<01:05,  2.26it/s]/root/kallini_data/babylm_data/babylm_100M/open_subtitles_parsed.json
  0%|          | 0/214 [00:00<?, ?it/s] 14%|█▍        | 24/170 [00:11<01:03,  2.31it/s] 15%|█▍        | 25/170 [00:11<01:04,  2.25it/s] 15%|█▌        | 26/170 [00:12<01:14,  1.92it/s] 16%|█▌        | 27/170 [00:12<01:07,  2.11it/s] 16%|█▋        | 28/170 [00:13<01:00,  2.34it/s]  0%|          | 1/214 [00:02<08:09,  2.30s/it] 17%|█▋        | 29/170 [00:13<01:09,  2.02it/s] 18%|█▊        | 30/170 [00:14<01:12,  1.94it/s] 18%|█▊        | 31/170 [00:14<01:07,  2.05it/s] 29%|██▊       | 2/7 [00:10<00:26,  5.27s/it] 19%|█▉        | 32/170 [00:15<01:11,  1.94it/s]  1%|          | 2/214 [00:04<08:25,  2.39s/it] 19%|█▉        | 33/170 [00:15<01:13,  1.87it/s] 20%|██        | 34/170 [00:16<01:13,  1.86it/s] 21%|██        | 35/170 [00:16<01:10,  1.92it/s] 21%|██        | 36/170 [00:17<01:10,  1.90it/s] 22%|██▏       | 37/170 [00:17<01:10,  1.88it/s]  1%|▏         | 3/214 [00:07<08:22,  2.38s/it] 22%|██▏       | 38/170 [00:18<01:09,  1.89it/s] 23%|██▎       | 39/170 [00:19<01:16,  1.70it/s] 24%|██▎       | 40/170 [00:19<01:14,  1.75it/s] 24%|██▍       | 41/170 [00:20<01:08,  1.88it/s] 43%|████▎     | 3/7 [00:15<00:20,  5.21s/it] 25%|██▍       | 42/170 [00:20<00:58,  2.20it/s]  2%|▏         | 4/214 [00:09<08:31,  2.43s/it] 25%|██▌       | 43/170 [00:20<00:54,  2.32it/s] 26%|██▌       | 44/170 [00:21<00:56,  2.22it/s] 26%|██▋       | 45/170 [00:21<00:55,  2.26it/s] 27%|██▋       | 46/170 [00:22<00:58,  2.13it/s] 28%|██▊       | 47/170 [00:22<00:56,  2.16it/s]  2%|▏         | 5/214 [00:12<08:36,  2.47s/it] 28%|██▊       | 48/170 [00:23<00:55,  2.20it/s] 29%|██▉       | 49/170 [00:23<00:54,  2.21it/s] 29%|██▉       | 50/170 [00:24<01:01,  1.96it/s] 30%|███       | 51/170 [00:24<00:59,  2.00it/s] 57%|█████▋    | 4/7 [00:20<00:15,  5.16s/it] 31%|███       | 52/170 [00:25<01:05,  1.81it/s]  3%|▎         | 6/214 [00:14<08:49,  2.55s/it] 31%|███       | 53/170 [00:25<01:00,  1.92it/s] 32%|███▏      | 54/170 [00:26<00:54,  2.13it/s] 32%|███▏      | 55/170 [00:26<00:53,  2.16it/s] 33%|███▎      | 56/170 [00:27<00:55,  2.07it/s] 34%|███▎      | 57/170 [00:27<00:56,  1.98it/s] 34%|███▍      | 58/170 [00:28<00:54,  2.06it/s]  3%|▎         | 7/214 [00:17<08:39,  2.51s/it] 35%|███▍      | 59/170 [00:28<00:52,  2.12it/s] 35%|███▌      | 60/170 [00:29<00:50,  2.16it/s] 36%|███▌      | 61/170 [00:29<00:50,  2.17it/s] 36%|███▋      | 62/170 [00:29<00:46,  2.32it/s] 37%|███▋      | 63/170 [00:30<00:44,  2.42it/s] 71%|███████▏  | 5/7 [00:25<00:10,  5.17s/it]  4%|▎         | 8/214 [00:19<08:21,  2.44s/it] 38%|███▊      | 64/170 [00:30<00:42,  2.48it/s] 38%|███▊      | 65/170 [00:31<00:52,  2.02it/s] 39%|███▉      | 66/170 [00:31<00:48,  2.13it/s] 39%|███▉      | 67/170 [00:32<00:46,  2.21it/s] 40%|████      | 68/170 [00:32<00:47,  2.16it/s]  4%|▍         | 9/214 [00:21<08:11,  2.40s/it] 41%|████      | 69/170 [00:32<00:42,  2.35it/s] 41%|████      | 70/170 [00:33<00:36,  2.73it/s] 42%|████▏     | 71/170 [00:33<00:37,  2.63it/s] 42%|████▏     | 72/170 [00:34<00:38,  2.58it/s] 43%|████▎     | 73/170 [00:34<00:40,  2.40it/s] 44%|████▎     | 74/170 [00:34<00:38,  2.46it/s]  5%|▍         | 10/214 [00:24<08:08,  2.39s/it] 44%|████▍     | 75/170 [00:35<00:43,  2.20it/s] 86%|████████▌ | 6/7 [00:31<00:05,  5.15s/it] 45%|████▍     | 76/170 [00:35<00:42,  2.21it/s] 45%|████▌     | 77/170 [00:36<00:41,  2.24it/s] 46%|████▌     | 78/170 [00:36<00:42,  2.18it/s] 46%|████▋     | 79/170 [00:37<00:39,  2.32it/s]  5%|▌         | 11/214 [00:26<08:04,  2.38s/it] 47%|████▋     | 80/170 [00:37<00:38,  2.33it/s]100%|██████████| 7/7 [00:33<00:00,  4.25s/it]100%|██████████| 7/7 [00:33<00:00,  4.79s/it]
 48%|████▊     | 81/170 [00:38<00:38,  2.32it/s] 48%|████▊     | 82/170 [00:38<00:38,  2.27it/s] 49%|████▉     | 83/170 [00:38<00:36,  2.35it/s] 49%|████▉     | 84/170 [00:39<00:34,  2.52it/s] 50%|█████     | 85/170 [00:39<00:32,  2.65it/s]/root/kallini_data/babylm_data/babylm_100M/wikipedia_parsed.json
  0%|          | 0/35 [00:00<?, ?it/s]  6%|▌         | 12/214 [00:28<07:58,  2.37s/it] 51%|█████     | 86/170 [00:40<00:36,  2.30it/s] 51%|█████     | 87/170 [00:40<00:37,  2.23it/s] 52%|█████▏    | 88/170 [00:41<00:40,  2.00it/s] 52%|█████▏    | 89/170 [00:41<00:40,  1.98it/s]  6%|▌         | 13/214 [00:31<07:47,  2.33s/it] 53%|█████▎    | 90/170 [00:42<00:40,  1.96it/s] 54%|█████▎    | 91/170 [00:42<00:38,  2.04it/s] 54%|█████▍    | 92/170 [00:43<00:40,  1.91it/s] 55%|█████▍    | 93/170 [00:43<00:40,  1.89it/s] 55%|█████▌    | 94/170 [00:44<00:37,  2.01it/s]  7%|▋         | 14/214 [00:33<07:43,  2.32s/it] 56%|█████▌    | 95/170 [00:44<00:34,  2.18it/s] 56%|█████▋    | 96/170 [00:45<00:36,  2.04it/s] 57%|█████▋    | 97/170 [00:45<00:37,  1.95it/s] 58%|█████▊    | 98/170 [00:46<00:36,  1.95it/s]  7%|▋         | 15/214 [00:35<07:40,  2.31s/it] 58%|█████▊    | 99/170 [00:46<00:38,  1.86it/s] 59%|█████▉    | 100/170 [00:47<00:40,  1.75it/s] 59%|█████▉    | 101/170 [00:48<00:38,  1.80it/s] 60%|██████    | 102/170 [00:48<00:34,  1.96it/s] 61%|██████    | 103/170 [00:48<00:33,  2.02it/s]  7%|▋         | 16/214 [00:38<07:41,  2.33s/it]  3%|▎         | 1/35 [00:09<05:21,  9.44s/it] 61%|██████    | 104/170 [00:49<00:33,  1.98it/s] 62%|██████▏   | 105/170 [00:49<00:30,  2.12it/s] 62%|██████▏   | 106/170 [00:50<00:31,  2.06it/s] 63%|██████▎   | 107/170 [00:50<00:30,  2.09it/s] 64%|██████▎   | 108/170 [00:51<00:27,  2.22it/s]  8%|▊         | 17/214 [00:40<07:38,  2.33s/it] 64%|██████▍   | 109/170 [00:51<00:28,  2.15it/s] 65%|██████▍   | 110/170 [00:52<00:28,  2.11it/s] 65%|██████▌   | 111/170 [00:52<00:28,  2.07it/s] 66%|██████▌   | 112/170 [00:53<00:31,  1.86it/s]  8%|▊         | 18/214 [00:42<07:38,  2.34s/it] 66%|██████▋   | 113/170 [00:53<00:29,  1.96it/s] 67%|██████▋   | 114/170 [00:54<00:26,  2.15it/s] 68%|██████▊   | 115/170 [00:54<00:29,  1.88it/s] 68%|██████▊   | 116/170 [00:55<00:26,  2.02it/s] 69%|██████▉   | 117/170 [00:55<00:25,  2.07it/s]  9%|▉         | 19/214 [00:45<07:31,  2.32s/it] 69%|██████▉   | 118/170 [00:56<00:26,  2.00it/s] 70%|███████   | 119/170 [00:56<00:25,  1.97it/s] 71%|███████   | 120/170 [00:57<00:25,  1.94it/s] 71%|███████   | 121/170 [00:57<00:25,  1.95it/s]  9%|▉         | 20/214 [00:47<07:25,  2.30s/it] 72%|███████▏  | 122/170 [00:58<00:26,  1.84it/s]  6%|▌         | 2/35 [00:18<05:08,  9.34s/it] 72%|███████▏  | 123/170 [00:59<00:27,  1.70it/s] 73%|███████▎  | 124/170 [00:59<00:25,  1.84it/s] 74%|███████▎  | 125/170 [01:00<00:23,  1.93it/s] 10%|▉         | 21/214 [00:49<07:19,  2.28s/it] 74%|███████▍  | 126/170 [01:00<00:24,  1.80it/s] 75%|███████▍  | 127/170 [01:01<00:23,  1.86it/s] 75%|███████▌  | 128/170 [01:01<00:21,  1.93it/s] 76%|███████▌  | 129/170 [01:02<00:19,  2.07it/s] 76%|███████▋  | 130/170 [01:02<00:18,  2.21it/s] 10%|█         | 22/214 [00:51<07:18,  2.29s/it] 77%|███████▋  | 131/170 [01:02<00:17,  2.29it/s] 78%|███████▊  | 132/170 [01:03<00:17,  2.17it/s] 78%|███████▊  | 133/170 [01:03<00:17,  2.09it/s] 79%|███████▉  | 134/170 [01:04<00:18,  1.93it/s] 11%|█         | 23/214 [00:54<07:09,  2.25s/it] 79%|███████▉  | 135/170 [01:04<00:17,  1.96it/s] 80%|████████  | 136/170 [01:05<00:16,  2.03it/s] 81%|████████  | 137/170 [01:05<00:14,  2.29it/s] 81%|████████  | 138/170 [01:06<00:14,  2.28it/s]  9%|▊         | 3/35 [00:26<04:39,  8.74s/it] 82%|████████▏ | 139/170 [01:06<00:14,  2.21it/s] 82%|████████▏ | 140/170 [01:07<00:13,  2.18it/s] 11%|█         | 24/214 [00:56<07:05,  2.24s/it] 83%|████████▎ | 141/170 [01:07<00:11,  2.42it/s] 84%|████████▎ | 142/170 [01:07<00:11,  2.54it/s] 84%|████████▍ | 143/170 [01:08<00:11,  2.43it/s] 85%|████████▍ | 144/170 [01:08<00:09,  2.71it/s] 85%|████████▌ | 145/170 [01:09<00:10,  2.39it/s] 12%|█▏        | 25/214 [00:58<07:00,  2.23s/it] 86%|████████▌ | 146/170 [01:09<00:10,  2.37it/s] 86%|████████▋ | 147/170 [01:09<00:09,  2.38it/s] 87%|████████▋ | 148/170 [01:10<00:09,  2.41it/s] 88%|████████▊ | 149/170 [01:10<00:09,  2.29it/s] 88%|████████▊ | 150/170 [01:11<00:08,  2.24it/s] 89%|████████▉ | 151/170 [01:11<00:07,  2.46it/s] 12%|█▏        | 26/214 [01:00<07:03,  2.25s/it] 89%|████████▉ | 152/170 [01:12<00:07,  2.38it/s] 90%|█████████ | 153/170 [01:12<00:07,  2.34it/s] 91%|█████████ | 154/170 [01:13<00:07,  2.14it/s] 91%|█████████ | 155/170 [01:13<00:07,  2.06it/s] 92%|█████████▏| 156/170 [01:13<00:06,  2.14it/s] 13%|█▎        | 27/214 [01:03<07:03,  2.26s/it] 92%|█████████▏| 157/170 [01:14<00:05,  2.17it/s] 11%|█▏        | 4/35 [00:34<04:23,  8.51s/it] 93%|█████████▎| 158/170 [01:14<00:05,  2.05it/s] 94%|█████████▎| 159/170 [01:15<00:05,  2.12it/s] 94%|█████████▍| 160/170 [01:16<00:05,  1.85it/s] 13%|█▎        | 28/214 [01:05<07:00,  2.26s/it] 95%|█████████▍| 161/170 [01:16<00:04,  1.91it/s] 95%|█████████▌| 162/170 [01:17<00:03,  2.02it/s] 96%|█████████▌| 163/170 [01:17<00:03,  2.22it/s] 96%|█████████▋| 164/170 [01:17<00:02,  2.22it/s] 97%|█████████▋| 165/170 [01:18<00:02,  2.29it/s] 14%|█▎        | 29/214 [01:07<07:00,  2.27s/it] 98%|█████████▊| 166/170 [01:18<00:01,  2.22it/s] 98%|█████████▊| 167/170 [01:19<00:01,  2.06it/s] 99%|█████████▉| 168/170 [01:19<00:00,  2.20it/s] 99%|█████████▉| 169/170 [01:20<00:00,  2.21it/s]100%|██████████| 170/170 [01:20<00:00,  2.59it/s]100%|██████████| 170/170 [01:20<00:00,  2.12it/s]
 14%|█▍        | 30/214 [01:10<07:02,  2.30s/it]/root/kallini_data/babylm_data/babylm_100M/cbt_parsed.json
  0%|          | 0/53 [00:00<?, ?it/s] 14%|█▍        | 5/35 [00:42<04:06,  8.21s/it]  2%|▏         | 1/53 [00:00<00:42,  1.24it/s] 14%|█▍        | 31/214 [01:12<07:04,  2.32s/it]  4%|▍         | 2/53 [00:01<00:45,  1.13it/s]  6%|▌         | 3/53 [00:02<00:43,  1.16it/s]  8%|▊         | 4/53 [00:03<00:41,  1.18it/s] 15%|█▍        | 32/214 [01:14<07:04,  2.33s/it]  9%|▉         | 5/53 [00:04<00:40,  1.18it/s] 11%|█▏        | 6/53 [00:05<00:39,  1.20it/s] 13%|█▎        | 7/53 [00:05<00:38,  1.20it/s] 15%|█▌        | 33/214 [01:17<07:05,  2.35s/it] 17%|█▋        | 6/35 [00:48<03:33,  7.35s/it] 15%|█▌        | 8/53 [00:06<00:37,  1.21it/s] 17%|█▋        | 9/53 [00:07<00:35,  1.24it/s] 19%|█▉        | 10/53 [00:08<00:34,  1.23it/s] 16%|█▌        | 34/214 [01:19<06:59,  2.33s/it] 21%|██        | 11/53 [00:09<00:32,  1.28it/s] 23%|██▎       | 12/53 [00:09<00:31,  1.28it/s] 25%|██▍       | 13/53 [00:10<00:31,  1.27it/s] 16%|█▋        | 35/214 [01:21<06:53,  2.31s/it] 26%|██▋       | 14/53 [00:11<00:31,  1.23it/s] 28%|██▊       | 15/53 [00:12<00:32,  1.17it/s] 17%|█▋        | 36/214 [01:24<06:53,  2.32s/it] 30%|███       | 16/53 [00:13<00:32,  1.14it/s] 32%|███▏      | 17/53 [00:14<00:31,  1.13it/s] 34%|███▍      | 18/53 [00:15<00:31,  1.13it/s] 17%|█▋        | 37/214 [01:26<06:46,  2.30s/it] 20%|██        | 7/35 [00:57<03:43,  7.96s/it] 36%|███▌      | 19/53 [00:15<00:29,  1.16it/s] 38%|███▊      | 20/53 [00:16<00:28,  1.14it/s] 40%|███▉      | 21/53 [00:17<00:27,  1.14it/s] 18%|█▊        | 38/214 [01:28<06:48,  2.32s/it] 42%|████▏     | 22/53 [00:18<00:25,  1.22it/s] 43%|████▎     | 23/53 [00:19<00:24,  1.22it/s] 45%|████▌     | 24/53 [00:19<00:22,  1.26it/s] 18%|█▊        | 39/214 [01:31<06:48,  2.33s/it] 47%|████▋     | 25/53 [00:20<00:21,  1.29it/s] 49%|████▉     | 26/53 [00:21<00:20,  1.32it/s] 51%|█████     | 27/53 [00:22<00:19,  1.34it/s] 19%|█▊        | 40/214 [01:33<06:55,  2.39s/it] 53%|█████▎    | 28/53 [00:22<00:18,  1.36it/s] 55%|█████▍    | 29/53 [00:23<00:17,  1.38it/s] 23%|██▎       | 8/35 [01:06<03:40,  8.17s/it] 57%|█████▋    | 30/53 [00:24<00:16,  1.39it/s] 58%|█████▊    | 31/53 [00:24<00:15,  1.40it/s] 19%|█▉        | 41/214 [01:35<06:49,  2.37s/it] 60%|██████    | 32/53 [00:25<00:14,  1.40it/s] 62%|██████▏   | 33/53 [00:26<00:14,  1.42it/s] 64%|██████▍   | 34/53 [00:27<00:13,  1.43it/s] 20%|█▉        | 42/214 [01:38<06:44,  2.35s/it] 66%|██████▌   | 35/53 [00:27<00:12,  1.42it/s] 68%|██████▊   | 36/53 [00:28<00:12,  1.38it/s] 70%|██████▉   | 37/53 [00:29<00:11,  1.38it/s] 20%|██        | 43/214 [01:40<06:22,  2.24s/it] 72%|███████▏  | 38/53 [00:30<00:11,  1.33it/s] 74%|███████▎  | 39/53 [00:31<00:11,  1.23it/s] 26%|██▌       | 9/35 [01:13<03:22,  7.79s/it] 21%|██        | 44/214 [01:42<06:21,  2.25s/it] 75%|███████▌  | 40/53 [00:31<00:11,  1.17it/s] 77%|███████▋  | 41/53 [00:32<00:10,  1.17it/s] 79%|███████▉  | 42/53 [00:33<00:09,  1.20it/s] 21%|██        | 45/214 [01:44<06:27,  2.29s/it] 81%|████████  | 43/53 [00:34<00:08,  1.23it/s] 83%|████████▎ | 44/53 [00:35<00:06,  1.30it/s] 85%|████████▍ | 45/53 [00:35<00:05,  1.35it/s] 21%|██▏       | 46/214 [01:47<06:30,  2.32s/it] 87%|████████▋ | 46/53 [00:36<00:05,  1.36it/s] 89%|████████▊ | 47/53 [00:37<00:04,  1.37it/s] 91%|█████████ | 48/53 [00:37<00:03,  1.36it/s] 22%|██▏       | 47/214 [01:49<06:23,  2.30s/it] 92%|█████████▏| 49/53 [00:38<00:02,  1.35it/s] 94%|█████████▍| 50/53 [00:39<00:02,  1.39it/s] 29%|██▊       | 10/35 [01:21<03:19,  7.99s/it] 96%|█████████▌| 51/53 [00:40<00:01,  1.40it/s] 22%|██▏       | 48/214 [01:51<06:15,  2.26s/it] 98%|█████████▊| 52/53 [00:40<00:00,  1.40it/s]100%|██████████| 53/53 [00:41<00:00,  1.53it/s]100%|██████████| 53/53 [00:41<00:00,  1.28it/s]
/root/kallini_data/babylm_data/babylm_100M/children_stories_parsed.json
  0%|          | 0/16 [00:00<?, ?it/s] 23%|██▎       | 49/214 [01:54<06:20,  2.30s/it]  6%|▋         | 1/16 [00:01<00:27,  1.85s/it] 23%|██▎       | 50/214 [01:56<06:14,  2.28s/it] 12%|█▎        | 2/16 [00:04<00:32,  2.35s/it] 31%|███▏      | 11/35 [01:29<03:12,  8.02s/it] 24%|██▍       | 51/214 [01:58<06:12,  2.29s/it] 19%|█▉        | 3/16 [00:05<00:24,  1.91s/it] 25%|██▌       | 4/16 [00:07<00:20,  1.71s/it] 24%|██▍       | 52/214 [02:00<06:08,  2.28s/it] 31%|███▏      | 5/16 [00:08<00:17,  1.63s/it] 25%|██▍       | 53/214 [02:03<06:11,  2.31s/it] 38%|███▊      | 6/16 [00:10<00:16,  1.66s/it] 44%|████▍     | 7/16 [00:12<00:15,  1.67s/it] 25%|██▌       | 54/214 [02:05<06:12,  2.33s/it] 34%|███▍      | 12/35 [01:37<03:03,  7.97s/it] 50%|█████     | 8/16 [00:14<00:14,  1.82s/it] 26%|██▌       | 55/214 [02:07<06:14,  2.36s/it] 56%|█████▋    | 9/16 [00:16<00:12,  1.82s/it] 26%|██▌       | 56/214 [02:10<06:12,  2.36s/it] 62%|██████▎   | 10/16 [00:18<00:11,  1.86s/it] 69%|██████▉   | 11/16 [00:19<00:08,  1.77s/it] 27%|██▋       | 57/214 [02:12<06:11,  2.37s/it] 37%|███▋      | 13/35 [01:45<02:53,  7.90s/it] 75%|███████▌  | 12/16 [00:21<00:07,  1.83s/it] 27%|██▋       | 58/214 [02:15<06:06,  2.35s/it] 81%|████████▏ | 13/16 [00:23<00:05,  1.81s/it] 28%|██▊       | 59/214 [02:17<06:03,  2.35s/it] 88%|████████▊ | 14/16 [00:25<00:03,  1.89s/it] 28%|██▊       | 60/214 [02:19<05:59,  2.34s/it] 94%|█████████▍| 15/16 [00:27<00:01,  1.81s/it]100%|██████████| 16/16 [00:27<00:00,  1.41s/it]100%|██████████| 16/16 [00:27<00:00,  1.73s/it]
 40%|████      | 14/35 [01:52<02:42,  7.73s/it] 29%|██▊       | 61/214 [02:22<05:58,  2.34s/it]/root/kallini_data/babylm_data/babylm_100M/gutenberg_parsed.json
  0%|          | 0/35 [00:00<?, ?it/s] 29%|██▉       | 62/214 [02:24<05:56,  2.34s/it]  3%|▎         | 1/35 [00:02<01:20,  2.36s/it] 29%|██▉       | 63/214 [02:26<05:54,  2.35s/it]  6%|▌         | 2/35 [00:04<01:16,  2.33s/it] 43%|████▎     | 15/35 [01:59<02:28,  7.44s/it]  9%|▊         | 3/35 [00:06<01:09,  2.18s/it] 30%|██▉       | 64/214 [02:29<05:51,  2.35s/it] 11%|█▏        | 4/35 [00:08<01:07,  2.18s/it] 30%|███       | 65/214 [02:31<05:47,  2.34s/it] 14%|█▍        | 5/35 [00:11<01:05,  2.17s/it] 31%|███       | 66/214 [02:33<05:48,  2.36s/it] 17%|█▋        | 6/35 [00:13<01:04,  2.23s/it] 31%|███▏      | 67/214 [02:36<05:48,  2.37s/it] 46%|████▌     | 16/35 [02:07<02:27,  7.76s/it] 20%|██        | 7/35 [00:15<01:00,  2.16s/it] 32%|███▏      | 68/214 [02:38<05:43,  2.35s/it] 23%|██▎       | 8/35 [00:17<00:56,  2.10s/it] 32%|███▏      | 69/214 [02:40<05:36,  2.32s/it] 26%|██▌       | 9/35 [00:20<01:00,  2.34s/it] 33%|███▎      | 70/214 [02:43<05:37,  2.34s/it] 29%|██▊       | 10/35 [00:22<00:57,  2.31s/it] 49%|████▊     | 17/35 [02:16<02:24,  8.04s/it] 33%|███▎      | 71/214 [02:45<05:31,  2.32s/it] 31%|███▏      | 11/35 [00:24<00:55,  2.30s/it] 34%|███▎      | 72/214 [02:47<05:34,  2.36s/it] 34%|███▍      | 12/35 [00:27<00:54,  2.35s/it] 34%|███▍      | 73/214 [02:50<05:32,  2.36s/it] 37%|███▋      | 13/35 [00:29<00:50,  2.29s/it] 35%|███▍      | 74/214 [02:52<05:27,  2.34s/it] 40%|████      | 14/35 [00:31<00:47,  2.28s/it] 51%|█████▏    | 18/35 [02:25<02:21,  8.30s/it] 35%|███▌      | 75/214 [02:54<05:23,  2.32s/it] 43%|████▎     | 15/35 [00:33<00:45,  2.25s/it] 36%|███▌      | 76/214 [02:57<05:25,  2.36s/it] 46%|████▌     | 16/35 [00:35<00:39,  2.10s/it] 36%|███▌      | 77/214 [02:59<05:21,  2.35s/it] 49%|████▊     | 17/35 [00:37<00:36,  2.02s/it] 51%|█████▏    | 18/35 [00:39<00:35,  2.07s/it] 36%|███▋      | 78/214 [03:01<05:19,  2.35s/it] 54%|█████▍    | 19/35 [02:34<02:16,  8.56s/it] 54%|█████▍    | 19/35 [00:41<00:34,  2.13s/it] 37%|███▋      | 79/214 [03:04<05:18,  2.36s/it] 57%|█████▋    | 20/35 [00:44<00:33,  2.22s/it] 37%|███▋      | 80/214 [03:06<05:15,  2.36s/it] 38%|███▊      | 81/214 [03:09<05:14,  2.37s/it] 60%|██████    | 21/35 [00:46<00:32,  2.32s/it] 38%|███▊      | 82/214 [03:11<05:07,  2.33s/it] 63%|██████▎   | 22/35 [00:48<00:29,  2.29s/it] 57%|█████▋    | 20/35 [02:42<02:05,  8.37s/it] 39%|███▉      | 83/214 [03:13<04:59,  2.29s/it] 66%|██████▌   | 23/35 [00:51<00:28,  2.37s/it] 39%|███▉      | 84/214 [03:15<04:59,  2.30s/it] 69%|██████▊   | 24/35 [00:53<00:25,  2.29s/it] 71%|███████▏  | 25/35 [00:55<00:22,  2.21s/it] 40%|███▉      | 85/214 [03:18<05:01,  2.34s/it] 60%|██████    | 21/35 [02:50<01:54,  8.21s/it] 74%|███████▍  | 26/35 [00:58<00:20,  2.30s/it] 40%|████      | 86/214 [03:20<05:01,  2.36s/it] 77%|███████▋  | 27/35 [01:00<00:18,  2.28s/it] 41%|████      | 87/214 [03:23<05:06,  2.42s/it] 80%|████████  | 28/35 [01:02<00:15,  2.21s/it] 41%|████      | 88/214 [03:25<05:05,  2.42s/it] 63%|██████▎   | 22/35 [02:57<01:42,  7.92s/it] 83%|████████▎ | 29/35 [01:05<00:14,  2.45s/it] 42%|████▏     | 89/214 [03:28<05:01,  2.41s/it] 86%|████████▌ | 30/35 [01:07<00:11,  2.28s/it] 42%|████▏     | 90/214 [03:30<04:52,  2.36s/it] 89%|████████▊ | 31/35 [01:09<00:09,  2.32s/it] 43%|████▎     | 91/214 [03:32<04:50,  2.36s/it] 66%|██████▌   | 23/35 [03:04<01:32,  7.74s/it] 91%|█████████▏| 32/35 [01:12<00:07,  2.34s/it] 43%|████▎     | 92/214 [03:34<04:46,  2.35s/it] 94%|█████████▍| 33/35 [01:14<00:04,  2.32s/it] 43%|████▎     | 93/214 [03:37<04:38,  2.30s/it] 97%|█████████▋| 34/35 [01:16<00:02,  2.30s/it] 44%|████▍     | 94/214 [03:39<04:31,  2.27s/it]100%|██████████| 35/35 [01:17<00:00,  1.88s/it]100%|██████████| 35/35 [01:17<00:00,  2.22s/it]
 69%|██████▊   | 24/35 [03:12<01:23,  7.58s/it] 44%|████▍     | 95/214 [03:41<04:29,  2.26s/it] 45%|████▍     | 96/214 [03:43<04:31,  2.30s/it] 45%|████▌     | 97/214 [03:46<04:29,  2.31s/it] 46%|████▌     | 98/214 [03:48<04:33,  2.36s/it] 71%|███████▏  | 25/35 [03:20<01:18,  7.83s/it] 46%|████▋     | 99/214 [03:51<04:29,  2.34s/it] 47%|████▋     | 100/214 [03:53<04:23,  2.31s/it]/root/kallini_data/babylm_data/babylm_100M/open_subtitles_parsed.json
  0%|          | 0/214 [00:00<?, ?it/s] 47%|████▋     | 101/214 [03:55<04:25,  2.35s/it] 74%|███████▍  | 26/35 [03:28<01:11,  7.89s/it]  0%|          | 1/214 [00:02<07:46,  2.19s/it] 48%|████▊     | 102/214 [03:57<04:18,  2.31s/it]  1%|          | 2/214 [00:04<07:49,  2.22s/it] 48%|████▊     | 103/214 [04:00<04:16,  2.31s/it]  1%|▏         | 3/214 [00:06<08:06,  2.31s/it] 49%|████▊     | 104/214 [04:02<04:14,  2.31s/it]  2%|▏         | 4/214 [00:09<08:26,  2.41s/it] 49%|████▉     | 105/214 [04:04<04:10,  2.30s/it] 77%|███████▋  | 27/35 [03:37<01:04,  8.10s/it]  2%|▏         | 5/214 [00:11<08:13,  2.36s/it] 50%|████▉     | 106/214 [04:07<04:08,  2.30s/it]  3%|▎         | 6/214 [00:14<08:16,  2.39s/it] 50%|█████     | 107/214 [04:09<04:06,  2.30s/it]  3%|▎         | 7/214 [00:16<08:06,  2.35s/it] 50%|█████     | 108/214 [04:11<04:05,  2.31s/it]  4%|▎         | 8/214 [00:18<07:54,  2.30s/it] 51%|█████     | 109/214 [04:14<04:01,  2.30s/it] 80%|████████  | 28/35 [03:46<00:58,  8.38s/it]  4%|▍         | 9/214 [00:20<07:49,  2.29s/it] 51%|█████▏    | 110/214 [04:16<03:57,  2.28s/it]  5%|▍         | 10/214 [00:23<07:50,  2.31s/it] 52%|█████▏    | 111/214 [04:18<03:58,  2.32s/it]  5%|▌         | 11/214 [00:25<07:55,  2.34s/it] 52%|█████▏    | 112/214 [04:21<03:55,  2.31s/it]  6%|▌         | 12/214 [00:27<07:51,  2.33s/it] 53%|█████▎    | 113/214 [04:23<03:56,  2.35s/it] 83%|████████▎ | 29/35 [03:54<00:50,  8.47s/it]  6%|▌         | 13/214 [00:30<07:40,  2.29s/it] 53%|█████▎    | 114/214 [04:25<03:53,  2.33s/it]  7%|▋         | 14/214 [00:32<07:39,  2.30s/it] 54%|█████▎    | 115/214 [04:28<03:52,  2.35s/it]  7%|▋         | 15/214 [00:34<07:39,  2.31s/it] 54%|█████▍    | 116/214 [04:30<03:49,  2.34s/it] 86%|████████▌ | 30/35 [04:03<00:42,  8.41s/it]  7%|▋         | 16/214 [00:37<07:35,  2.30s/it] 55%|█████▍    | 117/214 [04:32<03:51,  2.39s/it]  8%|▊         | 17/214 [00:39<07:36,  2.32s/it] 55%|█████▌    | 118/214 [04:35<03:47,  2.37s/it]  8%|▊         | 18/214 [00:41<07:29,  2.29s/it] 56%|█████▌    | 119/214 [04:37<03:40,  2.32s/it]  9%|▉         | 19/214 [00:43<07:19,  2.25s/it] 89%|████████▊ | 31/35 [04:10<00:32,  8.20s/it] 56%|█████▌    | 120/214 [04:39<03:41,  2.36s/it]  9%|▉         | 20/214 [00:46<07:19,  2.26s/it] 57%|█████▋    | 121/214 [04:42<03:41,  2.38s/it] 10%|▉         | 21/214 [00:48<07:21,  2.29s/it] 57%|█████▋    | 122/214 [04:44<03:35,  2.34s/it] 10%|█         | 22/214 [00:50<07:18,  2.29s/it] 57%|█████▋    | 123/214 [04:46<03:29,  2.31s/it] 91%|█████████▏| 32/35 [04:18<00:24,  8.10s/it] 11%|█         | 23/214 [00:52<07:08,  2.25s/it] 58%|█████▊    | 124/214 [04:49<03:29,  2.33s/it] 11%|█         | 24/214 [00:55<07:03,  2.23s/it] 58%|█████▊    | 125/214 [04:51<03:27,  2.33s/it] 12%|█▏        | 25/214 [00:57<07:04,  2.25s/it] 59%|█████▉    | 126/214 [04:53<03:24,  2.33s/it] 12%|█▏        | 26/214 [00:59<07:02,  2.25s/it] 94%|█████████▍| 33/35 [04:26<00:15,  7.99s/it] 59%|█████▉    | 127/214 [04:56<03:25,  2.36s/it] 13%|█▎        | 27/214 [01:01<07:00,  2.25s/it] 60%|█████▉    | 128/214 [04:58<03:18,  2.31s/it] 13%|█▎        | 28/214 [01:04<07:11,  2.32s/it] 60%|██████    | 129/214 [05:01<03:21,  2.37s/it] 14%|█▎        | 29/214 [01:07<07:29,  2.43s/it] 97%|█████████▋| 34/35 [04:34<00:07,  7.90s/it] 61%|██████    | 130/214 [05:03<03:16,  2.34s/it] 14%|█▍        | 30/214 [01:09<07:22,  2.41s/it] 61%|██████    | 131/214 [05:05<03:15,  2.35s/it] 14%|█▍        | 31/214 [01:11<07:08,  2.34s/it] 62%|██████▏   | 132/214 [05:08<03:13,  2.36s/it] 15%|█▍        | 32/214 [01:13<07:00,  2.31s/it]100%|██████████| 35/35 [04:40<00:00,  7.37s/it]100%|██████████| 35/35 [04:40<00:00,  8.01s/it]
 62%|██████▏   | 133/214 [05:10<03:08,  2.32s/it] 15%|█▌        | 33/214 [01:16<06:57,  2.31s/it] 63%|██████▎   | 134/214 [05:12<03:07,  2.34s/it] 16%|█▌        | 34/214 [01:18<06:48,  2.27s/it] 63%|██████▎   | 135/214 [05:14<03:00,  2.28s/it] 16%|█▋        | 35/214 [01:20<06:48,  2.28s/it] 64%|██████▎   | 136/214 [05:17<03:00,  2.31s/it] 17%|█▋        | 36/214 [01:22<06:42,  2.26s/it]/root/kallini_data/babylm_data/babylm_test/aochildes_parsed.json
  0%|          | 0/3 [00:00<?, ?it/s] 64%|██████▍   | 137/214 [05:19<03:02,  2.37s/it] 17%|█▋        | 37/214 [01:25<06:43,  2.28s/it] 64%|██████▍   | 138/214 [05:22<02:59,  2.36s/it] 18%|█▊        | 38/214 [01:27<06:40,  2.28s/it] 33%|███▎      | 1/3 [00:04<00:09,  4.65s/it] 65%|██████▍   | 139/214 [05:24<02:55,  2.34s/it] 18%|█▊        | 39/214 [01:29<06:37,  2.27s/it] 65%|██████▌   | 140/214 [05:26<02:48,  2.28s/it] 19%|█▊        | 40/214 [01:32<06:40,  2.30s/it] 66%|██████▌   | 141/214 [05:28<02:45,  2.27s/it] 67%|██████▋   | 2/3 [00:09<00:04,  4.71s/it] 19%|█▉        | 41/214 [01:34<06:33,  2.28s/it]100%|██████████| 3/3 [00:11<00:00,  3.42s/it]100%|██████████| 3/3 [00:11<00:00,  3.77s/it]
 66%|██████▋   | 142/214 [05:30<02:43,  2.27s/it]/root/kallini_data/babylm_data/babylm_test/bnc_spoken_parsed.json
  0%|          | 0/20 [00:00<?, ?it/s] 20%|█▉        | 42/214 [01:36<06:28,  2.26s/it]  5%|▌         | 1/20 [00:01<00:25,  1.32s/it] 67%|██████▋   | 143/214 [05:33<02:42,  2.29s/it] 10%|█         | 2/20 [00:02<00:20,  1.17s/it] 20%|██        | 43/214 [01:38<06:03,  2.13s/it] 15%|█▌        | 3/20 [00:03<00:17,  1.04s/it] 67%|██████▋   | 144/214 [05:35<02:39,  2.28s/it] 21%|██        | 44/214 [01:40<06:04,  2.15s/it] 20%|██        | 4/20 [00:05<00:24,  1.56s/it] 68%|██████▊   | 145/214 [05:37<02:37,  2.28s/it] 25%|██▌       | 5/20 [00:06<00:21,  1.46s/it] 21%|██        | 45/214 [01:42<06:11,  2.20s/it] 30%|███       | 6/20 [00:08<00:19,  1.38s/it] 35%|███▌      | 7/20 [00:09<00:16,  1.28s/it] 68%|██████▊   | 146/214 [05:40<02:37,  2.31s/it] 21%|██▏       | 46/214 [01:45<06:15,  2.24s/it] 40%|████      | 8/20 [00:10<00:14,  1.19s/it] 69%|██████▊   | 147/214 [05:42<02:34,  2.31s/it] 22%|██▏       | 47/214 [01:47<06:10,  2.22s/it] 45%|████▌     | 9/20 [00:11<00:13,  1.25s/it] 22%|██▏       | 48/214 [01:49<06:03,  2.19s/it] 50%|█████     | 10/20 [00:13<00:15,  1.57s/it] 69%|██████▉   | 148/214 [05:44<02:34,  2.34s/it] 55%|█████▌    | 11/20 [00:14<00:11,  1.33s/it] 60%|██████    | 12/20 [00:15<00:09,  1.21s/it] 23%|██▎       | 49/214 [01:51<06:08,  2.23s/it] 70%|██████▉   | 149/214 [05:47<02:31,  2.33s/it] 65%|██████▌   | 13/20 [00:16<00:08,  1.17s/it] 70%|███████   | 14/20 [00:17<00:07,  1.20s/it] 23%|██▎       | 50/214 [01:53<06:05,  2.23s/it] 70%|███████   | 150/214 [05:49<02:34,  2.41s/it] 75%|███████▌  | 15/20 [00:18<00:05,  1.12s/it] 80%|████████  | 16/20 [00:19<00:04,  1.06s/it] 24%|██▍       | 51/214 [01:56<06:03,  2.23s/it] 85%|████████▌ | 17/20 [00:20<00:02,  1.01it/s] 71%|███████   | 151/214 [05:52<02:29,  2.38s/it] 90%|█████████ | 18/20 [00:21<00:01,  1.03it/s] 24%|██▍       | 52/214 [01:58<06:00,  2.23s/it] 95%|█████████▌| 19/20 [00:22<00:01,  1.04s/it] 71%|███████   | 152/214 [05:54<02:28,  2.39s/it]100%|██████████| 20/20 [00:24<00:00,  1.30s/it]100%|██████████| 20/20 [00:24<00:00,  1.23s/it]
/root/kallini_data/babylm_data/babylm_test/cbt_parsed.json
  0%|          | 0/4 [00:00<?, ?it/s] 25%|██▍       | 53/214 [02:00<06:01,  2.24s/it] 71%|███████▏  | 153/214 [05:56<02:21,  2.32s/it] 25%|██▌       | 1/4 [00:02<00:07,  2.44s/it] 25%|██▌       | 54/214 [02:02<06:01,  2.26s/it] 72%|███████▏  | 154/214 [05:59<02:22,  2.37s/it] 50%|█████     | 2/4 [00:04<00:04,  2.15s/it] 26%|██▌       | 55/214 [02:05<06:00,  2.27s/it] 72%|███████▏  | 155/214 [06:01<02:19,  2.37s/it] 75%|███████▌  | 3/4 [00:06<00:02,  2.08s/it]100%|██████████| 4/4 [00:07<00:00,  1.52s/it]100%|██████████| 4/4 [00:07<00:00,  1.76s/it]
/root/kallini_data/babylm_data/babylm_test/children_stories_parsed.json
  0%|          | 0/2 [00:00<?, ?it/s] 26%|██▌       | 56/214 [02:07<06:00,  2.28s/it] 73%|███████▎  | 156/214 [06:03<02:17,  2.37s/it] 27%|██▋       | 57/214 [02:09<06:00,  2.30s/it] 73%|███████▎  | 157/214 [06:06<02:16,  2.40s/it] 27%|██▋       | 58/214 [02:12<05:56,  2.29s/it] 50%|█████     | 1/2 [00:05<00:05,  5.49s/it] 74%|███████▍  | 158/214 [06:09<02:17,  2.46s/it] 28%|██▊       | 59/214 [02:14<05:53,  2.28s/it]100%|██████████| 2/2 [00:08<00:00,  3.90s/it]100%|██████████| 2/2 [00:08<00:00,  4.14s/it]
/root/kallini_data/babylm_data/babylm_test/gutenberg_parsed.json
  0%|          | 0/4 [00:00<?, ?it/s] 74%|███████▍  | 159/214 [06:11<02:16,  2.48s/it] 28%|██▊       | 60/214 [02:16<05:50,  2.27s/it] 75%|███████▍  | 160/214 [06:13<02:11,  2.43s/it] 29%|██▊       | 61/214 [02:18<05:47,  2.27s/it] 75%|███████▌  | 161/214 [06:16<02:06,  2.39s/it] 29%|██▉       | 62/214 [02:21<05:45,  2.27s/it] 76%|███████▌  | 162/214 [06:18<02:03,  2.38s/it] 29%|██▉       | 63/214 [02:23<05:43,  2.28s/it] 25%|██▌       | 1/4 [00:08<00:26,  8.88s/it] 76%|███████▌  | 163/214 [06:20<02:01,  2.39s/it] 30%|██▉       | 64/214 [02:25<05:42,  2.28s/it] 77%|███████▋  | 164/214 [06:23<01:58,  2.37s/it] 30%|███       | 65/214 [02:28<05:38,  2.27s/it] 31%|███       | 66/214 [02:30<05:37,  2.28s/it] 77%|███████▋  | 165/214 [06:25<01:59,  2.44s/it] 31%|███▏      | 67/214 [02:32<05:38,  2.30s/it] 50%|█████     | 2/4 [00:16<00:16,  8.21s/it] 78%|███████▊  | 166/214 [06:28<01:53,  2.37s/it] 32%|███▏      | 68/214 [02:34<05:32,  2.28s/it] 78%|███████▊  | 167/214 [06:30<01:51,  2.38s/it] 32%|███▏      | 69/214 [02:37<05:26,  2.25s/it] 79%|███████▊  | 168/214 [06:32<01:49,  2.38s/it] 33%|███▎      | 70/214 [02:39<05:27,  2.27s/it] 75%|███████▌  | 3/4 [00:23<00:07,  7.66s/it] 79%|███████▉  | 169/214 [06:35<01:45,  2.35s/it]100%|██████████| 4/4 [00:25<00:00,  5.26s/it]100%|██████████| 4/4 [00:25<00:00,  6.30s/it]
 33%|███▎      | 71/214 [02:41<05:29,  2.31s/it] 79%|███████▉  | 170/214 [06:37<01:42,  2.33s/it]/root/kallini_data/babylm_data/babylm_test/open_subtitles_parsed.json
  0%|          | 0/20 [00:00<?, ?it/s] 34%|███▎      | 72/214 [02:44<05:31,  2.33s/it] 80%|███████▉  | 171/214 [06:39<01:39,  2.32s/it] 34%|███▍      | 73/214 [02:46<05:35,  2.38s/it] 80%|████████  | 172/214 [06:42<01:39,  2.37s/it]  5%|▌         | 1/20 [00:05<01:41,  5.34s/it] 35%|███▍      | 74/214 [02:49<05:32,  2.38s/it] 81%|████████  | 173/214 [06:44<01:37,  2.38s/it] 35%|███▌      | 75/214 [02:51<05:31,  2.39s/it] 81%|████████▏ | 174/214 [06:46<01:35,  2.39s/it] 10%|█         | 2/20 [00:10<01:34,  5.27s/it] 36%|███▌      | 76/214 [02:54<05:36,  2.44s/it] 82%|████████▏ | 175/214 [06:49<01:38,  2.53s/it] 36%|███▌      | 77/214 [02:56<05:29,  2.41s/it] 82%|████████▏ | 176/214 [06:52<01:35,  2.52s/it] 36%|███▋      | 78/214 [02:58<05:26,  2.40s/it] 15%|█▌        | 3/20 [00:15<01:30,  5.34s/it] 83%|████████▎ | 177/214 [06:54<01:31,  2.47s/it] 37%|███▋      | 79/214 [03:01<05:23,  2.39s/it] 83%|████████▎ | 178/214 [06:57<01:29,  2.49s/it] 37%|███▋      | 80/214 [03:04<05:40,  2.54s/it] 84%|████████▎ | 179/214 [06:59<01:25,  2.43s/it] 20%|██        | 4/20 [00:21<01:25,  5.36s/it] 38%|███▊      | 81/214 [03:06<05:33,  2.51s/it] 84%|████████▍ | 180/214 [07:01<01:22,  2.43s/it] 38%|███▊      | 82/214 [03:08<05:21,  2.43s/it] 85%|████████▍ | 181/214 [07:04<01:21,  2.46s/it] 25%|██▌       | 5/20 [00:26<01:21,  5.42s/it] 39%|███▉      | 83/214 [03:10<05:10,  2.37s/it] 85%|████████▌ | 182/214 [07:06<01:17,  2.42s/it] 39%|███▉      | 84/214 [03:13<05:04,  2.35s/it] 86%|████████▌ | 183/214 [07:09<01:14,  2.39s/it] 30%|███       | 6/20 [00:32<01:14,  5.34s/it] 40%|███▉      | 85/214 [03:15<05:01,  2.34s/it] 86%|████████▌ | 184/214 [07:11<01:10,  2.36s/it] 40%|████      | 86/214 [03:17<04:58,  2.33s/it] 86%|████████▋ | 185/214 [07:13<01:08,  2.35s/it] 41%|████      | 87/214 [03:20<04:53,  2.31s/it] 35%|███▌      | 7/20 [00:37<01:10,  5.39s/it] 87%|████████▋ | 186/214 [07:16<01:05,  2.34s/it] 41%|████      | 88/214 [03:22<04:57,  2.36s/it] 87%|████████▋ | 187/214 [07:18<01:03,  2.35s/it] 42%|████▏     | 89/214 [03:24<04:53,  2.35s/it] 88%|████████▊ | 188/214 [07:20<01:00,  2.33s/it] 40%|████      | 8/20 [00:42<01:04,  5.37s/it] 42%|████▏     | 90/214 [03:27<04:45,  2.30s/it] 88%|████████▊ | 189/214 [07:22<00:57,  2.32s/it] 43%|████▎     | 91/214 [03:29<04:42,  2.30s/it] 89%|████████▉ | 190/214 [07:25<00:56,  2.37s/it] 45%|████▌     | 9/20 [00:48<00:59,  5.45s/it] 43%|████▎     | 92/214 [03:31<04:38,  2.28s/it] 89%|████████▉ | 191/214 [07:28<00:55,  2.42s/it] 43%|████▎     | 93/214 [03:33<04:32,  2.25s/it] 90%|████████▉ | 192/214 [07:30<00:52,  2.39s/it] 44%|████▍     | 94/214 [03:36<04:25,  2.22s/it] 50%|█████     | 10/20 [00:54<00:55,  5.52s/it] 90%|█████████ | 193/214 [07:32<00:49,  2.36s/it] 44%|████▍     | 95/214 [03:38<04:24,  2.23s/it] 91%|█████████ | 194/214 [07:34<00:47,  2.35s/it] 45%|████▍     | 96/214 [03:40<04:24,  2.25s/it]Token indices sequence length is longer than the specified maximum sequence length for this model (4107 > 1024). Running this sequence through the model will result in indexing errors
 91%|█████████ | 195/214 [07:37<00:44,  2.36s/it] 55%|█████▌    | 11/20 [00:59<00:48,  5.34s/it] 45%|████▌     | 97/214 [03:42<04:22,  2.24s/it] 92%|█████████▏| 196/214 [07:39<00:42,  2.34s/it] 46%|████▌     | 98/214 [03:45<04:21,  2.25s/it] 92%|█████████▏| 197/214 [07:42<00:40,  2.38s/it] 46%|████▋     | 99/214 [03:47<04:24,  2.30s/it] 60%|██████    | 12/20 [01:04<00:42,  5.31s/it] 93%|█████████▎| 198/214 [07:44<00:38,  2.41s/it] 47%|████▋     | 100/214 [03:50<04:31,  2.38s/it] 93%|█████████▎| 199/214 [07:46<00:35,  2.34s/it] 47%|████▋     | 101/214 [03:52<04:32,  2.41s/it] 65%|██████▌   | 13/20 [01:10<00:38,  5.43s/it] 93%|█████████▎| 200/214 [07:49<00:32,  2.33s/it] 48%|████▊     | 102/214 [03:54<04:26,  2.38s/it] 94%|█████████▍| 201/214 [07:51<00:29,  2.30s/it] 48%|████▊     | 103/214 [03:57<04:25,  2.39s/it] 94%|█████████▍| 202/214 [07:53<00:27,  2.28s/it] 70%|███████   | 14/20 [01:15<00:33,  5.52s/it] 49%|████▊     | 104/214 [03:59<04:21,  2.37s/it] 95%|█████████▍| 203/214 [07:55<00:25,  2.33s/it] 49%|████▉     | 105/214 [04:01<04:13,  2.33s/it] 95%|█████████▌| 204/214 [07:58<00:23,  2.35s/it] 50%|████▉     | 106/214 [04:04<04:09,  2.31s/it] 75%|███████▌  | 15/20 [01:21<00:28,  5.64s/it] 96%|█████████▌| 205/214 [08:00<00:21,  2.38s/it] 50%|█████     | 107/214 [04:06<04:04,  2.29s/it] 96%|█████████▋| 206/214 [08:03<00:19,  2.38s/it] 50%|█████     | 108/214 [04:08<04:00,  2.27s/it] 80%|████████  | 16/20 [01:27<00:22,  5.60s/it] 97%|█████████▋| 207/214 [08:05<00:16,  2.39s/it] 51%|█████     | 109/214 [04:10<03:56,  2.25s/it] 97%|█████████▋| 208/214 [08:08<00:14,  2.38s/it] 51%|█████▏    | 110/214 [04:12<03:52,  2.23s/it] 98%|█████████▊| 209/214 [08:10<00:11,  2.37s/it] 52%|█████▏    | 111/214 [04:15<03:54,  2.27s/it] 85%|████████▌ | 17/20 [01:32<00:16,  5.52s/it] 98%|█████████▊| 210/214 [08:12<00:09,  2.34s/it] 52%|█████▏    | 112/214 [04:17<03:51,  2.27s/it] 99%|█████████▊| 211/214 [08:14<00:06,  2.31s/it] 53%|█████▎    | 113/214 [04:19<03:54,  2.32s/it] 90%|█████████ | 18/20 [01:37<00:10,  5.46s/it] 99%|█████████▉| 212/214 [08:17<00:04,  2.40s/it] 53%|█████▎    | 114/214 [04:22<03:49,  2.29s/it] 54%|█████▎    | 115/214 [04:24<03:45,  2.28s/it]100%|█████████▉| 213/214 [08:19<00:02,  2.37s/it]100%|██████████| 214/214 [08:20<00:00,  1.85s/it]100%|██████████| 214/214 [08:20<00:00,  2.34s/it]
 95%|█████████▌| 19/20 [01:43<00:05,  5.46s/it] 54%|█████▍    | 116/214 [04:26<03:42,  2.27s/it]100%|██████████| 20/20 [01:44<00:00,  4.23s/it]100%|██████████| 20/20 [01:44<00:00,  5.24s/it]
/root/kallini_data/babylm_data/babylm_test/qed_parsed.json
  0%|          | 0/5 [00:00<?, ?it/s] 55%|█████▍    | 117/214 [04:29<03:41,  2.28s/it]/root/kallini_data/babylm_data/babylm_100M/qed_parsed.json
  0%|          | 0/37 [00:00<?, ?it/s] 55%|█████▌    | 118/214 [04:31<03:38,  2.27s/it] 56%|█████▌    | 119/214 [04:33<03:32,  2.24s/it]  3%|▎         | 1/37 [00:02<01:41,  2.83s/it] 56%|█████▌    | 120/214 [04:35<03:31,  2.25s/it] 20%|██        | 1/5 [00:07<00:29,  7.40s/it]  5%|▌         | 2/37 [00:05<01:41,  2.91s/it] 57%|█████▋    | 121/214 [04:37<03:30,  2.26s/it]  8%|▊         | 3/37 [00:08<01:38,  2.89s/it] 57%|█████▋    | 122/214 [04:40<03:26,  2.25s/it] 57%|█████▋    | 123/214 [04:42<03:22,  2.23s/it] 11%|█         | 4/37 [00:11<01:34,  2.87s/it] 40%|████      | 2/5 [00:14<00:22,  7.51s/it] 58%|█████▊    | 124/214 [04:44<03:28,  2.31s/it] 14%|█▎        | 5/37 [00:14<01:32,  2.90s/it] 58%|█████▊    | 125/214 [04:47<03:25,  2.31s/it] 16%|█▌        | 6/37 [00:17<01:29,  2.90s/it] 59%|█████▉    | 126/214 [04:49<03:24,  2.32s/it] 60%|██████    | 3/5 [00:21<00:14,  7.18s/it] 19%|█▉        | 7/37 [00:20<01:27,  2.91s/it] 59%|█████▉    | 127/214 [04:52<03:26,  2.38s/it] 60%|█████▉    | 128/214 [04:54<03:19,  2.32s/it] 22%|██▏       | 8/37 [00:23<01:25,  2.96s/it] 60%|██████    | 129/214 [04:56<03:22,  2.38s/it] 24%|██▍       | 9/37 [00:26<01:22,  2.95s/it] 80%|████████  | 4/5 [00:29<00:07,  7.36s/it] 61%|██████    | 130/214 [04:58<03:15,  2.33s/it] 27%|██▋       | 10/37 [00:29<01:19,  2.94s/it] 61%|██████    | 131/214 [05:01<03:12,  2.32s/it]100%|██████████| 5/5 [00:32<00:00,  5.96s/it]100%|██████████| 5/5 [00:32<00:00,  6.58s/it]
/root/kallini_data/babylm_data/babylm_test/simple_wikipedia_parsed.json
  0%|          | 0/9 [00:00<?, ?it/s] 30%|██▉       | 11/37 [00:32<01:16,  2.95s/it] 62%|██████▏   | 132/214 [05:03<03:10,  2.33s/it] 62%|██████▏   | 133/214 [05:05<03:05,  2.29s/it] 32%|███▏      | 12/37 [00:34<01:12,  2.91s/it] 11%|█         | 1/9 [00:05<00:41,  5.24s/it] 63%|██████▎   | 134/214 [05:08<03:02,  2.28s/it] 35%|███▌      | 13/37 [00:37<01:10,  2.93s/it] 63%|██████▎   | 135/214 [05:10<02:55,  2.22s/it] 38%|███▊      | 14/37 [00:40<01:07,  2.92s/it] 64%|██████▎   | 136/214 [05:12<02:55,  2.25s/it] 22%|██▏       | 2/9 [00:10<00:38,  5.54s/it] 64%|██████▍   | 137/214 [05:14<02:54,  2.26s/it] 41%|████      | 15/37 [00:43<01:05,  2.96s/it] 64%|██████▍   | 138/214 [05:17<02:52,  2.27s/it] 43%|████▎     | 16/37 [00:46<01:01,  2.93s/it] 33%|███▎      | 3/9 [00:16<00:31,  5.31s/it] 65%|██████▍   | 139/214 [05:19<02:50,  2.27s/it] 46%|████▌     | 17/37 [00:49<00:59,  2.98s/it] 65%|██████▌   | 140/214 [05:21<02:43,  2.22s/it] 44%|████▍     | 4/9 [00:21<00:26,  5.35s/it] 49%|████▊     | 18/37 [00:52<00:55,  2.94s/it] 66%|██████▌   | 141/214 [05:23<02:41,  2.21s/it] 66%|██████▋   | 142/214 [05:26<02:50,  2.36s/it] 51%|█████▏    | 19/37 [00:55<00:53,  2.98s/it] 67%|██████▋   | 143/214 [05:28<02:49,  2.39s/it] 54%|█████▍    | 20/37 [00:58<00:50,  2.98s/it] 56%|█████▌    | 5/9 [00:27<00:22,  5.68s/it] 67%|██████▋   | 144/214 [05:31<02:46,  2.38s/it] 57%|█████▋    | 21/37 [01:01<00:47,  2.96s/it] 68%|██████▊   | 145/214 [05:33<02:43,  2.37s/it] 59%|█████▉    | 22/37 [01:04<00:44,  2.99s/it] 68%|██████▊   | 146/214 [05:35<02:40,  2.36s/it] 67%|██████▋   | 6/9 [00:34<00:17,  5.95s/it] 69%|██████▊   | 147/214 [05:38<02:35,  2.33s/it] 62%|██████▏   | 23/37 [01:07<00:42,  3.02s/it] 69%|██████▉   | 148/214 [05:40<02:32,  2.30s/it] 65%|██████▍   | 24/37 [01:10<00:39,  3.03s/it] 78%|███████▊  | 7/9 [00:40<00:12,  6.02s/it] 70%|██████▉   | 149/214 [05:42<02:29,  2.30s/it] 68%|██████▊   | 25/37 [01:13<00:35,  2.95s/it] 70%|███████   | 150/214 [05:44<02:28,  2.32s/it] 71%|███████   | 151/214 [05:47<02:25,  2.31s/it] 70%|███████   | 26/37 [01:16<00:32,  2.92s/it] 89%|████████▉ | 8/9 [00:46<00:06,  6.19s/it] 71%|███████   | 152/214 [05:49<02:23,  2.32s/it] 73%|███████▎  | 27/37 [01:19<00:29,  2.97s/it] 71%|███████▏  | 153/214 [05:51<02:17,  2.25s/it] 76%|███████▌  | 28/37 [01:22<00:27,  3.00s/it] 72%|███████▏  | 154/214 [05:54<02:16,  2.28s/it]100%|██████████| 9/9 [00:52<00:00,  5.91s/it]100%|██████████| 9/9 [00:52<00:00,  5.80s/it]
/root/kallini_data/babylm_data/babylm_test/switchboard_parsed.json
  0%|          | 0/1 [00:00<?, ?it/s] 72%|███████▏  | 155/214 [05:56<02:15,  2.29s/it] 78%|███████▊  | 29/37 [01:25<00:23,  2.98s/it]100%|██████████| 1/1 [00:04<00:00,  4.02s/it]100%|██████████| 1/1 [00:04<00:00,  4.03s/it]
 73%|███████▎  | 156/214 [05:58<02:12,  2.29s/it]/root/kallini_data/babylm_data/babylm_test/wikipedia_parsed.json
  0%|          | 0/5 [00:00<?, ?it/s] 81%|████████  | 30/37 [01:28<00:20,  2.94s/it] 73%|███████▎  | 157/214 [06:00<02:09,  2.27s/it] 84%|████████▍ | 31/37 [01:31<00:17,  2.93s/it] 74%|███████▍  | 158/214 [06:03<02:09,  2.31s/it] 86%|████████▋ | 32/37 [01:34<00:14,  2.92s/it] 74%|███████▍  | 159/214 [06:05<02:07,  2.31s/it] 20%|██        | 1/5 [00:06<00:27,  6.99s/it] 75%|███████▍  | 160/214 [06:07<02:04,  2.30s/it] 89%|████████▉ | 33/37 [01:37<00:11,  2.92s/it] 75%|███████▌  | 161/214 [06:10<02:00,  2.27s/it] 92%|█████████▏| 34/37 [01:39<00:08,  2.83s/it] 76%|███████▌  | 162/214 [06:12<01:58,  2.27s/it] 40%|████      | 2/5 [00:14<00:21,  7.10s/it] 95%|█████████▍| 35/37 [01:42<00:05,  2.81s/it] 76%|███████▌  | 163/214 [06:14<01:56,  2.28s/it] 97%|█████████▋| 36/37 [01:45<00:02,  2.95s/it] 77%|███████▋  | 164/214 [06:16<01:54,  2.29s/it] 77%|███████▋  | 165/214 [06:19<01:52,  2.29s/it]100%|██████████| 37/37 [01:48<00:00,  2.83s/it]100%|██████████| 37/37 [01:48<00:00,  2.93s/it]
 60%|██████    | 3/5 [00:22<00:14,  7.46s/it] 78%|███████▊  | 166/214 [06:21<01:47,  2.24s/it] 78%|███████▊  | 167/214 [06:23<01:46,  2.28s/it]/root/kallini_data/babylm_data/babylm_100M/simple_wikipedia_parsed.json
  0%|          | 0/74 [00:00<?, ?it/s] 79%|███████▊  | 168/214 [06:26<01:45,  2.28s/it]  1%|▏         | 1/74 [00:02<02:29,  2.04s/it] 80%|████████  | 4/5 [00:29<00:07,  7.27s/it] 79%|███████▉  | 169/214 [06:28<01:42,  2.27s/it]  3%|▎         | 2/74 [00:04<02:29,  2.07s/it]  4%|▍         | 3/74 [00:06<02:25,  2.05s/it] 79%|███████▉  | 170/214 [06:30<01:38,  2.24s/it]100%|██████████| 5/5 [00:32<00:00,  5.82s/it]100%|██████████| 5/5 [00:32<00:00,  6.46s/it]
  5%|▌         | 4/74 [00:08<02:24,  2.07s/it] 80%|███████▉  | 171/214 [06:32<01:36,  2.24s/it]  7%|▋         | 5/74 [00:10<02:23,  2.08s/it] 80%|████████  | 172/214 [06:34<01:35,  2.27s/it]  8%|▊         | 6/74 [00:12<02:20,  2.06s/it] 81%|████████  | 173/214 [06:37<01:34,  2.30s/it]  9%|▉         | 7/74 [00:14<02:21,  2.11s/it] 81%|████████▏ | 174/214 [06:39<01:30,  2.27s/it] 11%|█         | 8/74 [00:16<02:22,  2.16s/it] 82%|████████▏ | 175/214 [06:42<01:33,  2.41s/it]/root/kallini_data/babylm_data/babylm_100M/aochildes_parsed.json
  0%|          | 0/31 [00:00<?, ?it/s] 12%|█▏        | 9/74 [00:18<02:14,  2.07s/it]  3%|▎         | 1/31 [00:01<00:58,  1.94s/it] 82%|████████▏ | 176/214 [06:44<01:30,  2.39s/it] 14%|█▎        | 10/74 [00:20<02:10,  2.04s/it]  6%|▋         | 2/31 [00:03<00:55,  1.91s/it] 15%|█▍        | 11/74 [00:22<02:07,  2.02s/it] 83%|████████▎ | 177/214 [06:46<01:27,  2.37s/it] 10%|▉         | 3/31 [00:05<00:53,  1.90s/it] 16%|█▌        | 12/74 [00:24<02:04,  2.01s/it] 83%|████████▎ | 178/214 [06:49<01:26,  2.41s/it] 13%|█▎        | 4/31 [00:07<00:51,  1.92s/it] 18%|█▊        | 13/74 [00:26<02:07,  2.09s/it] 84%|████████▎ | 179/214 [06:51<01:21,  2.34s/it] 16%|█▌        | 5/31 [00:09<00:49,  1.91s/it] 19%|█▉        | 14/74 [00:28<02:02,  2.04s/it] 19%|█▉        | 6/31 [00:11<00:47,  1.91s/it] 84%|████████▍ | 180/214 [06:53<01:19,  2.34s/it] 20%|██        | 15/74 [00:30<01:59,  2.02s/it] 23%|██▎       | 7/31 [00:13<00:45,  1.91s/it] 85%|████████▍ | 181/214 [06:56<01:18,  2.36s/it] 22%|██▏       | 16/74 [00:32<01:56,  2.01s/it] 26%|██▌       | 8/31 [00:15<00:43,  1.90s/it] 85%|████████▌ | 182/214 [06:58<01:13,  2.30s/it] 23%|██▎       | 17/74 [00:34<01:53,  1.99s/it] 29%|██▉       | 9/31 [00:17<00:41,  1.89s/it] 86%|████████▌ | 183/214 [07:00<01:10,  2.28s/it] 24%|██▍       | 18/74 [00:36<01:51,  2.00s/it] 32%|███▏      | 10/31 [00:19<00:40,  1.91s/it] 86%|████████▌ | 184/214 [07:03<01:08,  2.27s/it] 26%|██▌       | 19/74 [00:38<01:51,  2.02s/it] 35%|███▌      | 11/31 [00:21<00:38,  1.93s/it] 86%|████████▋ | 185/214 [07:05<01:05,  2.27s/it] 27%|██▋       | 20/74 [00:41<01:52,  2.08s/it] 39%|███▊      | 12/31 [00:23<00:36,  1.94s/it] 42%|████▏     | 13/31 [00:25<00:35,  1.95s/it] 28%|██▊       | 21/74 [00:43<01:51,  2.10s/it] 87%|████████▋ | 186/214 [07:07<01:03,  2.26s/it] 45%|████▌     | 14/31 [00:27<00:33,  1.97s/it] 30%|██▉       | 22/74 [00:45<01:47,  2.06s/it] 87%|████████▋ | 187/214 [07:09<01:01,  2.27s/it] 48%|████▊     | 15/31 [00:28<00:31,  1.97s/it] 31%|███       | 23/74 [00:47<01:49,  2.16s/it] 88%|████████▊ | 188/214 [07:12<00:58,  2.26s/it] 52%|█████▏    | 16/31 [00:30<00:29,  1.97s/it] 32%|███▏      | 24/74 [00:49<01:50,  2.21s/it] 88%|████████▊ | 189/214 [07:14<00:56,  2.26s/it] 55%|█████▍    | 17/31 [00:32<00:27,  1.98s/it] 34%|███▍      | 25/74 [00:52<01:51,  2.28s/it] 89%|████████▉ | 190/214 [07:16<00:54,  2.27s/it] 58%|█████▊    | 18/31 [00:34<00:25,  1.98s/it] 35%|███▌      | 26/74 [00:54<01:48,  2.26s/it] 89%|████████▉ | 191/214 [07:18<00:52,  2.28s/it] 61%|██████▏   | 19/31 [00:36<00:23,  1.98s/it] 36%|███▋      | 27/74 [00:56<01:47,  2.29s/it] 90%|████████▉ | 192/214 [07:21<00:50,  2.28s/it] 65%|██████▍   | 20/31 [00:38<00:21,  1.99s/it] 68%|██████▊   | 21/31 [00:40<00:19,  1.99s/it] 38%|███▊      | 28/74 [00:59<01:44,  2.27s/it] 90%|█████████ | 193/214 [07:23<00:47,  2.26s/it] 71%|███████   | 22/31 [00:42<00:17,  2.00s/it] 39%|███▉      | 29/74 [01:01<01:41,  2.26s/it] 91%|█████████ | 194/214 [07:25<00:45,  2.26s/it] 74%|███████▍  | 23/31 [00:44<00:16,  2.00s/it] 41%|████      | 30/74 [01:03<01:37,  2.22s/it] 91%|█████████ | 195/214 [07:27<00:43,  2.27s/it] 77%|███████▋  | 24/31 [00:46<00:14,  2.01s/it] 42%|████▏     | 31/74 [01:05<01:35,  2.22s/it] 92%|█████████▏| 196/214 [07:30<00:41,  2.28s/it] 81%|████████  | 25/31 [00:48<00:12,  2.00s/it] 43%|████▎     | 32/74 [01:07<01:29,  2.13s/it] 92%|█████████▏| 197/214 [07:32<00:39,  2.30s/it] 84%|████████▍ | 26/31 [00:51<00:10,  2.07s/it] 45%|████▍     | 33/74 [01:09<01:25,  2.08s/it] 93%|█████████▎| 198/214 [07:34<00:36,  2.29s/it] 87%|████████▋ | 27/31 [00:53<00:08,  2.10s/it] 46%|████▌     | 34/74 [01:11<01:21,  2.05s/it] 93%|█████████▎| 199/214 [07:37<00:33,  2.24s/it] 90%|█████████ | 28/31 [00:55<00:06,  2.09s/it] 47%|████▋     | 35/74 [01:13<01:20,  2.05s/it] 93%|█████████▎| 200/214 [07:39<00:31,  2.25s/it] 94%|█████████▎| 29/31 [00:57<00:04,  2.07s/it] 49%|████▊     | 36/74 [01:15<01:17,  2.03s/it] 94%|█████████▍| 201/214 [07:41<00:28,  2.23s/it] 97%|█████████▋| 30/31 [00:59<00:02,  2.06s/it] 50%|█████     | 37/74 [01:17<01:16,  2.06s/it]100%|██████████| 31/31 [01:00<00:00,  1.79s/it]100%|██████████| 31/31 [01:00<00:00,  1.96s/it]
 94%|█████████▍| 202/214 [07:43<00:26,  2.22s/it] 51%|█████▏    | 38/74 [01:20<01:16,  2.12s/it]/root/kallini_data/babylm_data/babylm_100M/bnc_spoken_parsed.json
  0%|          | 0/170 [00:00<?, ?it/s] 95%|█████████▍| 203/214 [07:46<00:25,  2.29s/it]  1%|          | 1/170 [00:00<01:12,  2.32it/s] 53%|█████▎    | 39/74 [01:22<01:18,  2.25s/it]  1%|          | 2/170 [00:00<01:11,  2.36it/s]  2%|▏         | 3/170 [00:01<01:06,  2.52it/s]  2%|▏         | 4/170 [00:01<01:03,  2.60it/s]Token indices sequence length is longer than the specified maximum sequence length for this model (1111 > 1024). Running this sequence through the model will result in indexing errors
  3%|▎         | 5/170 [00:01<00:54,  3.01it/s]  4%|▎         | 6/170 [00:02<00:57,  2.85it/s] 95%|█████████▌| 204/214 [07:48<00:22,  2.29s/it]  4%|▍         | 7/170 [00:02<01:03,  2.55it/s] 54%|█████▍    | 40/74 [01:24<01:16,  2.26s/it]  5%|▍         | 8/170 [00:03<01:05,  2.49it/s]  5%|▌         | 9/170 [00:03<01:03,  2.55it/s]  6%|▌         | 10/170 [00:03<01:04,  2.48it/s]  6%|▋         | 11/170 [00:04<01:06,  2.39it/s] 96%|█████████▌| 205/214 [07:50<00:20,  2.30s/it]  7%|▋         | 12/170 [00:04<01:09,  2.27it/s]  8%|▊         | 13/170 [00:05<01:06,  2.36it/s] 55%|█████▌    | 41/74 [01:27<01:15,  2.28s/it]  8%|▊         | 14/170 [00:05<01:16,  2.03it/s]  9%|▉         | 15/170 [00:06<01:27,  1.76it/s]  9%|▉         | 16/170 [00:07<01:20,  1.92it/s] 96%|█████████▋| 206/214 [07:53<00:18,  2.32s/it] 10%|█         | 17/170 [00:07<01:16,  2.00it/s] 57%|█████▋    | 42/74 [01:29<01:11,  2.23s/it] 11%|█         | 18/170 [00:07<01:11,  2.13it/s] 11%|█         | 19/170 [00:08<01:05,  2.31it/s] 12%|█▏        | 20/170 [00:08<01:04,  2.34it/s] 12%|█▏        | 21/170 [00:08<00:59,  2.51it/s] 13%|█▎        | 22/170 [00:09<01:00,  2.45it/s] 97%|█████████▋| 207/214 [07:55<00:16,  2.33s/it] 14%|█▎        | 23/170 [00:09<00:58,  2.50it/s] 58%|█████▊    | 43/74 [01:31<01:10,  2.28s/it] 14%|█▍        | 24/170 [00:10<00:57,  2.54it/s] 15%|█▍        | 25/170 [00:10<00:58,  2.47it/s] 15%|█▌        | 26/170 [00:11<01:08,  2.10it/s] 16%|█▌        | 27/170 [00:11<01:02,  2.28it/s] 97%|█████████▋| 208/214 [07:57<00:13,  2.31s/it] 16%|█▋        | 28/170 [00:11<00:56,  2.49it/s] 59%|█████▉    | 44/74 [01:34<01:09,  2.33s/it] 17%|█▋        | 29/170 [00:12<01:05,  2.14it/s] 18%|█▊        | 30/170 [00:13<01:09,  2.02it/s] 18%|█▊        | 31/170 [00:13<01:05,  2.13it/s] 98%|█████████▊| 209/214 [07:59<00:11,  2.30s/it] 19%|█▉        | 32/170 [00:14<01:09,  1.99it/s] 61%|██████    | 45/74 [01:36<01:07,  2.31s/it] 19%|█▉        | 33/170 [00:14<01:10,  1.93it/s] 20%|██        | 34/170 [00:15<01:10,  1.92it/s] 21%|██        | 35/170 [00:15<01:08,  1.96it/s] 21%|██        | 36/170 [00:16<01:09,  1.93it/s] 98%|█████████▊| 210/214 [08:02<00:09,  2.27s/it] 22%|██▏       | 37/170 [00:16<01:09,  1.92it/s] 62%|██████▏   | 46/74 [01:38<01:04,  2.30s/it] 22%|██▏       | 38/170 [00:17<01:08,  1.93it/s] 23%|██▎       | 39/170 [00:17<01:11,  1.83it/s] 24%|██▎       | 40/170 [00:18<01:05,  1.98it/s] 99%|█████████▊| 211/214 [08:04<00:06,  2.25s/it] 24%|██▍       | 41/170 [00:18<01:00,  2.12it/s] 25%|██▍       | 42/170 [00:18<00:52,  2.42it/s] 25%|██▌       | 43/170 [00:19<00:50,  2.50it/s] 64%|██████▎   | 47/74 [01:41<01:02,  2.33s/it] 26%|██▌       | 44/170 [00:19<00:54,  2.33it/s] 26%|██▋       | 45/170 [00:20<00:52,  2.36it/s] 27%|██▋       | 46/170 [00:20<00:56,  2.20it/s] 99%|█████████▉| 212/214 [08:06<00:04,  2.33s/it] 28%|██▊       | 47/170 [00:21<00:55,  2.23it/s] 28%|██▊       | 48/170 [00:21<00:54,  2.26it/s] 65%|██████▍   | 48/74 [01:43<01:00,  2.33s/it] 29%|██▉       | 49/170 [00:22<00:53,  2.26it/s] 29%|██▉       | 50/170 [00:22<00:59,  2.00it/s] 30%|███       | 51/170 [00:23<00:58,  2.04it/s]100%|█████████▉| 213/214 [08:09<00:02,  2.30s/it]100%|██████████| 214/214 [08:09<00:00,  1.79s/it]100%|██████████| 214/214 [08:09<00:00,  2.29s/it]
 31%|███       | 52/170 [00:23<01:03,  1.85it/s] 66%|██████▌   | 49/74 [01:45<00:57,  2.31s/it] 31%|███       | 53/170 [00:24<00:59,  1.97it/s] 32%|███▏      | 54/170 [00:24<00:53,  2.17it/s] 32%|███▏      | 55/170 [00:25<00:52,  2.19it/s] 33%|███▎      | 56/170 [00:25<00:54,  2.11it/s] 68%|██████▊   | 50/74 [01:47<00:54,  2.27s/it] 34%|███▎      | 57/170 [00:26<00:56,  2.00it/s] 34%|███▍      | 58/170 [00:26<00:53,  2.08it/s] 35%|███▍      | 59/170 [00:26<00:51,  2.15it/s] 35%|███▌      | 60/170 [00:27<00:50,  2.19it/s] 36%|███▌      | 61/170 [00:27<00:49,  2.20it/s] 36%|███▋      | 62/170 [00:28<00:46,  2.35it/s] 69%|██████▉   | 51/74 [01:50<00:51,  2.24s/it] 37%|███▋      | 63/170 [00:28<00:43,  2.45it/s] 38%|███▊      | 64/170 [00:28<00:42,  2.48it/s] 38%|███▊      | 65/170 [00:29<00:51,  2.03it/s] 70%|███████   | 52/74 [01:51<00:45,  2.06s/it] 39%|███▉      | 66/170 [00:30<00:48,  2.13it/s] 39%|███▉      | 67/170 [00:30<00:46,  2.22it/s] 40%|████      | 68/170 [00:30<00:46,  2.17it/s] 41%|████      | 69/170 [00:31<00:42,  2.36it/s]/root/kallini_data/babylm_data/babylm_100M/qed_parsed.json
  0%|          | 0/37 [00:00<?, ?it/s] 41%|████      | 70/170 [00:31<00:36,  2.75it/s] 42%|████▏     | 71/170 [00:31<00:37,  2.62it/s] 72%|███████▏  | 53/74 [01:53<00:43,  2.09s/it] 42%|████▏     | 72/170 [00:32<00:37,  2.58it/s] 43%|████▎     | 73/170 [00:32<00:40,  2.42it/s] 44%|████▎     | 74/170 [00:33<00:38,  2.49it/s] 44%|████▍     | 75/170 [00:33<00:42,  2.24it/s]  3%|▎         | 1/37 [00:02<01:38,  2.73s/it] 45%|████▍     | 76/170 [00:34<00:41,  2.24it/s] 73%|███████▎  | 54/74 [01:55<00:42,  2.11s/it] 45%|████▌     | 77/170 [00:34<00:40,  2.28it/s] 46%|████▌     | 78/170 [00:35<00:41,  2.24it/s] 46%|████▋     | 79/170 [00:35<00:38,  2.37it/s] 47%|████▋     | 80/170 [00:35<00:38,  2.36it/s] 48%|████▊     | 81/170 [00:36<00:37,  2.35it/s] 74%|███████▍  | 55/74 [01:58<00:40,  2.16s/it] 48%|████▊     | 82/170 [00:36<00:38,  2.31it/s]  5%|▌         | 2/37 [00:05<01:38,  2.81s/it] 49%|████▉     | 83/170 [00:37<00:36,  2.40it/s] 49%|████▉     | 84/170 [00:37<00:33,  2.57it/s] 50%|█████     | 85/170 [00:37<00:31,  2.70it/s] 51%|█████     | 86/170 [00:38<00:35,  2.34it/s] 51%|█████     | 87/170 [00:38<00:36,  2.27it/s] 76%|███████▌  | 56/74 [02:00<00:40,  2.26s/it] 52%|█████▏    | 88/170 [00:39<00:40,  2.05it/s]  8%|▊         | 3/37 [00:08<01:34,  2.78s/it] 52%|█████▏    | 89/170 [00:39<00:40,  2.01it/s] 53%|█████▎    | 90/170 [00:40<00:40,  1.99it/s] 54%|█████▎    | 91/170 [00:40<00:37,  2.12it/s] 77%|███████▋  | 57/74 [02:02<00:38,  2.24s/it] 54%|█████▍    | 92/170 [00:41<00:38,  2.04it/s] 55%|█████▍    | 93/170 [00:41<00:38,  1.98it/s] 55%|█████▌    | 94/170 [00:42<00:36,  2.07it/s] 11%|█         | 4/37 [00:11<01:31,  2.76s/it] 56%|█████▌    | 95/170 [00:42<00:33,  2.22it/s] 56%|█████▋    | 96/170 [00:43<00:35,  2.08it/s] 78%|███████▊  | 58/74 [02:05<00:36,  2.29s/it] 57%|█████▋    | 97/170 [00:43<00:36,  1.98it/s] 58%|█████▊    | 98/170 [00:44<00:36,  1.98it/s] 58%|█████▊    | 99/170 [00:44<00:37,  1.89it/s] 14%|█▎        | 5/37 [00:13<01:28,  2.78s/it] 59%|█████▉    | 100/170 [00:45<00:39,  1.78it/s] 80%|███████▉  | 59/74 [02:07<00:34,  2.32s/it] 59%|█████▉    | 101/170 [00:46<00:37,  1.82it/s] 60%|██████    | 102/170 [00:46<00:34,  1.98it/s] 61%|██████    | 103/170 [00:46<00:32,  2.06it/s] 61%|██████    | 104/170 [00:47<00:32,  2.04it/s] 62%|██████▏   | 105/170 [00:47<00:30,  2.16it/s] 16%|█▌        | 6/37 [00:16<01:26,  2.79s/it] 81%|████████  | 60/74 [02:10<00:32,  2.32s/it] 62%|██████▏   | 106/170 [00:48<00:30,  2.10it/s] 63%|██████▎   | 107/170 [00:48<00:29,  2.14it/s] 64%|██████▎   | 108/170 [00:49<00:27,  2.26it/s] 64%|██████▍   | 109/170 [00:49<00:27,  2.25it/s] 65%|██████▍   | 110/170 [00:50<00:27,  2.19it/s] 65%|██████▌   | 111/170 [00:50<00:27,  2.14it/s] 82%|████████▏ | 61/74 [02:12<00:30,  2.34s/it] 19%|█▉        | 7/37 [00:19<01:23,  2.79s/it] 66%|██████▌   | 112/170 [00:51<00:30,  1.91it/s] 66%|██████▋   | 113/170 [00:51<00:27,  2.05it/s] 67%|██████▋   | 114/170 [00:52<00:24,  2.25it/s] 68%|██████▊   | 115/170 [00:52<00:27,  1.98it/s] 84%|████████▍ | 62/74 [02:14<00:28,  2.34s/it] 68%|██████▊   | 116/170 [00:53<00:25,  2.12it/s] 69%|██████▉   | 117/170 [00:53<00:24,  2.20it/s] 22%|██▏       | 8/37 [00:22<01:23,  2.87s/it] 69%|██████▉   | 118/170 [00:53<00:24,  2.13it/s] 70%|███████   | 119/170 [00:54<00:24,  2.12it/s] 71%|███████   | 120/170 [00:54<00:23,  2.09it/s] 85%|████████▌ | 63/74 [02:17<00:25,  2.34s/it] 71%|███████   | 121/170 [00:55<00:23,  2.11it/s] 72%|███████▏  | 122/170 [00:55<00:24,  1.99it/s] 24%|██▍       | 9/37 [00:25<01:19,  2.84s/it] 72%|███████▏  | 123/170 [00:56<00:25,  1.82it/s] 73%|███████▎  | 124/170 [00:57<00:23,  1.98it/s] 74%|███████▎  | 125/170 [00:57<00:22,  2.04it/s] 86%|████████▋ | 64/74 [02:19<00:23,  2.37s/it] 74%|███████▍  | 126/170 [00:58<00:23,  1.86it/s] 75%|███████▍  | 127/170 [00:58<00:22,  1.91it/s] 75%|███████▌  | 128/170 [00:59<00:21,  1.97it/s] 27%|██▋       | 10/37 [00:28<01:16,  2.83s/it] 76%|███████▌  | 129/170 [00:59<00:19,  2.11it/s] 76%|███████▋  | 130/170 [00:59<00:17,  2.25it/s] 88%|████████▊ | 65/74 [02:21<00:21,  2.38s/it] 77%|███████▋  | 131/170 [01:00<00:16,  2.37it/s] 78%|███████▊  | 132/170 [01:00<00:17,  2.22it/s] 78%|███████▊  | 133/170 [01:01<00:17,  2.14it/s] 79%|███████▉  | 134/170 [01:01<00:18,  1.97it/s] 30%|██▉       | 11/37 [00:30<01:13,  2.83s/it] 79%|███████▉  | 135/170 [01:02<00:17,  1.98it/s] 89%|████████▉ | 66/74 [02:24<00:18,  2.34s/it] 80%|████████  | 136/170 [01:02<00:16,  2.05it/s] 81%|████████  | 137/170 [01:03<00:14,  2.30it/s] 81%|████████  | 138/170 [01:03<00:13,  2.30it/s] 82%|████████▏ | 139/170 [01:04<00:13,  2.22it/s] 91%|█████████ | 67/74 [02:26<00:15,  2.20s/it] 82%|████████▏ | 140/170 [01:04<00:13,  2.20it/s] 83%|████████▎ | 141/170 [01:04<00:11,  2.45it/s] 32%|███▏      | 12/37 [00:33<01:10,  2.83s/it] 84%|████████▎ | 142/170 [01:05<00:10,  2.57it/s] 84%|████████▍ | 143/170 [01:05<00:10,  2.47it/s] 85%|████████▍ | 144/170 [01:05<00:09,  2.73it/s] 85%|████████▌ | 145/170 [01:06<00:10,  2.41it/s] 92%|█████████▏| 68/74 [02:28<00:13,  2.22s/it] 86%|████████▌ | 146/170 [01:06<00:10,  2.39it/s] 86%|████████▋ | 147/170 [01:07<00:09,  2.42it/s] 87%|████████▋ | 148/170 [01:07<00:09,  2.44it/s] 35%|███▌      | 13/37 [00:36<01:08,  2.84s/it] 88%|████████▊ | 149/170 [01:08<00:09,  2.33it/s] 88%|████████▊ | 150/170 [01:08<00:08,  2.27it/s] 93%|█████████▎| 69/74 [02:30<00:11,  2.21s/it] 89%|████████▉ | 151/170 [01:08<00:07,  2.49it/s] 89%|████████▉ | 152/170 [01:09<00:07,  2.43it/s] 90%|█████████ | 153/170 [01:09<00:07,  2.36it/s] 91%|█████████ | 154/170 [01:10<00:07,  2.16it/s] 38%|███▊      | 14/37 [00:39<01:04,  2.82s/it] 91%|█████████ | 155/170 [01:10<00:07,  2.09it/s] 95%|█████████▍| 70/74 [02:32<00:08,  2.18s/it] 92%|█████████▏| 156/170 [01:11<00:06,  2.18it/s] 92%|█████████▏| 157/170 [01:11<00:05,  2.21it/s] 96%|█████████▌| 71/74 [02:33<00:05,  1.92s/it] 93%|█████████▎| 158/170 [01:12<00:05,  2.09it/s] 94%|█████████▎| 159/170 [01:12<00:05,  2.15it/s] 94%|█████████▍| 160/170 [01:13<00:05,  1.88it/s] 41%|████      | 15/37 [00:42<01:02,  2.85s/it] 95%|█████████▍| 161/170 [01:13<00:04,  1.94it/s] 97%|█████████▋| 72/74 [02:35<00:03,  1.94s/it] 95%|█████████▌| 162/170 [01:14<00:03,  2.04it/s] 96%|█████████▌| 163/170 [01:14<00:03,  2.25it/s] 96%|█████████▋| 164/170 [01:15<00:02,  2.26it/s] 97%|█████████▋| 165/170 [01:15<00:02,  2.33it/s] 98%|█████████▊| 166/170 [01:15<00:01,  2.24it/s] 99%|█████████▊| 73/74 [02:37<00:01,  1.95s/it]100%|██████████| 74/74 [02:38<00:00,  1.43s/it] 43%|████▎     | 16/37 [00:45<00:59,  2.81s/it]100%|██████████| 74/74 [02:38<00:00,  2.14s/it]
 98%|█████████▊| 167/170 [01:16<00:01,  2.09it/s] 99%|█████████▉| 168/170 [01:16<00:00,  2.23it/s] 99%|█████████▉| 169/170 [01:17<00:00,  2.24it/s]100%|██████████| 170/170 [01:17<00:00,  2.62it/s]100%|██████████| 170/170 [01:17<00:00,  2.19it/s]
/root/kallini_data/babylm_data/babylm_100M/switchboard_parsed.json
  0%|          | 0/7 [00:00<?, ?it/s]/root/kallini_data/babylm_data/babylm_100M/cbt_parsed.json
  0%|          | 0/53 [00:00<?, ?it/s]  2%|▏         | 1/53 [00:00<00:40,  1.29it/s] 46%|████▌     | 17/37 [00:47<00:57,  2.85s/it] 14%|█▍        | 1/7 [00:01<00:11,  1.88s/it]  4%|▍         | 2/53 [00:01<00:43,  1.18it/s]  6%|▌         | 3/53 [00:02<00:41,  1.21it/s] 29%|██▊       | 2/7 [00:03<00:09,  1.92s/it]  8%|▊         | 4/53 [00:03<00:40,  1.21it/s] 49%|████▊     | 18/37 [00:50<00:53,  2.84s/it]  9%|▉         | 5/53 [00:04<00:39,  1.22it/s] 43%|████▎     | 3/7 [00:05<00:07,  1.86s/it] 11%|█▏        | 6/53 [00:04<00:37,  1.25it/s] 13%|█▎        | 7/53 [00:05<00:36,  1.24it/s] 15%|█▌        | 8/53 [00:06<00:36,  1.24it/s] 57%|█████▋    | 4/7 [00:07<00:05,  1.86s/it] 51%|█████▏    | 19/37 [00:53<00:52,  2.89s/it] 17%|█▋        | 9/53 [00:07<00:34,  1.26it/s] 19%|█▉        | 10/53 [00:08<00:34,  1.26it/s] 71%|███████▏  | 5/7 [00:09<00:03,  1.87s/it] 21%|██        | 11/53 [00:08<00:31,  1.32it/s] 23%|██▎       | 12/53 [00:09<00:31,  1.31it/s] 54%|█████▍    | 20/37 [00:56<00:49,  2.89s/it] 25%|██▍       | 13/53 [00:10<00:30,  1.30it/s] 86%|████████▌ | 6/7 [00:11<00:01,  1.85s/it] 26%|██▋       | 14/53 [00:11<00:30,  1.26it/s]100%|██████████| 7/7 [00:12<00:00,  1.52s/it]100%|██████████| 7/7 [00:12<00:00,  1.72s/it]
 28%|██▊       | 15/53 [00:12<00:31,  1.19it/s] 57%|█████▋    | 21/37 [00:59<00:46,  2.88s/it] 30%|███       | 16/53 [00:13<00:32,  1.15it/s]/root/kallini_data/babylm_data/babylm_100M/wikipedia_parsed.json
  0%|          | 0/35 [00:00<?, ?it/s] 32%|███▏      | 17/53 [00:13<00:31,  1.14it/s] 34%|███▍      | 18/53 [00:14<00:30,  1.13it/s] 59%|█████▉    | 22/37 [01:02<00:43,  2.89s/it] 36%|███▌      | 19/53 [00:15<00:29,  1.17it/s]  3%|▎         | 1/35 [00:03<01:50,  3.26s/it] 38%|███▊      | 20/53 [00:16<00:28,  1.16it/s] 40%|███▉      | 21/53 [00:17<00:27,  1.16it/s] 42%|████▏     | 22/53 [00:18<00:25,  1.22it/s] 62%|██████▏   | 23/37 [01:05<00:40,  2.92s/it] 43%|████▎     | 23/53 [00:18<00:24,  1.23it/s]  6%|▌         | 2/35 [00:06<01:44,  3.16s/it] 45%|████▌     | 24/53 [00:19<00:22,  1.28it/s] 47%|████▋     | 25/53 [00:20<00:21,  1.32it/s] 49%|████▉     | 26/53 [00:20<00:19,  1.36it/s] 65%|██████▍   | 24/37 [01:08<00:38,  2.93s/it] 51%|█████     | 27/53 [00:21<00:19,  1.36it/s]  9%|▊         | 3/35 [00:08<01:33,  2.92s/it] 53%|█████▎    | 28/53 [00:22<00:19,  1.31it/s] 55%|█████▍    | 29/53 [00:23<00:18,  1.32it/s] 68%|██████▊   | 25/37 [01:11<00:34,  2.84s/it] 57%|█████▋    | 30/53 [00:23<00:16,  1.37it/s] 58%|█████▊    | 31/53 [00:24<00:15,  1.40it/s] 11%|█▏        | 4/35 [00:11<01:28,  2.87s/it] 60%|██████    | 32/53 [00:25<00:14,  1.42it/s] 62%|██████▏   | 33/53 [00:25<00:13,  1.44it/s] 70%|███████   | 26/37 [01:13<00:30,  2.79s/it] 64%|██████▍   | 34/53 [00:26<00:13,  1.44it/s] 66%|██████▌   | 35/53 [00:27<00:12,  1.44it/s] 14%|█▍        | 5/35 [00:14<01:23,  2.77s/it] 68%|██████▊   | 36/53 [00:28<00:12,  1.41it/s] 70%|██████▉   | 37/53 [00:28<00:11,  1.41it/s] 17%|█▋        | 6/35 [00:16<01:10,  2.44s/it] 73%|███████▎  | 27/37 [01:16<00:28,  2.83s/it] 72%|███████▏  | 38/53 [00:29<00:11,  1.34it/s] 74%|███████▎  | 39/53 [00:30<00:11,  1.26it/s] 75%|███████▌  | 40/53 [00:31<00:11,  1.18it/s] 77%|███████▋  | 41/53 [00:32<00:10,  1.19it/s] 20%|██        | 7/35 [00:19<01:14,  2.65s/it] 76%|███████▌  | 28/37 [01:19<00:25,  2.86s/it] 79%|███████▉  | 42/53 [00:33<00:08,  1.24it/s] 81%|████████  | 43/53 [00:33<00:07,  1.26it/s] 83%|████████▎ | 44/53 [00:34<00:06,  1.33it/s] 85%|████████▍ | 45/53 [00:35<00:05,  1.38it/s] 23%|██▎       | 8/35 [00:22<01:12,  2.70s/it] 78%|███████▊  | 29/37 [01:22<00:22,  2.84s/it] 87%|████████▋ | 46/53 [00:35<00:05,  1.40it/s] 89%|████████▊ | 47/53 [00:36<00:04,  1.43it/s] 91%|█████████ | 48/53 [00:37<00:03,  1.40it/s] 26%|██▌       | 9/35 [00:24<01:06,  2.56s/it] 92%|█████████▏| 49/53 [00:37<00:02,  1.39it/s] 81%|████████  | 30/37 [01:25<00:19,  2.82s/it] 94%|█████████▍| 50/53 [00:38<00:02,  1.42it/s] 96%|█████████▌| 51/53 [00:39<00:01,  1.44it/s] 98%|█████████▊| 52/53 [00:40<00:00,  1.44it/s] 29%|██▊       | 10/35 [00:27<01:06,  2.64s/it]100%|██████████| 53/53 [00:40<00:00,  1.58it/s]100%|██████████| 53/53 [00:40<00:00,  1.31it/s]
 84%|████████▍ | 31/37 [01:27<00:16,  2.81s/it]/root/kallini_data/babylm_data/babylm_100M/children_stories_parsed.json
  0%|          | 0/16 [00:00<?, ?it/s] 31%|███▏      | 11/35 [00:29<01:04,  2.70s/it]  6%|▋         | 1/16 [00:01<00:27,  1.80s/it] 86%|████████▋ | 32/37 [01:30<00:13,  2.80s/it] 34%|███▍      | 12/35 [00:32<01:01,  2.67s/it] 12%|█▎        | 2/16 [00:04<00:31,  2.28s/it] 89%|████████▉ | 33/37 [01:33<00:11,  2.81s/it] 19%|█▉        | 3/16 [00:05<00:24,  1.85s/it] 37%|███▋      | 13/35 [00:35<00:58,  2.65s/it] 25%|██▌       | 4/16 [00:07<00:20,  1.67s/it] 92%|█████████▏| 34/37 [01:36<00:08,  2.74s/it] 31%|███▏      | 5/16 [00:08<00:17,  1.58s/it] 40%|████      | 14/35 [00:37<00:53,  2.57s/it] 95%|█████████▍| 35/37 [01:38<00:05,  2.74s/it] 38%|███▊      | 6/16 [00:10<00:16,  1.61s/it] 43%|████▎     | 15/35 [00:39<00:49,  2.47s/it] 44%|████▍     | 7/16 [00:11<00:14,  1.62s/it] 97%|█████████▋| 36/37 [01:41<00:02,  2.80s/it] 50%|█████     | 8/16 [00:13<00:14,  1.77s/it] 46%|████▌     | 16/35 [00:42<00:49,  2.59s/it]100%|██████████| 37/37 [01:44<00:00,  2.64s/it]100%|██████████| 37/37 [01:44<00:00,  2.81s/it]
 56%|█████▋    | 9/16 [00:15<00:12,  1.77s/it] 49%|████▊     | 17/35 [00:45<00:48,  2.71s/it] 62%|██████▎   | 10/16 [00:17<00:10,  1.82s/it]/root/kallini_data/babylm_data/babylm_100M/simple_wikipedia_parsed.json
  0%|          | 0/74 [00:00<?, ?it/s] 69%|██████▉   | 11/16 [00:19<00:08,  1.73s/it] 51%|█████▏    | 18/35 [00:48<00:46,  2.75s/it]  1%|▏         | 1/74 [00:01<02:24,  1.98s/it] 75%|███████▌  | 12/16 [00:21<00:07,  1.79s/it] 81%|████████▏ | 13/16 [00:22<00:05,  1.76s/it]  3%|▎         | 2/74 [00:04<02:26,  2.03s/it] 54%|█████▍    | 19/35 [00:51<00:45,  2.85s/it]  4%|▍         | 3/74 [00:05<02:21,  1.99s/it] 88%|████████▊ | 14/16 [00:24<00:03,  1.83s/it] 57%|█████▋    | 20/35 [00:54<00:41,  2.78s/it] 94%|█████████▍| 15/16 [00:26<00:01,  1.76s/it]  5%|▌         | 4/74 [00:08<02:20,  2.00s/it]100%|██████████| 16/16 [00:26<00:00,  1.37s/it]100%|██████████| 16/16 [00:26<00:00,  1.68s/it]
 60%|██████    | 21/35 [00:56<00:38,  2.75s/it]  7%|▋         | 5/74 [00:10<02:18,  2.01s/it]/root/kallini_data/babylm_data/babylm_100M/gutenberg_parsed.json
  0%|          | 0/35 [00:00<?, ?it/s]  8%|▊         | 6/74 [00:11<02:12,  1.95s/it] 63%|██████▎   | 22/35 [00:59<00:34,  2.66s/it]  3%|▎         | 1/35 [00:02<01:18,  2.31s/it]  9%|▉         | 7/74 [00:13<02:13,  1.99s/it] 66%|██████▌   | 23/35 [01:01<00:31,  2.60s/it]  6%|▌         | 2/35 [00:04<01:14,  2.27s/it] 11%|█         | 8/74 [00:16<02:15,  2.06s/it]  9%|▊         | 3/35 [00:06<01:08,  2.13s/it] 69%|██████▊   | 24/35 [01:04<00:28,  2.56s/it] 12%|█▏        | 9/74 [00:17<02:07,  1.96s/it] 11%|█▏        | 4/35 [00:08<01:06,  2.14s/it] 71%|███████▏  | 25/35 [01:07<00:26,  2.63s/it] 14%|█▎        | 10/74 [00:19<02:04,  1.94s/it] 14%|█▍        | 5/35 [00:10<01:04,  2.13s/it] 15%|█▍        | 11/74 [00:21<02:01,  1.92s/it] 74%|███████▍  | 26/35 [01:09<00:23,  2.66s/it] 17%|█▋        | 6/35 [00:13<01:03,  2.17s/it] 16%|█▌        | 12/74 [00:23<01:59,  1.93s/it] 20%|██        | 7/35 [00:14<00:58,  2.09s/it] 77%|███████▋  | 27/35 [01:12<00:21,  2.73s/it] 18%|█▊        | 13/74 [00:25<01:58,  1.95s/it] 23%|██▎       | 8/35 [00:16<00:54,  2.02s/it] 19%|█▉        | 14/74 [00:27<01:55,  1.93s/it] 80%|████████  | 28/35 [01:15<00:19,  2.79s/it] 20%|██        | 15/74 [00:29<01:54,  1.94s/it] 26%|██▌       | 9/35 [00:19<00:58,  2.26s/it] 83%|████████▎ | 29/35 [01:18<00:16,  2.83s/it] 22%|██▏       | 16/74 [00:31<01:51,  1.93s/it] 29%|██▊       | 10/35 [00:21<00:55,  2.24s/it] 23%|██▎       | 17/74 [00:33<01:49,  1.92s/it] 86%|████████▌ | 30/35 [01:21<00:14,  2.80s/it] 31%|███▏      | 11/35 [00:24<00:53,  2.22s/it] 24%|██▍       | 18/74 [00:35<01:47,  1.93s/it] 34%|███▍      | 12/35 [00:26<00:52,  2.28s/it] 89%|████████▊ | 31/35 [01:23<00:10,  2.73s/it] 26%|██▌       | 19/74 [00:37<01:46,  1.94s/it] 37%|███▋      | 13/35 [00:28<00:48,  2.22s/it] 91%|█████████▏| 32/35 [01:26<00:08,  2.71s/it] 27%|██▋       | 20/74 [00:39<01:47,  1.99s/it] 40%|████      | 14/35 [00:30<00:46,  2.23s/it] 28%|██▊       | 21/74 [00:41<01:46,  2.02s/it] 94%|█████████▍| 33/35 [01:29<00:05,  2.68s/it] 43%|████▎     | 15/35 [00:32<00:44,  2.20s/it] 30%|██▉       | 22/74 [00:43<01:42,  1.97s/it] 97%|█████████▋| 34/35 [01:31<00:02,  2.64s/it] 46%|████▌     | 16/35 [00:34<00:38,  2.05s/it] 31%|███       | 23/74 [00:45<01:44,  2.05s/it]100%|██████████| 35/35 [01:33<00:00,  2.47s/it]100%|██████████| 35/35 [01:33<00:00,  2.68s/it]
 49%|████▊     | 17/35 [00:36<00:35,  1.97s/it] 32%|███▏      | 24/74 [00:47<01:43,  2.07s/it] 51%|█████▏    | 18/35 [00:38<00:34,  2.05s/it] 34%|███▍      | 25/74 [00:49<01:40,  2.05s/it] 54%|█████▍    | 19/35 [00:40<00:33,  2.09s/it] 35%|███▌      | 26/74 [00:51<01:34,  1.98s/it] 57%|█████▋    | 20/35 [00:43<00:32,  2.18s/it] 36%|███▋      | 27/74 [00:53<01:36,  2.05s/it] 38%|███▊      | 28/74 [00:55<01:32,  2.01s/it] 60%|██████    | 21/35 [00:45<00:31,  2.24s/it]/root/kallini_data/babylm_data/babylm_test/aochildes_parsed.json
  0%|          | 0/3 [00:00<?, ?it/s] 39%|███▉      | 29/74 [00:57<01:30,  2.02s/it] 63%|██████▎   | 22/35 [00:47<00:28,  2.20s/it] 33%|███▎      | 1/3 [00:02<00:04,  2.19s/it] 41%|████      | 30/74 [00:59<01:27,  2.00s/it] 66%|██████▌   | 23/35 [00:49<00:26,  2.24s/it] 67%|██████▋   | 2/3 [00:04<00:02,  2.18s/it] 42%|████▏     | 31/74 [01:01<01:25,  1.98s/it]100%|██████████| 3/3 [00:05<00:00,  1.59s/it]100%|██████████| 3/3 [00:05<00:00,  1.75s/it]
 69%|██████▊   | 24/35 [00:52<00:23,  2.17s/it]/root/kallini_data/babylm_data/babylm_test/bnc_spoken_parsed.json
  0%|          | 0/20 [00:00<?, ?it/s]  5%|▌         | 1/20 [00:00<00:09,  2.02it/s] 10%|█         | 2/20 [00:00<00:07,  2.27it/s] 43%|████▎     | 32/74 [01:03<01:20,  1.92s/it] 15%|█▌        | 3/20 [00:01<00:06,  2.56it/s] 20%|██        | 4/20 [00:01<00:08,  1.87it/s] 71%|███████▏  | 25/35 [00:54<00:21,  2.13s/it] 25%|██▌       | 5/20 [00:02<00:08,  1.87it/s] 45%|████▍     | 33/74 [01:05<01:18,  1.91s/it] 30%|███       | 6/20 [00:03<00:07,  1.89it/s] 35%|███▌      | 7/20 [00:03<00:06,  2.03it/s] 40%|████      | 8/20 [00:03<00:05,  2.16it/s] 45%|████▌     | 9/20 [00:04<00:05,  2.16it/s] 74%|███████▍  | 26/35 [00:56<00:19,  2.22s/it] 46%|████▌     | 34/74 [01:06<01:15,  1.90s/it] 50%|█████     | 10/20 [00:05<00:05,  1.83it/s] 55%|█████▌    | 11/20 [00:05<00:04,  2.14it/s] 60%|██████    | 12/20 [00:05<00:03,  2.24it/s] 65%|██████▌   | 13/20 [00:06<00:02,  2.38it/s] 70%|███████   | 14/20 [00:06<00:02,  2.34it/s] 77%|███████▋  | 27/35 [00:58<00:17,  2.19s/it] 47%|████▋     | 35/74 [01:08<01:15,  1.93s/it] 75%|███████▌  | 15/20 [00:06<00:02,  2.37it/s] 80%|████████  | 16/20 [00:07<00:01,  2.40it/s] 85%|████████▌ | 17/20 [00:07<00:01,  2.49it/s] 90%|█████████ | 18/20 [00:08<00:00,  2.49it/s] 95%|█████████▌| 19/20 [00:08<00:00,  2.50it/s] 80%|████████  | 28/35 [01:00<00:14,  2.14s/it] 49%|████▊     | 36/74 [01:10<01:12,  1.91s/it]100%|██████████| 20/20 [00:09<00:00,  2.09it/s]100%|██████████| 20/20 [00:09<00:00,  2.18it/s]
/root/kallini_data/babylm_data/babylm_test/cbt_parsed.json
  0%|          | 0/4 [00:00<?, ?it/s] 25%|██▌       | 1/4 [00:00<00:02,  1.24it/s] 50%|█████     | 37/74 [01:12<01:10,  1.92s/it] 50%|█████     | 2/4 [00:01<00:01,  1.35it/s] 75%|███████▌  | 3/4 [00:02<00:00,  1.38it/s] 83%|████████▎ | 29/35 [01:03<00:14,  2.43s/it]100%|██████████| 4/4 [00:02<00:00,  1.87it/s]100%|██████████| 4/4 [00:02<00:00,  1.63it/s]
/root/kallini_data/babylm_data/babylm_test/children_stories_parsed.json
  0%|          | 0/2 [00:00<?, ?it/s] 51%|█████▏    | 38/74 [01:14<01:11,  1.98s/it] 50%|█████     | 1/2 [00:01<00:01,  1.85s/it] 86%|████████▌ | 30/35 [01:05<00:11,  2.32s/it]100%|██████████| 2/2 [00:02<00:00,  1.30s/it]100%|██████████| 2/2 [00:02<00:00,  1.38s/it]
/root/kallini_data/babylm_data/babylm_test/gutenberg_parsed.json
  0%|          | 0/4 [00:00<?, ?it/s] 53%|█████▎    | 39/74 [01:17<01:13,  2.09s/it] 89%|████████▊ | 31/35 [01:08<00:09,  2.36s/it] 54%|█████▍    | 40/74 [01:19<01:12,  2.12s/it] 25%|██▌       | 1/4 [00:02<00:08,  2.88s/it] 91%|█████████▏| 32/35 [01:10<00:06,  2.31s/it] 55%|█████▌    | 41/74 [01:21<01:11,  2.15s/it] 50%|█████     | 2/4 [00:05<00:05,  2.65s/it] 94%|█████████▍| 33/35 [01:12<00:04,  2.31s/it] 57%|█████▋    | 42/74 [01:23<01:07,  2.11s/it] 75%|███████▌  | 3/4 [00:07<00:02,  2.56s/it] 97%|█████████▋| 34/35 [01:15<00:02,  2.34s/it]100%|██████████| 4/4 [00:08<00:00,  1.76s/it]100%|██████████| 4/4 [00:08<00:00,  2.09s/it]
 58%|█████▊    | 43/74 [01:26<01:07,  2.18s/it]100%|██████████| 35/35 [01:16<00:00,  1.94s/it]100%|██████████| 35/35 [01:16<00:00,  2.18s/it]
/root/kallini_data/babylm_data/babylm_test/open_subtitles_parsed.json
  0%|          | 0/20 [00:00<?, ?it/s] 59%|█████▉    | 44/74 [01:28<01:07,  2.24s/it]  5%|▌         | 1/20 [00:02<00:44,  2.32s/it] 61%|██████    | 45/74 [01:30<01:04,  2.24s/it] 10%|█         | 2/20 [00:04<00:41,  2.30s/it] 62%|██████▏   | 46/74 [01:32<01:02,  2.25s/it] 15%|█▌        | 3/20 [00:06<00:39,  2.31s/it] 64%|██████▎   | 47/74 [01:35<01:01,  2.28s/it] 20%|██        | 4/20 [00:09<00:37,  2.34s/it] 65%|██████▍   | 48/74 [01:37<00:59,  2.29s/it] 25%|██▌       | 5/20 [00:11<00:35,  2.35s/it] 66%|██████▌   | 49/74 [01:39<00:56,  2.26s/it] 30%|███       | 6/20 [00:13<00:31,  2.28s/it] 68%|██████▊   | 50/74 [01:41<00:53,  2.23s/it]/root/kallini_data/babylm_data/babylm_100M/open_subtitles_parsed.json
  0%|          | 0/214 [00:00<?, ?it/s] 35%|███▌      | 7/20 [00:16<00:30,  2.33s/it] 69%|██████▉   | 51/74 [01:44<00:50,  2.19s/it]  0%|          | 1/214 [00:02<07:40,  2.16s/it] 40%|████      | 8/20 [00:18<00:27,  2.30s/it] 70%|███████   | 52/74 [01:45<00:43,  2.00s/it]  1%|          | 2/214 [00:04<08:02,  2.28s/it] 72%|███████▏  | 53/74 [01:47<00:41,  1.99s/it] 45%|████▌     | 9/20 [00:20<00:25,  2.30s/it]  1%|▏         | 3/214 [00:06<07:44,  2.20s/it] 73%|███████▎  | 54/74 [01:49<00:40,  2.02s/it] 50%|█████     | 10/20 [00:23<00:23,  2.31s/it]  2%|▏         | 4/214 [00:08<07:43,  2.21s/it]Token indices sequence length is longer than the specified maximum sequence length for this model (4107 > 1024). Running this sequence through the model will result in indexing errors
 74%|███████▍  | 55/74 [01:51<00:39,  2.09s/it] 55%|█████▌    | 11/20 [00:25<00:20,  2.25s/it]  2%|▏         | 5/214 [00:11<07:44,  2.22s/it] 76%|███████▌  | 56/74 [01:54<00:39,  2.19s/it] 60%|██████    | 12/20 [00:27<00:18,  2.25s/it]  3%|▎         | 6/214 [00:13<07:56,  2.29s/it] 77%|███████▋  | 57/74 [01:56<00:37,  2.18s/it] 65%|██████▌   | 13/20 [00:29<00:15,  2.28s/it]  3%|▎         | 7/214 [00:15<08:00,  2.32s/it] 78%|███████▊  | 58/74 [01:58<00:35,  2.23s/it] 70%|███████   | 14/20 [00:32<00:13,  2.32s/it]  4%|▎         | 8/214 [00:18<07:47,  2.27s/it] 80%|███████▉  | 59/74 [02:01<00:34,  2.27s/it] 75%|███████▌  | 15/20 [00:34<00:11,  2.31s/it]  4%|▍         | 9/214 [00:20<07:42,  2.26s/it] 81%|████████  | 60/74 [02:03<00:31,  2.25s/it] 80%|████████  | 16/20 [00:36<00:09,  2.32s/it]  5%|▍         | 10/214 [00:22<07:41,  2.26s/it] 82%|████████▏ | 61/74 [02:05<00:29,  2.27s/it] 85%|████████▌ | 17/20 [00:39<00:06,  2.31s/it]  5%|▌         | 11/214 [00:24<07:33,  2.23s/it] 84%|████████▍ | 62/74 [02:07<00:27,  2.27s/it] 90%|█████████ | 18/20 [00:41<00:04,  2.32s/it]  6%|▌         | 12/214 [00:26<07:29,  2.22s/it] 85%|████████▌ | 63/74 [02:10<00:24,  2.27s/it] 95%|█████████▌| 19/20 [00:43<00:02,  2.30s/it]100%|██████████| 20/20 [00:44<00:00,  1.78s/it]100%|██████████| 20/20 [00:44<00:00,  2.22s/it]
  6%|▌         | 13/214 [00:29<07:21,  2.20s/it]/root/kallini_data/babylm_data/babylm_test/qed_parsed.json
  0%|          | 0/5 [00:00<?, ?it/s] 86%|████████▋ | 64/74 [02:12<00:23,  2.30s/it]  7%|▋         | 14/214 [00:31<07:18,  2.19s/it] 20%|██        | 1/5 [00:02<00:11,  2.78s/it] 88%|████████▊ | 65/74 [02:15<00:21,  2.33s/it]  7%|▋         | 15/214 [00:33<07:18,  2.20s/it] 89%|████████▉ | 66/74 [02:17<00:18,  2.29s/it] 40%|████      | 2/5 [00:05<00:08,  2.82s/it]  7%|▋         | 16/214 [00:35<07:17,  2.21s/it] 91%|█████████ | 67/74 [02:19<00:15,  2.19s/it] 60%|██████    | 3/5 [00:08<00:05,  2.74s/it]  8%|▊         | 17/214 [00:37<07:16,  2.22s/it] 92%|█████████▏| 68/74 [02:21<00:13,  2.25s/it]  8%|▊         | 18/214 [00:40<07:12,  2.21s/it] 80%|████████  | 4/5 [00:11<00:02,  2.75s/it] 93%|█████████▎| 69/74 [02:23<00:11,  2.26s/it]100%|██████████| 5/5 [00:12<00:00,  2.22s/it]100%|██████████| 5/5 [00:12<00:00,  2.47s/it]
/root/kallini_data/babylm_data/babylm_test/simple_wikipedia_parsed.json
  0%|          | 0/9 [00:00<?, ?it/s]  9%|▉         | 19/214 [00:42<07:06,  2.19s/it] 95%|█████████▍| 70/74 [02:25<00:08,  2.20s/it] 11%|█         | 1/9 [00:01<00:14,  1.84s/it]  9%|▉         | 20/214 [00:44<07:02,  2.18s/it] 96%|█████████▌| 71/74 [02:27<00:05,  1.93s/it] 22%|██▏       | 2/9 [00:03<00:13,  1.94s/it] 97%|█████████▋| 72/74 [02:29<00:03,  1.94s/it] 10%|▉         | 21/214 [00:46<06:59,  2.17s/it] 33%|███▎      | 3/9 [00:05<00:11,  1.84s/it] 99%|█████████▊| 73/74 [02:31<00:01,  1.94s/it]100%|██████████| 74/74 [02:31<00:00,  1.42s/it]100%|██████████| 74/74 [02:31<00:00,  2.04s/it]
 10%|█         | 22/214 [00:48<06:58,  2.18s/it] 44%|████▍     | 4/9 [00:07<00:09,  1.81s/it]/root/kallini_data/babylm_data/babylm_100M/switchboard_parsed.json
  0%|          | 0/7 [00:00<?, ?it/s] 11%|█         | 23/214 [00:50<06:52,  2.16s/it] 56%|█████▌    | 5/9 [00:09<00:07,  1.91s/it] 14%|█▍        | 1/7 [00:01<00:10,  1.81s/it] 11%|█         | 24/214 [00:53<06:48,  2.15s/it] 29%|██▊       | 2/7 [00:03<00:08,  1.76s/it] 67%|██████▋   | 6/9 [00:11<00:05,  1.99s/it] 43%|████▎     | 3/7 [00:05<00:07,  1.76s/it] 12%|█▏        | 25/214 [00:55<06:44,  2.14s/it] 78%|███████▊  | 7/9 [00:13<00:03,  2.00s/it] 57%|█████▋    | 4/7 [00:06<00:05,  1.74s/it] 12%|█▏        | 26/214 [00:57<06:45,  2.16s/it] 89%|████████▉ | 8/9 [00:15<00:02,  2.05s/it] 71%|███████▏  | 5/7 [00:08<00:03,  1.74s/it]100%|██████████| 9/9 [00:17<00:00,  1.96s/it]100%|██████████| 9/9 [00:17<00:00,  1.95s/it]
/root/kallini_data/babylm_data/babylm_test/switchboard_parsed.json
  0%|          | 0/1 [00:00<?, ?it/s] 13%|█▎        | 27/214 [00:59<06:44,  2.16s/it] 86%|████████▌ | 6/7 [00:10<00:01,  1.73s/it]100%|██████████| 1/1 [00:01<00:00,  1.36s/it]100%|██████████| 1/1 [00:01<00:00,  1.36s/it]
/root/kallini_data/babylm_data/babylm_test/wikipedia_parsed.json
  0%|          | 0/5 [00:00<?, ?it/s]100%|██████████| 7/7 [00:11<00:00,  1.43s/it]100%|██████████| 7/7 [00:11<00:00,  1.61s/it]
 13%|█▎        | 28/214 [01:01<06:42,  2.17s/it]/root/kallini_data/babylm_data/babylm_100M/wikipedia_parsed.json
  0%|          | 0/35 [00:00<?, ?it/s] 20%|██        | 1/5 [00:02<00:09,  2.27s/it] 14%|█▎        | 29/214 [01:03<06:44,  2.19s/it] 40%|████      | 2/5 [00:04<00:06,  2.32s/it]  3%|▎         | 1/35 [00:03<01:43,  3.03s/it] 14%|█▍        | 30/214 [01:06<06:45,  2.20s/it] 60%|██████    | 3/5 [00:07<00:04,  2.41s/it] 14%|█▍        | 31/214 [01:08<06:40,  2.19s/it]  6%|▌         | 2/35 [00:06<01:40,  3.04s/it] 80%|████████  | 4/5 [00:09<00:02,  2.36s/it] 15%|█▍        | 32/214 [01:10<06:39,  2.19s/it]100%|██████████| 5/5 [00:10<00:00,  1.87s/it]100%|██████████| 5/5 [00:10<00:00,  2.08s/it]
  9%|▊         | 3/35 [00:08<01:31,  2.85s/it] 15%|█▌        | 33/214 [01:12<06:37,  2.20s/it] 11%|█▏        | 4/35 [00:11<01:25,  2.77s/it] 16%|█▌        | 34/214 [01:14<06:31,  2.17s/it] 14%|█▍        | 5/35 [00:13<01:19,  2.66s/it] 16%|█▋        | 35/214 [01:16<06:28,  2.17s/it] 17%|█▋        | 6/35 [00:15<01:08,  2.35s/it] 17%|█▋        | 36/214 [01:19<06:27,  2.18s/it] 20%|██        | 7/35 [00:18<01:11,  2.54s/it] 17%|█▋        | 37/214 [01:21<06:23,  2.17s/it] 18%|█▊        | 38/214 [01:23<06:27,  2.20s/it] 23%|██▎       | 8/35 [00:21<01:10,  2.61s/it] 18%|█▊        | 39/214 [01:25<06:26,  2.21s/it] 26%|██▌       | 9/35 [00:23<01:04,  2.48s/it] 19%|█▊        | 40/214 [01:28<06:32,  2.25s/it] 29%|██▊       | 10/35 [00:26<01:03,  2.55s/it] 19%|█▉        | 41/214 [01:30<06:28,  2.24s/it] 31%|███▏      | 11/35 [00:28<01:01,  2.56s/it] 20%|█▉        | 42/214 [01:32<06:22,  2.23s/it] 34%|███▍      | 12/35 [00:31<00:58,  2.55s/it] 20%|██        | 43/214 [01:34<06:00,  2.11s/it] 21%|██        | 44/214 [01:36<06:01,  2.13s/it] 37%|███▋      | 13/35 [00:33<00:56,  2.56s/it] 21%|██        | 45/214 [01:38<06:07,  2.17s/it] 40%|████      | 14/35 [00:36<00:52,  2.48s/it] 43%|████▎     | 15/35 [00:38<00:47,  2.39s/it] 21%|██▏       | 46/214 [01:41<06:11,  2.21s/it] 22%|██▏       | 47/214 [01:43<06:05,  2.19s/it] 46%|████▌     | 16/35 [00:41<00:47,  2.48s/it] 22%|██▏       | 48/214 [01:45<05:57,  2.15s/it] 49%|████▊     | 17/35 [00:43<00:46,  2.57s/it] 23%|██▎       | 49/214 [01:47<06:02,  2.20s/it] 51%|█████▏    | 18/35 [00:46<00:44,  2.63s/it] 23%|██▎       | 50/214 [01:49<05:57,  2.18s/it] 24%|██▍       | 51/214 [01:52<05:55,  2.18s/it] 54%|█████▍    | 19/35 [00:49<00:43,  2.72s/it] 24%|██▍       | 52/214 [01:54<05:52,  2.18s/it] 57%|█████▋    | 20/35 [00:52<00:40,  2.67s/it] 25%|██▍       | 53/214 [01:56<05:54,  2.20s/it] 60%|██████    | 21/35 [00:54<00:37,  2.66s/it] 25%|██▌       | 54/214 [01:58<05:55,  2.22s/it] 63%|██████▎   | 22/35 [00:57<00:33,  2.57s/it] 26%|██▌       | 55/214 [02:00<05:54,  2.23s/it] 66%|██████▌   | 23/35 [00:59<00:30,  2.51s/it] 26%|██▌       | 56/214 [02:03<05:54,  2.25s/it] 69%|██████▊   | 24/35 [01:01<00:27,  2.47s/it] 27%|██▋       | 57/214 [02:05<05:55,  2.26s/it] 71%|███████▏  | 25/35 [01:04<00:25,  2.54s/it] 27%|██▋       | 58/214 [02:07<05:50,  2.25s/it] 74%|███████▍  | 26/35 [01:07<00:23,  2.57s/it] 28%|██▊       | 59/214 [02:09<05:47,  2.24s/it] 28%|██▊       | 60/214 [02:12<05:43,  2.23s/it] 77%|███████▋  | 27/35 [01:09<00:21,  2.63s/it] 29%|██▊       | 61/214 [02:14<05:41,  2.23s/it] 80%|████████  | 28/35 [01:12<00:18,  2.70s/it] 29%|██▉       | 62/214 [02:16<05:38,  2.23s/it] 83%|████████▎ | 29/35 [01:15<00:16,  2.72s/it] 29%|██▉       | 63/214 [02:18<05:36,  2.23s/it] 86%|████████▌ | 30/35 [01:18<00:13,  2.70s/it] 30%|██▉       | 64/214 [02:21<05:33,  2.22s/it] 30%|███       | 65/214 [02:23<05:31,  2.23s/it] 89%|████████▊ | 31/35 [01:20<00:10,  2.64s/it] 31%|███       | 66/214 [02:25<05:32,  2.25s/it] 91%|█████████▏| 32/35 [01:23<00:07,  2.64s/it] 31%|███▏      | 67/214 [02:27<05:30,  2.25s/it] 94%|█████████▍| 33/35 [01:25<00:05,  2.60s/it] 32%|███▏      | 68/214 [02:30<05:25,  2.23s/it] 97%|█████████▋| 34/35 [01:28<00:02,  2.61s/it] 32%|███▏      | 69/214 [02:32<05:20,  2.21s/it]100%|██████████| 35/35 [01:30<00:00,  2.44s/it]100%|██████████| 35/35 [01:30<00:00,  2.59s/it]
 33%|███▎      | 70/214 [02:34<05:20,  2.23s/it] 33%|███▎      | 71/214 [02:36<05:15,  2.21s/it] 34%|███▎      | 72/214 [02:38<05:19,  2.25s/it] 34%|███▍      | 73/214 [02:41<05:18,  2.26s/it]/root/kallini_data/babylm_data/babylm_test/aochildes_parsed.json
  0%|          | 0/3 [00:00<?, ?it/s] 35%|███▍      | 74/214 [02:43<05:14,  2.24s/it] 33%|███▎      | 1/3 [00:01<00:03,  1.99s/it] 35%|███▌      | 75/214 [02:45<05:09,  2.23s/it] 67%|██████▋   | 2/3 [00:03<00:01,  1.99s/it]100%|██████████| 3/3 [00:04<00:00,  1.45s/it]100%|██████████| 3/3 [00:04<00:00,  1.59s/it]
 36%|███▌      | 76/214 [02:48<05:12,  2.26s/it]/root/kallini_data/babylm_data/babylm_test/bnc_spoken_parsed.json
  0%|          | 0/20 [00:00<?, ?it/s]  5%|▌         | 1/20 [00:00<00:08,  2.17it/s] 10%|█         | 2/20 [00:00<00:07,  2.45it/s] 15%|█▌        | 3/20 [00:01<00:06,  2.66it/s] 20%|██        | 4/20 [00:01<00:08,  1.92it/s] 36%|███▌      | 77/214 [02:50<05:08,  2.25s/it] 25%|██▌       | 5/20 [00:02<00:07,  2.01it/s] 30%|███       | 6/20 [00:02<00:06,  2.10it/s] 35%|███▌      | 7/20 [00:03<00:05,  2.23it/s] 40%|████      | 8/20 [00:03<00:05,  2.38it/s] 45%|████▌     | 9/20 [00:03<00:04,  2.37it/s] 36%|███▋      | 78/214 [02:52<05:09,  2.28s/it] 50%|█████     | 10/20 [00:04<00:05,  1.98it/s] 55%|█████▌    | 11/20 [00:04<00:03,  2.32it/s] 60%|██████    | 12/20 [00:05<00:03,  2.43it/s] 65%|██████▌   | 13/20 [00:05<00:02,  2.59it/s] 70%|███████   | 14/20 [00:06<00:02,  2.53it/s] 75%|███████▌  | 15/20 [00:06<00:01,  2.55it/s] 37%|███▋      | 79/214 [02:54<05:06,  2.27s/it] 80%|████████  | 16/20 [00:06<00:01,  2.45it/s] 85%|████████▌ | 17/20 [00:07<00:01,  2.49it/s] 90%|█████████ | 18/20 [00:07<00:00,  2.67it/s] 95%|█████████▌| 19/20 [00:07<00:00,  2.72it/s]100%|██████████| 20/20 [00:08<00:00,  2.26it/s]100%|██████████| 20/20 [00:08<00:00,  2.34it/s]
/root/kallini_data/babylm_data/babylm_test/cbt_parsed.json
  0%|          | 0/4 [00:00<?, ?it/s] 37%|███▋      | 80/214 [02:57<05:03,  2.26s/it] 25%|██▌       | 1/4 [00:00<00:02,  1.32it/s] 50%|█████     | 2/4 [00:01<00:01,  1.46it/s] 75%|███████▌  | 3/4 [00:02<00:00,  1.49it/s]100%|██████████| 4/4 [00:02<00:00,  2.02it/s]100%|██████████| 4/4 [00:02<00:00,  1.76it/s]
/root/kallini_data/babylm_data/babylm_test/children_stories_parsed.json
  0%|          | 0/2 [00:00<?, ?it/s] 38%|███▊      | 81/214 [02:59<05:03,  2.28s/it] 50%|█████     | 1/2 [00:01<00:01,  1.78s/it] 38%|███▊      | 82/214 [03:01<04:56,  2.24s/it]100%|██████████| 2/2 [00:02<00:00,  1.26s/it]100%|██████████| 2/2 [00:02<00:00,  1.34s/it]
/root/kallini_data/babylm_data/babylm_test/gutenberg_parsed.json
  0%|          | 0/4 [00:00<?, ?it/s] 39%|███▉      | 83/214 [03:03<04:49,  2.21s/it] 25%|██▌       | 1/4 [00:02<00:08,  2.74s/it] 39%|███▉      | 84/214 [03:05<04:48,  2.22s/it] 50%|█████     | 2/4 [00:05<00:05,  2.51s/it] 40%|███▉      | 85/214 [03:08<04:48,  2.24s/it] 75%|███████▌  | 3/4 [00:07<00:02,  2.43s/it]100%|██████████| 4/4 [00:07<00:00,  1.67s/it]100%|██████████| 4/4 [00:07<00:00,  1.98s/it]
 40%|████      | 86/214 [03:10<04:48,  2.25s/it]/root/kallini_data/babylm_data/babylm_test/open_subtitles_parsed.json
  0%|          | 0/20 [00:00<?, ?it/s] 41%|████      | 87/214 [03:12<04:46,  2.25s/it]  5%|▌         | 1/20 [00:02<00:41,  2.19s/it] 41%|████      | 88/214 [03:14<04:40,  2.22s/it] 10%|█         | 2/20 [00:04<00:37,  2.11s/it] 42%|████▏     | 89/214 [03:17<04:40,  2.24s/it] 15%|█▌        | 3/20 [00:06<00:35,  2.10s/it] 42%|████▏     | 90/214 [03:19<04:34,  2.22s/it] 20%|██        | 4/20 [00:08<00:33,  2.11s/it] 43%|████▎     | 91/214 [03:21<04:34,  2.23s/it] 25%|██▌       | 5/20 [00:10<00:32,  2.13s/it] 43%|████▎     | 92/214 [03:23<04:31,  2.22s/it] 30%|███       | 6/20 [00:12<00:29,  2.11s/it] 43%|████▎     | 93/214 [03:25<04:26,  2.20s/it] 35%|███▌      | 7/20 [00:14<00:27,  2.14s/it] 44%|████▍     | 94/214 [03:28<04:23,  2.19s/it] 40%|████      | 8/20 [00:17<00:25,  2.14s/it] 44%|████▍     | 95/214 [03:30<04:20,  2.19s/it] 45%|████▌     | 9/20 [00:19<00:23,  2.13s/it] 45%|████▍     | 96/214 [03:32<04:22,  2.23s/it] 50%|█████     | 10/20 [00:21<00:21,  2.13s/it]Token indices sequence length is longer than the specified maximum sequence length for this model (4107 > 1024). Running this sequence through the model will result in indexing errors
 55%|█████▌    | 11/20 [00:23<00:18,  2.07s/it] 45%|████▌     | 97/214 [03:34<04:21,  2.24s/it] 60%|██████    | 12/20 [00:25<00:16,  2.07s/it] 46%|████▌     | 98/214 [03:37<04:19,  2.24s/it] 65%|██████▌   | 13/20 [00:27<00:14,  2.11s/it] 46%|████▋     | 99/214 [03:39<04:16,  2.23s/it] 70%|███████   | 14/20 [00:29<00:12,  2.14s/it] 47%|████▋     | 100/214 [03:41<04:11,  2.21s/it] 75%|███████▌  | 15/20 [00:31<00:10,  2.16s/it] 47%|████▋     | 101/214 [03:43<04:13,  2.25s/it] 80%|████████  | 16/20 [00:34<00:08,  2.16s/it] 48%|████▊     | 102/214 [03:46<04:08,  2.22s/it] 85%|████████▌ | 17/20 [00:36<00:06,  2.14s/it] 48%|████▊     | 103/214 [03:48<04:07,  2.23s/it] 90%|█████████ | 18/20 [00:38<00:04,  2.15s/it] 49%|████▊     | 104/214 [03:50<04:05,  2.23s/it] 95%|█████████▌| 19/20 [00:40<00:02,  2.16s/it]100%|██████████| 20/20 [00:41<00:00,  1.68s/it]100%|██████████| 20/20 [00:41<00:00,  2.05s/it]
 49%|████▉     | 105/214 [03:52<04:01,  2.22s/it]/root/kallini_data/babylm_data/babylm_test/qed_parsed.json
  0%|          | 0/5 [00:00<?, ?it/s] 50%|████▉     | 106/214 [03:54<03:59,  2.22s/it] 20%|██        | 1/5 [00:02<00:10,  2.64s/it] 50%|█████     | 107/214 [03:57<03:57,  2.22s/it] 40%|████      | 2/5 [00:05<00:07,  2.64s/it] 50%|█████     | 108/214 [03:59<03:54,  2.21s/it] 60%|██████    | 3/5 [00:07<00:05,  2.57s/it] 51%|█████     | 109/214 [04:01<03:51,  2.21s/it] 51%|█████▏    | 110/214 [04:03<03:47,  2.19s/it] 80%|████████  | 4/5 [00:10<00:02,  2.61s/it]100%|██████████| 5/5 [00:11<00:00,  2.11s/it]100%|██████████| 5/5 [00:11<00:00,  2.33s/it]
/root/kallini_data/babylm_data/babylm_test/simple_wikipedia_parsed.json
  0%|          | 0/9 [00:00<?, ?it/s] 52%|█████▏    | 111/214 [04:06<03:50,  2.24s/it] 11%|█         | 1/9 [00:01<00:13,  1.73s/it] 52%|█████▏    | 112/214 [04:08<03:46,  2.22s/it] 22%|██▏       | 2/9 [00:03<00:12,  1.83s/it] 53%|█████▎    | 113/214 [04:10<03:47,  2.25s/it] 33%|███▎      | 3/9 [00:05<00:10,  1.76s/it] 44%|████▍     | 4/9 [00:07<00:08,  1.76s/it] 53%|█████▎    | 114/214 [04:12<03:43,  2.23s/it] 56%|█████▌    | 5/9 [00:09<00:07,  1.89s/it] 54%|█████▎    | 115/214 [04:14<03:40,  2.22s/it] 67%|██████▋   | 6/9 [00:11<00:05,  1.99s/it] 54%|█████▍    | 116/214 [04:17<03:37,  2.21s/it] 78%|███████▊  | 7/9 [00:13<00:04,  2.03s/it] 55%|█████▍    | 117/214 [04:19<03:43,  2.30s/it] 89%|████████▉ | 8/9 [00:15<00:02,  2.10s/it] 55%|█████▌    | 118/214 [04:21<03:40,  2.30s/it]100%|██████████| 9/9 [00:17<00:00,  2.03s/it]100%|██████████| 9/9 [00:17<00:00,  1.96s/it]
/root/kallini_data/babylm_data/babylm_test/switchboard_parsed.json
  0%|          | 0/1 [00:00<?, ?it/s] 56%|█████▌    | 119/214 [04:24<03:33,  2.25s/it]100%|██████████| 1/1 [00:01<00:00,  1.39s/it]100%|██████████| 1/1 [00:01<00:00,  1.39s/it]
/root/kallini_data/babylm_data/babylm_test/wikipedia_parsed.json
  0%|          | 0/5 [00:00<?, ?it/s] 56%|█████▌    | 120/214 [04:26<03:29,  2.23s/it] 20%|██        | 1/5 [00:02<00:09,  2.28s/it] 57%|█████▋    | 121/214 [04:28<03:28,  2.24s/it] 40%|████      | 2/5 [00:04<00:07,  2.36s/it] 57%|█████▋    | 122/214 [04:30<03:24,  2.23s/it] 60%|██████    | 3/5 [00:07<00:04,  2.49s/it] 57%|█████▋    | 123/214 [04:32<03:21,  2.21s/it] 80%|████████  | 4/5 [00:09<00:02,  2.42s/it] 58%|█████▊    | 124/214 [04:35<03:22,  2.25s/it]100%|██████████| 5/5 [00:10<00:00,  1.92s/it]100%|██████████| 5/5 [00:10<00:00,  2.14s/it]
 58%|█████▊    | 125/214 [04:37<03:20,  2.26s/it] 59%|█████▉    | 126/214 [04:39<03:18,  2.25s/it] 59%|█████▉    | 127/214 [04:42<03:19,  2.29s/it] 60%|█████▉    | 128/214 [04:44<03:12,  2.24s/it] 60%|██████    | 129/214 [04:46<03:15,  2.30s/it] 61%|██████    | 130/214 [04:48<03:09,  2.26s/it] 61%|██████    | 131/214 [04:51<03:07,  2.25s/it] 62%|██████▏   | 132/214 [04:53<03:05,  2.26s/it] 62%|██████▏   | 133/214 [04:55<03:00,  2.23s/it] 63%|██████▎   | 134/214 [04:57<02:58,  2.23s/it] 63%|██████▎   | 135/214 [04:59<02:52,  2.18s/it] 64%|██████▎   | 136/214 [05:02<02:53,  2.22s/it] 64%|██████▍   | 137/214 [05:04<02:52,  2.23s/it] 64%|██████▍   | 138/214 [05:06<02:48,  2.22s/it] 65%|██████▍   | 139/214 [05:08<02:47,  2.23s/it] 65%|██████▌   | 140/214 [05:10<02:41,  2.18s/it] 66%|██████▌   | 141/214 [05:13<02:39,  2.19s/it] 66%|██████▋   | 142/214 [05:15<02:37,  2.18s/it] 67%|██████▋   | 143/214 [05:17<02:35,  2.19s/it] 67%|██████▋   | 144/214 [05:19<02:33,  2.20s/it] 68%|██████▊   | 145/214 [05:21<02:31,  2.19s/it] 68%|██████▊   | 146/214 [05:24<02:31,  2.23s/it] 69%|██████▊   | 147/214 [05:26<02:29,  2.23s/it] 69%|██████▉   | 148/214 [05:28<02:27,  2.23s/it] 70%|██████▉   | 149/214 [05:30<02:25,  2.23s/it] 70%|███████   | 150/214 [05:33<02:24,  2.26s/it] 71%|███████   | 151/214 [05:35<02:21,  2.25s/it] 71%|███████   | 152/214 [05:37<02:18,  2.24s/it] 71%|███████▏  | 153/214 [05:39<02:13,  2.19s/it] 72%|███████▏  | 154/214 [05:41<02:12,  2.21s/it] 72%|███████▏  | 155/214 [05:44<02:11,  2.23s/it] 73%|███████▎  | 156/214 [05:46<02:10,  2.24s/it] 73%|███████▎  | 157/214 [05:48<02:07,  2.23s/it] 74%|███████▍  | 158/214 [05:51<02:06,  2.26s/it] 74%|███████▍  | 159/214 [05:53<02:03,  2.25s/it] 75%|███████▍  | 160/214 [05:55<02:01,  2.24s/it] 75%|███████▌  | 161/214 [05:57<01:58,  2.23s/it] 76%|███████▌  | 162/214 [05:59<01:55,  2.23s/it] 76%|███████▌  | 163/214 [06:02<01:54,  2.24s/it] 77%|███████▋  | 164/214 [06:04<01:51,  2.23s/it] 77%|███████▋  | 165/214 [06:06<01:49,  2.23s/it] 78%|███████▊  | 166/214 [06:08<01:44,  2.19s/it] 78%|███████▊  | 167/214 [06:10<01:44,  2.22s/it] 79%|███████▊  | 168/214 [06:13<01:42,  2.23s/it] 79%|███████▉  | 169/214 [06:15<01:39,  2.21s/it] 79%|███████▉  | 170/214 [06:17<01:36,  2.19s/it] 80%|███████▉  | 171/214 [06:19<01:33,  2.18s/it] 80%|████████  | 172/214 [06:21<01:32,  2.21s/it] 81%|████████  | 173/214 [06:24<01:30,  2.22s/it] 81%|████████▏ | 174/214 [06:26<01:28,  2.20s/it] 82%|████████▏ | 175/214 [06:28<01:29,  2.31s/it] 82%|████████▏ | 176/214 [06:31<01:27,  2.30s/it] 83%|████████▎ | 177/214 [06:33<01:23,  2.26s/it] 83%|████████▎ | 178/214 [06:35<01:22,  2.29s/it] 84%|████████▎ | 179/214 [06:37<01:18,  2.25s/it] 84%|████████▍ | 180/214 [06:40<01:16,  2.26s/it] 85%|████████▍ | 181/214 [06:42<01:15,  2.29s/it] 85%|████████▌ | 182/214 [06:44<01:11,  2.24s/it] 86%|████████▌ | 183/214 [06:46<01:09,  2.25s/it] 86%|████████▌ | 184/214 [06:49<01:07,  2.24s/it] 86%|████████▋ | 185/214 [06:51<01:04,  2.24s/it] 87%|████████▋ | 186/214 [06:53<01:02,  2.24s/it] 87%|████████▋ | 187/214 [06:55<01:00,  2.25s/it] 88%|████████▊ | 188/214 [06:58<00:58,  2.24s/it] 88%|████████▊ | 189/214 [07:00<00:55,  2.23s/it] 89%|████████▉ | 190/214 [07:02<00:54,  2.26s/it] 89%|████████▉ | 191/214 [07:04<00:52,  2.27s/it] 90%|████████▉ | 192/214 [07:07<00:49,  2.27s/it] 90%|█████████ | 193/214 [07:09<00:47,  2.26s/it] 91%|█████████ | 194/214 [07:11<00:45,  2.26s/it] 91%|█████████ | 195/214 [07:14<00:43,  2.28s/it] 92%|█████████▏| 196/214 [07:16<00:41,  2.28s/it] 92%|█████████▏| 197/214 [07:18<00:38,  2.28s/it] 93%|█████████▎| 198/214 [07:20<00:36,  2.27s/it] 93%|█████████▎| 199/214 [07:23<00:33,  2.23s/it] 93%|█████████▎| 200/214 [07:25<00:31,  2.24s/it] 94%|█████████▍| 201/214 [07:27<00:28,  2.22s/it] 94%|█████████▍| 202/214 [07:29<00:26,  2.22s/it] 95%|█████████▍| 203/214 [07:32<00:24,  2.27s/it] 95%|█████████▌| 204/214 [07:34<00:22,  2.28s/it] 96%|█████████▌| 205/214 [07:36<00:20,  2.30s/it] 96%|█████████▋| 206/214 [07:38<00:18,  2.30s/it] 97%|█████████▋| 207/214 [07:41<00:16,  2.30s/it] 97%|█████████▋| 208/214 [07:43<00:13,  2.30s/it] 98%|█████████▊| 209/214 [07:45<00:11,  2.29s/it] 98%|█████████▊| 210/214 [07:48<00:09,  2.26s/it] 99%|█████████▊| 211/214 [07:50<00:06,  2.24s/it] 99%|█████████▉| 212/214 [07:52<00:04,  2.32s/it]100%|█████████▉| 213/214 [07:55<00:02,  2.30s/it]100%|██████████| 214/214 [07:55<00:00,  1.79s/it]100%|██████████| 214/214 [07:55<00:00,  2.22s/it]
/root/kallini_data/babylm_data/babylm_100M/qed_parsed.json
  0%|          | 0/37 [00:00<?, ?it/s]  3%|▎         | 1/37 [00:02<01:40,  2.80s/it]  5%|▌         | 2/37 [00:05<01:40,  2.87s/it]  8%|▊         | 3/37 [00:08<01:36,  2.84s/it] 11%|█         | 4/37 [00:11<01:32,  2.80s/it] 14%|█▎        | 5/37 [00:14<01:30,  2.82s/it] 16%|█▌        | 6/37 [00:16<01:27,  2.81s/it] 19%|█▉        | 7/37 [00:19<01:24,  2.81s/it] 22%|██▏       | 8/37 [00:22<01:22,  2.86s/it] 24%|██▍       | 9/37 [00:25<01:19,  2.83s/it] 27%|██▋       | 10/37 [00:28<01:16,  2.82s/it] 30%|██▉       | 11/37 [00:31<01:13,  2.83s/it] 32%|███▏      | 12/37 [00:33<01:09,  2.79s/it] 35%|███▌      | 13/37 [00:36<01:07,  2.82s/it] 38%|███▊      | 14/37 [00:39<01:04,  2.81s/it] 41%|████      | 15/37 [00:42<01:02,  2.84s/it] 43%|████▎     | 16/37 [00:45<00:58,  2.81s/it] 46%|████▌     | 17/37 [00:48<00:56,  2.84s/it] 49%|████▊     | 18/37 [00:50<00:54,  2.85s/it] 51%|█████▏    | 19/37 [00:54<00:54,  3.01s/it] 54%|█████▍    | 20/37 [00:57<00:50,  2.97s/it] 57%|█████▋    | 21/37 [01:00<00:47,  2.98s/it] 59%|█████▉    | 22/37 [01:03<00:45,  3.01s/it] 62%|██████▏   | 23/37 [01:06<00:42,  3.05s/it] 65%|██████▍   | 24/37 [01:09<00:39,  3.07s/it] 68%|██████▊   | 25/37 [01:12<00:35,  2.99s/it] 70%|███████   | 26/37 [01:15<00:32,  2.96s/it] 73%|███████▎  | 27/37 [01:18<00:29,  3.00s/it] 76%|███████▌  | 28/37 [01:21<00:27,  3.03s/it] 78%|███████▊  | 29/37 [01:24<00:24,  3.02s/it] 81%|████████  | 30/37 [01:27<00:21,  3.00s/it] 84%|████████▍ | 31/37 [01:30<00:17,  2.93s/it] 86%|████████▋ | 32/37 [01:32<00:14,  2.87s/it] 89%|████████▉ | 33/37 [01:35<00:11,  2.86s/it] 92%|█████████▏| 34/37 [01:38<00:08,  2.82s/it] 95%|█████████▍| 35/37 [01:41<00:05,  2.78s/it] 97%|█████████▋| 36/37 [01:44<00:02,  2.84s/it]100%|██████████| 37/37 [01:46<00:00,  2.68s/it]100%|██████████| 37/37 [01:46<00:00,  2.87s/it]
/root/kallini_data/babylm_data/babylm_100M/simple_wikipedia_parsed.json
  0%|          | 0/74 [00:00<?, ?it/s]  1%|▏         | 1/74 [00:01<02:21,  1.94s/it]  3%|▎         | 2/74 [00:03<02:22,  1.98s/it]  4%|▍         | 3/74 [00:05<02:18,  1.95s/it]  5%|▌         | 4/74 [00:07<02:16,  1.96s/it]  7%|▋         | 5/74 [00:09<02:15,  1.96s/it]  8%|▊         | 6/74 [00:11<02:09,  1.91s/it]  9%|▉         | 7/74 [00:13<02:10,  1.95s/it] 11%|█         | 8/74 [00:15<02:12,  2.00s/it] 12%|█▏        | 9/74 [00:17<02:04,  1.92s/it] 14%|█▎        | 10/74 [00:19<02:01,  1.91s/it] 15%|█▍        | 11/74 [00:21<01:58,  1.89s/it] 16%|█▌        | 12/74 [00:23<01:56,  1.87s/it] 18%|█▊        | 13/74 [00:24<01:53,  1.86s/it] 19%|█▉        | 14/74 [00:26<01:49,  1.82s/it] 20%|██        | 15/74 [00:28<01:48,  1.83s/it] 22%|██▏       | 16/74 [00:30<01:46,  1.84s/it] 23%|██▎       | 17/74 [00:32<01:47,  1.89s/it] 24%|██▍       | 18/74 [00:34<01:52,  2.02s/it] 26%|██▌       | 19/74 [00:37<01:57,  2.14s/it] 27%|██▋       | 20/74 [00:39<02:00,  2.24s/it] 28%|██▊       | 21/74 [00:41<01:59,  2.25s/it] 30%|██▉       | 22/74 [00:43<01:55,  2.21s/it] 31%|███       | 23/74 [00:46<01:52,  2.21s/it] 32%|███▏      | 24/74 [00:48<01:48,  2.16s/it] 34%|███▍      | 25/74 [00:50<01:42,  2.09s/it] 35%|███▌      | 26/74 [00:51<01:35,  2.00s/it] 36%|███▋      | 27/74 [00:54<01:36,  2.04s/it] 38%|███▊      | 28/74 [00:56<01:32,  2.02s/it] 39%|███▉      | 29/74 [00:58<01:30,  2.02s/it] 41%|████      | 30/74 [01:00<01:28,  2.01s/it] 42%|████▏     | 31/74 [01:01<01:24,  1.96s/it] 43%|████▎     | 32/74 [01:03<01:19,  1.89s/it] 45%|████▍     | 33/74 [01:05<01:16,  1.87s/it] 46%|████▌     | 34/74 [01:07<01:14,  1.86s/it] 47%|████▋     | 35/74 [01:09<01:13,  1.89s/it] 49%|████▊     | 36/74 [01:11<01:11,  1.88s/it] 50%|█████     | 37/74 [01:12<01:09,  1.89s/it] 51%|█████▏    | 38/74 [01:15<01:11,  1.98s/it] 53%|█████▎    | 39/74 [01:17<01:12,  2.08s/it] 54%|█████▍    | 40/74 [01:19<01:11,  2.11s/it] 55%|█████▌    | 41/74 [01:21<01:10,  2.14s/it] 57%|█████▋    | 42/74 [01:23<01:06,  2.09s/it] 58%|█████▊    | 43/74 [01:26<01:06,  2.16s/it] 59%|█████▉    | 44/74 [01:28<01:05,  2.20s/it] 61%|██████    | 45/74 [01:30<01:03,  2.19s/it] 62%|██████▏   | 46/74 [01:32<01:00,  2.17s/it] 64%|██████▎   | 47/74 [01:35<00:59,  2.20s/it] 65%|██████▍   | 48/74 [01:37<00:57,  2.20s/it] 66%|██████▌   | 49/74 [01:39<00:54,  2.18s/it] 68%|██████▊   | 50/74 [01:41<00:51,  2.14s/it] 69%|██████▉   | 51/74 [01:43<00:48,  2.12s/it] 70%|███████   | 52/74 [01:44<00:42,  1.94s/it] 72%|███████▏  | 53/74 [01:46<00:40,  1.95s/it] 73%|███████▎  | 54/74 [01:49<00:39,  1.98s/it] 74%|███████▍  | 55/74 [01:51<00:38,  2.03s/it] 76%|███████▌  | 56/74 [01:53<00:38,  2.16s/it] 77%|███████▋  | 57/74 [01:55<00:36,  2.14s/it] 78%|███████▊  | 58/74 [01:58<00:35,  2.19s/it] 80%|███████▉  | 59/74 [02:00<00:33,  2.23s/it] 81%|████████  | 60/74 [02:02<00:31,  2.23s/it] 82%|████████▏ | 61/74 [02:04<00:29,  2.26s/it] 84%|████████▍ | 62/74 [02:07<00:27,  2.26s/it] 85%|████████▌ | 63/74 [02:09<00:24,  2.27s/it] 86%|████████▋ | 64/74 [02:11<00:22,  2.30s/it] 88%|████████▊ | 65/74 [02:14<00:20,  2.31s/it] 89%|████████▉ | 66/74 [02:16<00:18,  2.27s/it] 91%|█████████ | 67/74 [02:18<00:14,  2.14s/it] 92%|█████████▏| 68/74 [02:20<00:12,  2.15s/it] 93%|█████████▎| 69/74 [02:22<00:10,  2.14s/it] 95%|█████████▍| 70/74 [02:24<00:08,  2.11s/it] 96%|█████████▌| 71/74 [02:25<00:05,  1.86s/it] 97%|█████████▋| 72/74 [02:27<00:03,  1.87s/it] 99%|█████████▊| 73/74 [02:29<00:01,  1.89s/it]100%|██████████| 74/74 [02:29<00:00,  1.39s/it]100%|██████████| 74/74 [02:29<00:00,  2.02s/it]
/root/kallini_data/babylm_data/babylm_100M/switchboard_parsed.json
  0%|          | 0/7 [00:00<?, ?it/s] 14%|█▍        | 1/7 [00:01<00:10,  1.81s/it] 29%|██▊       | 2/7 [00:03<00:08,  1.76s/it] 43%|████▎     | 3/7 [00:05<00:07,  1.75s/it] 57%|█████▋    | 4/7 [00:06<00:05,  1.74s/it] 71%|███████▏  | 5/7 [00:08<00:03,  1.74s/it] 86%|████████▌ | 6/7 [00:10<00:01,  1.73s/it]100%|██████████| 7/7 [00:11<00:00,  1.43s/it]100%|██████████| 7/7 [00:11<00:00,  1.61s/it]
/root/kallini_data/babylm_data/babylm_100M/wikipedia_parsed.json
  0%|          | 0/35 [00:00<?, ?it/s]  3%|▎         | 1/35 [00:03<01:42,  3.03s/it]  6%|▌         | 2/35 [00:06<01:39,  3.02s/it]  9%|▊         | 3/35 [00:08<01:30,  2.83s/it] 11%|█▏        | 4/35 [00:11<01:25,  2.75s/it] 14%|█▍        | 5/35 [00:13<01:19,  2.64s/it] 17%|█▋        | 6/35 [00:15<01:07,  2.34s/it] 20%|██        | 7/35 [00:18<01:11,  2.54s/it] 23%|██▎       | 8/35 [00:21<01:10,  2.62s/it] 26%|██▌       | 9/35 [00:23<01:04,  2.49s/it] 29%|██▊       | 10/35 [00:26<01:04,  2.56s/it] 31%|███▏      | 11/35 [00:28<01:01,  2.56s/it] 34%|███▍      | 12/35 [00:31<00:58,  2.55s/it] 37%|███▋      | 13/35 [00:33<00:55,  2.54s/it] 40%|████      | 14/35 [00:36<00:51,  2.47s/it] 43%|████▎     | 15/35 [00:38<00:47,  2.37s/it] 46%|████▌     | 16/35 [00:40<00:47,  2.48s/it] 49%|████▊     | 17/35 [00:43<00:46,  2.57s/it] 51%|█████▏    | 18/35 [00:46<00:45,  2.68s/it] 54%|█████▍    | 19/35 [00:49<00:44,  2.80s/it] 57%|█████▋    | 20/35 [00:52<00:41,  2.77s/it] 60%|██████    | 21/35 [00:55<00:38,  2.75s/it] 63%|██████▎   | 22/35 [00:57<00:34,  2.68s/it] 66%|██████▌   | 23/35 [01:00<00:31,  2.64s/it] 69%|██████▊   | 24/35 [01:02<00:28,  2.61s/it] 71%|███████▏  | 25/35 [01:05<00:26,  2.69s/it] 74%|███████▍  | 26/35 [01:08<00:24,  2.72s/it] 77%|███████▋  | 27/35 [01:11<00:22,  2.81s/it] 80%|████████  | 28/35 [01:14<00:20,  2.87s/it] 83%|████████▎ | 29/35 [01:17<00:17,  2.85s/it] 86%|████████▌ | 30/35 [01:19<00:13,  2.80s/it] 89%|████████▊ | 31/35 [01:22<00:10,  2.71s/it] 91%|█████████▏| 32/35 [01:25<00:08,  2.68s/it] 94%|█████████▍| 33/35 [01:27<00:05,  2.64s/it] 97%|█████████▋| 34/35 [01:30<00:02,  2.59s/it]100%|██████████| 35/35 [01:32<00:00,  2.41s/it]100%|██████████| 35/35 [01:32<00:00,  2.63s/it]
/root/kallini_data/babylm_data/babylm_test/aochildes_parsed.json
  0%|          | 0/3 [00:00<?, ?it/s] 33%|███▎      | 1/3 [00:02<00:04,  2.20s/it] 67%|██████▋   | 2/3 [00:04<00:02,  2.19s/it]100%|██████████| 3/3 [00:05<00:00,  1.58s/it]100%|██████████| 3/3 [00:05<00:00,  1.75s/it]
/root/kallini_data/babylm_data/babylm_test/bnc_spoken_parsed.json
  0%|          | 0/20 [00:00<?, ?it/s]  5%|▌         | 1/20 [00:00<00:09,  2.04it/s] 10%|█         | 2/20 [00:00<00:07,  2.27it/s] 15%|█▌        | 3/20 [00:01<00:06,  2.47it/s] 20%|██        | 4/20 [00:02<00:09,  1.78it/s] 25%|██▌       | 5/20 [00:02<00:08,  1.86it/s] 30%|███       | 6/20 [00:03<00:07,  1.93it/s] 35%|███▌      | 7/20 [00:03<00:06,  2.06it/s] 40%|████      | 8/20 [00:03<00:05,  2.20it/s] 45%|████▌     | 9/20 [00:04<00:05,  2.20it/s] 50%|█████     | 10/20 [00:05<00:05,  1.84it/s] 55%|█████▌    | 11/20 [00:05<00:04,  2.17it/s] 60%|██████    | 12/20 [00:05<00:03,  2.32it/s] 65%|██████▌   | 13/20 [00:06<00:02,  2.49it/s] 70%|███████   | 14/20 [00:06<00:02,  2.44it/s] 75%|███████▌  | 15/20 [00:06<00:02,  2.49it/s] 80%|████████  | 16/20 [00:07<00:01,  2.57it/s] 85%|████████▌ | 17/20 [00:07<00:01,  2.68it/s] 90%|█████████ | 18/20 [00:07<00:00,  2.82it/s] 95%|█████████▌| 19/20 [00:08<00:00,  2.84it/s]100%|██████████| 20/20 [00:08<00:00,  2.32it/s]100%|██████████| 20/20 [00:08<00:00,  2.28it/s]
/root/kallini_data/babylm_data/babylm_test/cbt_parsed.json
  0%|          | 0/4 [00:00<?, ?it/s] 25%|██▌       | 1/4 [00:00<00:02,  1.31it/s] 50%|█████     | 2/4 [00:01<00:01,  1.43it/s] 75%|███████▌  | 3/4 [00:02<00:00,  1.46it/s]100%|██████████| 4/4 [00:02<00:00,  1.98it/s]100%|██████████| 4/4 [00:02<00:00,  1.73it/s]
/root/kallini_data/babylm_data/babylm_test/children_stories_parsed.json
  0%|          | 0/2 [00:00<?, ?it/s] 50%|█████     | 1/2 [00:01<00:01,  1.77s/it]100%|██████████| 2/2 [00:02<00:00,  1.25s/it]100%|██████████| 2/2 [00:02<00:00,  1.33s/it]
/root/kallini_data/babylm_data/babylm_test/gutenberg_parsed.json
  0%|          | 0/4 [00:00<?, ?it/s] 25%|██▌       | 1/4 [00:02<00:08,  2.73s/it] 50%|█████     | 2/4 [00:05<00:05,  2.50s/it] 75%|███████▌  | 3/4 [00:07<00:02,  2.41s/it]100%|██████████| 4/4 [00:07<00:00,  1.66s/it]100%|██████████| 4/4 [00:07<00:00,  1.97s/it]
/root/kallini_data/babylm_data/babylm_test/open_subtitles_parsed.json
  0%|          | 0/20 [00:00<?, ?it/s]  5%|▌         | 1/20 [00:02<00:39,  2.09s/it] 10%|█         | 2/20 [00:04<00:37,  2.06s/it] 15%|█▌        | 3/20 [00:06<00:35,  2.07s/it] 20%|██        | 4/20 [00:08<00:33,  2.09s/it] 25%|██▌       | 5/20 [00:10<00:31,  2.12s/it] 30%|███       | 6/20 [00:12<00:29,  2.10s/it] 35%|███▌      | 7/20 [00:14<00:27,  2.13s/it] 40%|████      | 8/20 [00:16<00:25,  2.11s/it] 45%|████▌     | 9/20 [00:18<00:23,  2.11s/it] 50%|█████     | 10/20 [00:21<00:21,  2.12s/it]Token indices sequence length is longer than the specified maximum sequence length for this model (4107 > 1024). Running this sequence through the model will result in indexing errors
 55%|█████▌    | 11/20 [00:23<00:18,  2.07s/it] 60%|██████    | 12/20 [00:25<00:16,  2.07s/it] 65%|██████▌   | 13/20 [00:27<00:14,  2.12s/it] 70%|███████   | 14/20 [00:29<00:12,  2.15s/it] 75%|███████▌  | 15/20 [00:31<00:10,  2.16s/it] 80%|████████  | 16/20 [00:33<00:08,  2.15s/it] 85%|████████▌ | 17/20 [00:35<00:06,  2.13s/it] 90%|█████████ | 18/20 [00:38<00:04,  2.13s/it] 95%|█████████▌| 19/20 [00:40<00:02,  2.15s/it]100%|██████████| 20/20 [00:40<00:00,  1.66s/it]100%|██████████| 20/20 [00:40<00:00,  2.04s/it]
/root/kallini_data/babylm_data/babylm_test/qed_parsed.json
  0%|          | 0/5 [00:00<?, ?it/s] 20%|██        | 1/5 [00:02<00:10,  2.63s/it] 40%|████      | 2/5 [00:05<00:07,  2.63s/it] 60%|██████    | 3/5 [00:07<00:05,  2.54s/it] 80%|████████  | 4/5 [00:10<00:02,  2.58s/it]100%|██████████| 5/5 [00:11<00:00,  2.08s/it]100%|██████████| 5/5 [00:11<00:00,  2.31s/it]
/root/kallini_data/babylm_data/babylm_test/simple_wikipedia_parsed.json
  0%|          | 0/9 [00:00<?, ?it/s] 11%|█         | 1/9 [00:01<00:13,  1.72s/it] 22%|██▏       | 2/9 [00:03<00:12,  1.83s/it] 33%|███▎      | 3/9 [00:05<00:10,  1.76s/it] 44%|████▍     | 4/9 [00:07<00:08,  1.77s/it] 56%|█████▌    | 5/9 [00:09<00:07,  1.87s/it] 67%|██████▋   | 6/9 [00:11<00:05,  1.97s/it] 78%|███████▊  | 7/9 [00:13<00:04,  2.02s/it] 89%|████████▉ | 8/9 [00:15<00:02,  2.09s/it]100%|██████████| 9/9 [00:17<00:00,  1.99s/it]100%|██████████| 9/9 [00:17<00:00,  1.94s/it]
/root/kallini_data/babylm_data/babylm_test/switchboard_parsed.json
  0%|          | 0/1 [00:00<?, ?it/s]100%|██████████| 1/1 [00:01<00:00,  1.37s/it]100%|██████████| 1/1 [00:01<00:00,  1.37s/it]
/root/kallini_data/babylm_data/babylm_test/wikipedia_parsed.json
  0%|          | 0/5 [00:00<?, ?it/s] 20%|██        | 1/5 [00:02<00:09,  2.40s/it] 40%|████      | 2/5 [00:04<00:07,  2.40s/it] 60%|██████    | 3/5 [00:07<00:04,  2.49s/it] 80%|████████  | 4/5 [00:10<00:02,  2.58s/it]100%|██████████| 5/5 [00:11<00:00,  2.07s/it]100%|██████████| 5/5 [00:11<00:00,  2.26s/it]
Token indices sequence length is longer than the specified maximum sequence length for this model (1111 > 1024). Running this sequence through the model will result in indexing errors
parity_word      100M: 763994 sentences -> /root/kallini_data/babylm_data_perturbed/babylm_parity_word/babylm_100M/aochildes_parsed.train
parity_word      100M: 666475 sentences -> /root/kallini_data/babylm_data_perturbed/babylm_parity_word/babylm_100M/bnc_spoken_parsed.train
parity_word      100M: 277290 sentences -> /root/kallini_data/babylm_data_perturbed/babylm_parity_word/babylm_100M/cbt_parsed.train
parity_word      100M: 186508 sentences -> /root/kallini_data/babylm_data_perturbed/babylm_parity_word/babylm_100M/children_stories_parsed.train
parity_word      100M: 511701 sentences -> /root/kallini_data/babylm_data_perturbed/babylm_parity_word/babylm_100M/gutenberg_parsed.train
parity_word      100M: 5135135 sentences -> /root/kallini_data/babylm_data_perturbed/babylm_parity_word/babylm_100M/open_subtitles_parsed.train
parity_word      100M: 867582 sentences -> /root/kallini_data/babylm_data_perturbed/babylm_parity_word/babylm_100M/qed_parsed.train
parity_word      100M: 1023786 sentences -> /root/kallini_data/babylm_data_perturbed/babylm_parity_word/babylm_100M/simple_wikipedia_parsed.train
parity_word      100M: 96717 sentences -> /root/kallini_data/babylm_data_perturbed/babylm_parity_word/babylm_100M/switchboard_parsed.train
parity_word      100M: 513188 sentences -> /root/kallini_data/babylm_data_perturbed/babylm_parity_word/babylm_100M/wikipedia_parsed.train
parity_word      test: 59997 sentences -> /root/kallini_data/babylm_data_perturbed/babylm_parity_word/babylm_test_affected/aochildes_parsed_affected.test
parity_word      test: 75945 sentences -> /root/kallini_data/babylm_data_perturbed/babylm_parity_word/babylm_test_affected/bnc_spoken_parsed_affected.test
parity_word      test: 17319 sentences -> /root/kallini_data/babylm_data_perturbed/babylm_parity_word/babylm_test_affected/cbt_parsed_affected.test
parity_word      test: 18811 sentences -> /root/kallini_data/babylm_data_perturbed/babylm_parity_word/babylm_test_affected/children_stories_parsed_affected.test
parity_word      test: 53994 sentences -> /root/kallini_data/babylm_data_perturbed/babylm_parity_word/babylm_test_affected/gutenberg_parsed_affected.test
parity_word      test: 460274 sentences -> /root/kallini_data/babylm_data_perturbed/babylm_parity_word/babylm_test_affected/open_subtitles_parsed_affected.test
parity_word      test: 103170 sentences -> /root/kallini_data/babylm_data_perturbed/babylm_parity_word/babylm_test_affected/qed_parsed_affected.test
parity_word      test: 127041 sentences -> /root/kallini_data/babylm_data_perturbed/babylm_parity_word/babylm_test_affected/simple_wikipedia_parsed_affected.test
parity_word      test: 11749 sentences -> /root/kallini_data/babylm_data_perturbed/babylm_parity_word/babylm_test_affected/switchboard_parsed_affected.test
parity_word      test: 63714 sentences -> /root/kallini_data/babylm_data_perturbed/babylm_parity_word/babylm_test_affected/wikipedia_parsed_affected.test
parity_tok       100M: 763994 sentences -> /root/kallini_data/babylm_data_perturbed/babylm_parity_tok/babylm_100M/aochildes_parsed.train
parity_tok       100M: 666475 sentences -> /root/kallini_data/babylm_data_perturbed/babylm_parity_tok/babylm_100M/bnc_spoken_parsed.train
parity_tok       100M: 277290 sentences -> /root/kallini_data/babylm_data_perturbed/babylm_parity_tok/babylm_100M/cbt_parsed.train
parity_tok       100M: 186508 sentences -> /root/kallini_data/babylm_data_perturbed/babylm_parity_tok/babylm_100M/children_stories_parsed.train
parity_tok       100M: 511701 sentences -> /root/kallini_data/babylm_data_perturbed/babylm_parity_tok/babylm_100M/gutenberg_parsed.train
parity_tok       100M: 5135135 sentences -> /root/kallini_data/babylm_data_perturbed/babylm_parity_tok/babylm_100M/open_subtitles_parsed.train
parity_tok       100M: 867582 sentences -> /root/kallini_data/babylm_data_perturbed/babylm_parity_tok/babylm_100M/qed_parsed.train
parity_tok       100M: 1023786 sentences -> /root/kallini_data/babylm_data_perturbed/babylm_parity_tok/babylm_100M/simple_wikipedia_parsed.train
parity_tok       100M: 96717 sentences -> /root/kallini_data/babylm_data_perturbed/babylm_parity_tok/babylm_100M/switchboard_parsed.train
parity_tok       100M: 513188 sentences -> /root/kallini_data/babylm_data_perturbed/babylm_parity_tok/babylm_100M/wikipedia_parsed.train
parity_tok       test: 59997 sentences -> /root/kallini_data/babylm_data_perturbed/babylm_parity_tok/babylm_test_affected/aochildes_parsed_affected.test
parity_tok       test: 75945 sentences -> /root/kallini_data/babylm_data_perturbed/babylm_parity_tok/babylm_test_affected/bnc_spoken_parsed_affected.test
parity_tok       test: 17319 sentences -> /root/kallini_data/babylm_data_perturbed/babylm_parity_tok/babylm_test_affected/cbt_parsed_affected.test
parity_tok       test: 18811 sentences -> /root/kallini_data/babylm_data_perturbed/babylm_parity_tok/babylm_test_affected/children_stories_parsed_affected.test
parity_tok       test: 53994 sentences -> /root/kallini_data/babylm_data_perturbed/babylm_parity_tok/babylm_test_affected/gutenberg_parsed_affected.test
parity_tok       test: 460274 sentences -> /root/kallini_data/babylm_data_perturbed/babylm_parity_tok/babylm_test_affected/open_subtitles_parsed_affected.test
parity_tok       test: 103170 sentences -> /root/kallini_data/babylm_data_perturbed/babylm_parity_tok/babylm_test_affected/qed_parsed_affected.test
parity_tok       test: 127041 sentences -> /root/kallini_data/babylm_data_perturbed/babylm_parity_tok/babylm_test_affected/simple_wikipedia_parsed_affected.test
parity_tok       test: 11749 sentences -> /root/kallini_data/babylm_data_perturbed/babylm_parity_tok/babylm_test_affected/switchboard_parsed_affected.test
parity_tok       test: 63714 sentences -> /root/kallini_data/babylm_data_perturbed/babylm_parity_tok/babylm_test_affected/wikipedia_parsed_affected.test
negtok           100M: 763992 sentences -> /root/kallini_data/babylm_data_perturbed/babylm_negtok/babylm_100M/aochildes_parsed.train
negtok           100M: 660815 sentences -> /root/kallini_data/babylm_data_perturbed/babylm_negtok/babylm_100M/bnc_spoken_parsed.train
negtok           100M: 277237 sentences -> /root/kallini_data/babylm_data_perturbed/babylm_negtok/babylm_100M/cbt_parsed.train
negtok           100M: 186432 sentences -> /root/kallini_data/babylm_data_perturbed/babylm_negtok/babylm_100M/children_stories_parsed.train
negtok           100M: 509305 sentences -> /root/kallini_data/babylm_data_perturbed/babylm_negtok/babylm_100M/gutenberg_parsed.train
negtok           100M: 5104670 sentences -> /root/kallini_data/babylm_data_perturbed/babylm_negtok/babylm_100M/open_subtitles_parsed.train
negtok           100M: 858631 sentences -> /root/kallini_data/babylm_data_perturbed/babylm_negtok/babylm_100M/qed_parsed.train
negtok           100M: 1022833 sentences -> /root/kallini_data/babylm_data_perturbed/babylm_negtok/babylm_100M/simple_wikipedia_parsed.train
negtok           100M: 96693 sentences -> /root/kallini_data/babylm_data_perturbed/babylm_negtok/babylm_100M/switchboard_parsed.train
negtok           100M: 512422 sentences -> /root/kallini_data/babylm_data_perturbed/babylm_negtok/babylm_100M/wikipedia_parsed.train
negtok           test: 59997 sentences -> /root/kallini_data/babylm_data_perturbed/babylm_negtok/babylm_test_affected/aochildes_parsed_affected.test
negtok           test: 75644 sentences -> /root/kallini_data/babylm_data_perturbed/babylm_negtok/babylm_test_affected/bnc_spoken_parsed_affected.test
negtok           test: 17316 sentences -> /root/kallini_data/babylm_data_perturbed/babylm_negtok/babylm_test_affected/cbt_parsed_affected.test
negtok           test: 18810 sentences -> /root/kallini_data/babylm_data_perturbed/babylm_negtok/babylm_test_affected/children_stories_parsed_affected.test
negtok           test: 53888 sentences -> /root/kallini_data/babylm_data_perturbed/babylm_negtok/babylm_test_affected/gutenberg_parsed_affected.test
negtok           test: 457495 sentences -> /root/kallini_data/babylm_data_perturbed/babylm_negtok/babylm_test_affected/open_subtitles_parsed_affected.test
negtok           test: 102348 sentences -> /root/kallini_data/babylm_data_perturbed/babylm_negtok/babylm_test_affected/qed_parsed_affected.test
negtok           test: 126937 sentences -> /root/kallini_data/babylm_data_perturbed/babylm_negtok/babylm_test_affected/simple_wikipedia_parsed_affected.test
negtok           test: 11746 sentences -> /root/kallini_data/babylm_data_perturbed/babylm_negtok/babylm_test_affected/switchboard_parsed_affected.test
negtok           test: 63612 sentences -> /root/kallini_data/babylm_data_perturbed/babylm_negtok/babylm_test_affected/wikipedia_parsed_affected.test
fixed_start      100M: 763994 sentences -> /root/kallini_data/babylm_data_perturbed/babylm_fixed_start/babylm_100M/aochildes_parsed.train
fixed_start      100M: 666475 sentences -> /root/kallini_data/babylm_data_perturbed/babylm_fixed_start/babylm_100M/bnc_spoken_parsed.train
fixed_start      100M: 277290 sentences -> /root/kallini_data/babylm_data_perturbed/babylm_fixed_start/babylm_100M/cbt_parsed.train
fixed_start      100M: 186508 sentences -> /root/kallini_data/babylm_data_perturbed/babylm_fixed_start/babylm_100M/children_stories_parsed.train
fixed_start      100M: 511701 sentences -> /root/kallini_data/babylm_data_perturbed/babylm_fixed_start/babylm_100M/gutenberg_parsed.train
fixed_start      100M: 5135135 sentences -> /root/kallini_data/babylm_data_perturbed/babylm_fixed_start/babylm_100M/open_subtitles_parsed.train
fixed_start      100M: 867582 sentences -> /root/kallini_data/babylm_data_perturbed/babylm_fixed_start/babylm_100M/qed_parsed.train
fixed_start      100M: 1023786 sentences -> /root/kallini_data/babylm_data_perturbed/babylm_fixed_start/babylm_100M/simple_wikipedia_parsed.train
fixed_start      100M: 96717 sentences -> /root/kallini_data/babylm_data_perturbed/babylm_fixed_start/babylm_100M/switchboard_parsed.train
fixed_start      100M: 513188 sentences -> /root/kallini_data/babylm_data_perturbed/babylm_fixed_start/babylm_100M/wikipedia_parsed.train
fixed_start      test: 59997 sentences -> /root/kallini_data/babylm_data_perturbed/babylm_fixed_start/babylm_test_affected/aochildes_parsed_affected.test
fixed_start      test: 75945 sentences -> /root/kallini_data/babylm_data_perturbed/babylm_fixed_start/babylm_test_affected/bnc_spoken_parsed_affected.test
fixed_start      test: 17319 sentences -> /root/kallini_data/babylm_data_perturbed/babylm_fixed_start/babylm_test_affected/cbt_parsed_affected.test
fixed_start      test: 18811 sentences -> /root/kallini_data/babylm_data_perturbed/babylm_fixed_start/babylm_test_affected/children_stories_parsed_affected.test
fixed_start      test: 53994 sentences -> /root/kallini_data/babylm_data_perturbed/babylm_fixed_start/babylm_test_affected/gutenberg_parsed_affected.test
fixed_start      test: 460274 sentences -> /root/kallini_data/babylm_data_perturbed/babylm_fixed_start/babylm_test_affected/open_subtitles_parsed_affected.test
fixed_start      test: 103170 sentences -> /root/kallini_data/babylm_data_perturbed/babylm_fixed_start/babylm_test_affected/qed_parsed_affected.test
fixed_start      test: 127041 sentences -> /root/kallini_data/babylm_data_perturbed/babylm_fixed_start/babylm_test_affected/simple_wikipedia_parsed_affected.test
fixed_start      test: 11749 sentences -> /root/kallini_data/babylm_data_perturbed/babylm_fixed_start/babylm_test_affected/switchboard_parsed_affected.test
fixed_start      test: 63714 sentences -> /root/kallini_data/babylm_data_perturbed/babylm_fixed_start/babylm_test_affected/wikipedia_parsed_affected.test
fixed_end        100M: 763994 sentences -> /root/kallini_data/babylm_data_perturbed/babylm_fixed_end/babylm_100M/aochildes_parsed.train
fixed_end        100M: 666475 sentences -> /root/kallini_data/babylm_data_perturbed/babylm_fixed_end/babylm_100M/bnc_spoken_parsed.train
fixed_end        100M: 277290 sentences -> /root/kallini_data/babylm_data_perturbed/babylm_fixed_end/babylm_100M/cbt_parsed.train
fixed_end        100M: 186508 sentences -> /root/kallini_data/babylm_data_perturbed/babylm_fixed_end/babylm_100M/children_stories_parsed.train
fixed_end        100M: 511701 sentences -> /root/kallini_data/babylm_data_perturbed/babylm_fixed_end/babylm_100M/gutenberg_parsed.train
fixed_end        100M: 5135135 sentences -> /root/kallini_data/babylm_data_perturbed/babylm_fixed_end/babylm_100M/open_subtitles_parsed.train
fixed_end        100M: 867582 sentences -> /root/kallini_data/babylm_data_perturbed/babylm_fixed_end/babylm_100M/qed_parsed.train
fixed_end        100M: 1023786 sentences -> /root/kallini_data/babylm_data_perturbed/babylm_fixed_end/babylm_100M/simple_wikipedia_parsed.train
fixed_end        100M: 96717 sentences -> /root/kallini_data/babylm_data_perturbed/babylm_fixed_end/babylm_100M/switchboard_parsed.train
fixed_end        100M: 513188 sentences -> /root/kallini_data/babylm_data_perturbed/babylm_fixed_end/babylm_100M/wikipedia_parsed.train
fixed_end        test: 59997 sentences -> /root/kallini_data/babylm_data_perturbed/babylm_fixed_end/babylm_test_affected/aochildes_parsed_affected.test
fixed_end        test: 75945 sentences -> /root/kallini_data/babylm_data_perturbed/babylm_fixed_end/babylm_test_affected/bnc_spoken_parsed_affected.test
fixed_end        test: 17319 sentences -> /root/kallini_data/babylm_data_perturbed/babylm_fixed_end/babylm_test_affected/cbt_parsed_affected.test
fixed_end        test: 18811 sentences -> /root/kallini_data/babylm_data_perturbed/babylm_fixed_end/babylm_test_affected/children_stories_parsed_affected.test
fixed_end        test: 53994 sentences -> /root/kallini_data/babylm_data_perturbed/babylm_fixed_end/babylm_test_affected/gutenberg_parsed_affected.test
fixed_end        test: 460274 sentences -> /root/kallini_data/babylm_data_perturbed/babylm_fixed_end/babylm_test_affected/open_subtitles_parsed_affected.test
fixed_end        test: 103170 sentences -> /root/kallini_data/babylm_data_perturbed/babylm_fixed_end/babylm_test_affected/qed_parsed_affected.test
fixed_end        test: 127041 sentences -> /root/kallini_data/babylm_data_perturbed/babylm_fixed_end/babylm_test_affected/simple_wikipedia_parsed_affected.test
fixed_end        test: 11749 sentences -> /root/kallini_data/babylm_data_perturbed/babylm_fixed_end/babylm_test_affected/switchboard_parsed_affected.test
fixed_end        test: 63714 sentences -> /root/kallini_data/babylm_data_perturbed/babylm_fixed_end/babylm_test_affected/wikipedia_parsed_affected.test
bare_reverse     100M: 763992 sentences -> /root/kallini_data/babylm_data_perturbed/babylm_bare_reverse/babylm_100M/aochildes_parsed.train
bare_reverse     100M: 660819 sentences -> /root/kallini_data/babylm_data_perturbed/babylm_bare_reverse/babylm_100M/bnc_spoken_parsed.train
bare_reverse     100M: 277237 sentences -> /root/kallini_data/babylm_data_perturbed/babylm_bare_reverse/babylm_100M/cbt_parsed.train
bare_reverse     100M: 186432 sentences -> /root/kallini_data/babylm_data_perturbed/babylm_bare_reverse/babylm_100M/children_stories_parsed.train
bare_reverse     100M: 509305 sentences -> /root/kallini_data/babylm_data_perturbed/babylm_bare_reverse/babylm_100M/gutenberg_parsed.train
bare_reverse     100M: 5104670 sentences -> /root/kallini_data/babylm_data_perturbed/babylm_bare_reverse/babylm_100M/open_subtitles_parsed.train
bare_reverse     100M: 858634 sentences -> /root/kallini_data/babylm_data_perturbed/babylm_bare_reverse/babylm_100M/qed_parsed.train
bare_reverse     100M: 1022833 sentences -> /root/kallini_data/babylm_data_perturbed/babylm_bare_reverse/babylm_100M/simple_wikipedia_parsed.train
bare_reverse     100M: 96693 sentences -> /root/kallini_data/babylm_data_perturbed/babylm_bare_reverse/babylm_100M/switchboard_parsed.train
bare_reverse     100M: 512422 sentences -> /root/kallini_data/babylm_data_perturbed/babylm_bare_reverse/babylm_100M/wikipedia_parsed.train
bare_reverse     test: 59997 sentences -> /root/kallini_data/babylm_data_perturbed/babylm_bare_reverse/babylm_test_affected/aochildes_parsed_affected.test
bare_reverse     test: 75644 sentences -> /root/kallini_data/babylm_data_perturbed/babylm_bare_reverse/babylm_test_affected/bnc_spoken_parsed_affected.test
bare_reverse     test: 17316 sentences -> /root/kallini_data/babylm_data_perturbed/babylm_bare_reverse/babylm_test_affected/cbt_parsed_affected.test
bare_reverse     test: 18810 sentences -> /root/kallini_data/babylm_data_perturbed/babylm_bare_reverse/babylm_test_affected/children_stories_parsed_affected.test
bare_reverse     test: 53888 sentences -> /root/kallini_data/babylm_data_perturbed/babylm_bare_reverse/babylm_test_affected/gutenberg_parsed_affected.test
bare_reverse     test: 457495 sentences -> /root/kallini_data/babylm_data_perturbed/babylm_bare_reverse/babylm_test_affected/open_subtitles_parsed_affected.test
bare_reverse     test: 102348 sentences -> /root/kallini_data/babylm_data_perturbed/babylm_bare_reverse/babylm_test_affected/qed_parsed_affected.test
bare_reverse     test: 126937 sentences -> /root/kallini_data/babylm_data_perturbed/babylm_bare_reverse/babylm_test_affected/simple_wikipedia_parsed_affected.test
bare_reverse     test: 11746 sentences -> /root/kallini_data/babylm_data_perturbed/babylm_bare_reverse/babylm_test_affected/switchboard_parsed_affected.test
bare_reverse     test: 63612 sentences -> /root/kallini_data/babylm_data_perturbed/babylm_bare_reverse/babylm_test_affected/wikipedia_parsed_affected.test
Traceback (most recent call last):
  File "<stdin>", line 12, in <module>
  File "/root/llm-impossible/experiments_v2/design_v3/v3_conditions.py", line 163, in write_condition
    toks = spec["fn"](sent)
           ^^^^^^^^^^^^^^^^
  File "/root/llm-impossible/experiments_v2/design_v3/v3_conditions.py", line 114, in perturb_word_shuffle
    h = int(rng.hexdigest(), 16)
            ^^^^^^^^^^^^^
AttributeError: 'bytes' object has no attribute 'hexdigest'
Token indices sequence length is longer than the specified maximum sequence length for this model (1111 > 1024). Running this sequence through the model will result in indexing errors
Token indices sequence length is longer than the specified maximum sequence length for this model (1111 > 1024). Running this sequence through the model will result in indexing errors
parity_word skip (all genres present)
parity_tok skip (all genres present)
negtok skip (all genres present)
fixed_start skip (all genres present)
fixed_end skip (all genres present)
bare_reverse skip (all genres present)
word_shuffle     100M: 763992 sentences -> /root/kallini_data/babylm_data_perturbed/babylm_word_shuffle/babylm_100M/aochildes_parsed.train
word_shuffle     100M: 660819 sentences -> /root/kallini_data/babylm_data_perturbed/babylm_word_shuffle/babylm_100M/bnc_spoken_parsed.train
word_shuffle     100M: 277237 sentences -> /root/kallini_data/babylm_data_perturbed/babylm_word_shuffle/babylm_100M/cbt_parsed.train
word_shuffle     100M: 186432 sentences -> /root/kallini_data/babylm_data_perturbed/babylm_word_shuffle/babylm_100M/children_stories_parsed.train
word_shuffle     100M: 509305 sentences -> /root/kallini_data/babylm_data_perturbed/babylm_word_shuffle/babylm_100M/gutenberg_parsed.train
word_shuffle     100M: 5104670 sentences -> /root/kallini_data/babylm_data_perturbed/babylm_word_shuffle/babylm_100M/open_subtitles_parsed.train
word_shuffle     100M: 858634 sentences -> /root/kallini_data/babylm_data_perturbed/babylm_word_shuffle/babylm_100M/qed_parsed.train
word_shuffle     100M: 1022833 sentences -> /root/kallini_data/babylm_data_perturbed/babylm_word_shuffle/babylm_100M/simple_wikipedia_parsed.train
word_shuffle     100M: 96693 sentences -> /root/kallini_data/babylm_data_perturbed/babylm_word_shuffle/babylm_100M/switchboard_parsed.train
word_shuffle     100M: 512422 sentences -> /root/kallini_data/babylm_data_perturbed/babylm_word_shuffle/babylm_100M/wikipedia_parsed.train
word_shuffle     test: 59997 sentences -> /root/kallini_data/babylm_data_perturbed/babylm_word_shuffle/babylm_test_affected/aochildes_parsed_affected.test
word_shuffle     test: 75644 sentences -> /root/kallini_data/babylm_data_perturbed/babylm_word_shuffle/babylm_test_affected/bnc_spoken_parsed_affected.test
word_shuffle     test: 17316 sentences -> /root/kallini_data/babylm_data_perturbed/babylm_word_shuffle/babylm_test_affected/cbt_parsed_affected.test
word_shuffle     test: 18810 sentences -> /root/kallini_data/babylm_data_perturbed/babylm_word_shuffle/babylm_test_affected/children_stories_parsed_affected.test
word_shuffle     test: 53888 sentences -> /root/kallini_data/babylm_data_perturbed/babylm_word_shuffle/babylm_test_affected/gutenberg_parsed_affected.test
word_shuffle     test: 457495 sentences -> /root/kallini_data/babylm_data_perturbed/babylm_word_shuffle/babylm_test_affected/open_subtitles_parsed_affected.test
word_shuffle     test: 102348 sentences -> /root/kallini_data/babylm_data_perturbed/babylm_word_shuffle/babylm_test_affected/qed_parsed_affected.test
word_shuffle     test: 126937 sentences -> /root/kallini_data/babylm_data_perturbed/babylm_word_shuffle/babylm_test_affected/simple_wikipedia_parsed_affected.test
word_shuffle     test: 11746 sentences -> /root/kallini_data/babylm_data_perturbed/babylm_word_shuffle/babylm_test_affected/switchboard_parsed_affected.test
word_shuffle     test: 63612 sentences -> /root/kallini_data/babylm_data_perturbed/babylm_word_shuffle/babylm_test_affected/wikipedia_parsed_affected.test
v3 P-class datasets done 10 genres
Token indices sequence length is longer than the specified maximum sequence length for this model (1111 > 1024). Running this sequence through the model will result in indexing errors
parity_word      100M: 763992 sentences -> /root/kallini_data/babylm_data_perturbed/babylm_parity_word/babylm_100M/aochildes_parsed.train
parity_word      100M: 660819 sentences -> /root/kallini_data/babylm_data_perturbed/babylm_parity_word/babylm_100M/bnc_spoken_parsed.train
parity_word      100M: 277237 sentences -> /root/kallini_data/babylm_data_perturbed/babylm_parity_word/babylm_100M/cbt_parsed.train
parity_word      100M: 186432 sentences -> /root/kallini_data/babylm_data_perturbed/babylm_parity_word/babylm_100M/children_stories_parsed.train
parity_word      100M: 509305 sentences -> /root/kallini_data/babylm_data_perturbed/babylm_parity_word/babylm_100M/gutenberg_parsed.train
parity_word      100M: 5104670 sentences -> /root/kallini_data/babylm_data_perturbed/babylm_parity_word/babylm_100M/open_subtitles_parsed.train
parity_word      100M: 858634 sentences -> /root/kallini_data/babylm_data_perturbed/babylm_parity_word/babylm_100M/qed_parsed.train
parity_word      100M: 1022833 sentences -> /root/kallini_data/babylm_data_perturbed/babylm_parity_word/babylm_100M/simple_wikipedia_parsed.train
parity_word      100M: 96693 sentences -> /root/kallini_data/babylm_data_perturbed/babylm_parity_word/babylm_100M/switchboard_parsed.train
parity_word      100M: 512422 sentences -> /root/kallini_data/babylm_data_perturbed/babylm_parity_word/babylm_100M/wikipedia_parsed.train
parity_word      test: 59997 sentences -> /root/kallini_data/babylm_data_perturbed/babylm_parity_word/babylm_test_affected/aochildes_parsed_affected.test
parity_word      test: 75644 sentences -> /root/kallini_data/babylm_data_perturbed/babylm_parity_word/babylm_test_affected/bnc_spoken_parsed_affected.test
parity_word      test: 17316 sentences -> /root/kallini_data/babylm_data_perturbed/babylm_parity_word/babylm_test_affected/cbt_parsed_affected.test
parity_word      test: 18810 sentences -> /root/kallini_data/babylm_data_perturbed/babylm_parity_word/babylm_test_affected/children_stories_parsed_affected.test
parity_word      test: 53888 sentences -> /root/kallini_data/babylm_data_perturbed/babylm_parity_word/babylm_test_affected/gutenberg_parsed_affected.test
parity_word      test: 457495 sentences -> /root/kallini_data/babylm_data_perturbed/babylm_parity_word/babylm_test_affected/open_subtitles_parsed_affected.test
parity_word      test: 102348 sentences -> /root/kallini_data/babylm_data_perturbed/babylm_parity_word/babylm_test_affected/qed_parsed_affected.test
parity_word      test: 126937 sentences -> /root/kallini_data/babylm_data_perturbed/babylm_parity_word/babylm_test_affected/simple_wikipedia_parsed_affected.test
parity_word      test: 11746 sentences -> /root/kallini_data/babylm_data_perturbed/babylm_parity_word/babylm_test_affected/switchboard_parsed_affected.test
parity_word      test: 63612 sentences -> /root/kallini_data/babylm_data_perturbed/babylm_parity_word/babylm_test_affected/wikipedia_parsed_affected.test
[done] parity_word: train=9993037 test=987793
parity_tok       100M: 763992 sentences -> /root/kallini_data/babylm_data_perturbed/babylm_parity_tok/babylm_100M/aochildes_parsed.train
parity_tok       100M: 660819 sentences -> /root/kallini_data/babylm_data_perturbed/babylm_parity_tok/babylm_100M/bnc_spoken_parsed.train
parity_tok       100M: 277237 sentences -> /root/kallini_data/babylm_data_perturbed/babylm_parity_tok/babylm_100M/cbt_parsed.train
parity_tok       100M: 186432 sentences -> /root/kallini_data/babylm_data_perturbed/babylm_parity_tok/babylm_100M/children_stories_parsed.train
parity_tok       100M: 509305 sentences -> /root/kallini_data/babylm_data_perturbed/babylm_parity_tok/babylm_100M/gutenberg_parsed.train
parity_tok       100M: 5104670 sentences -> /root/kallini_data/babylm_data_perturbed/babylm_parity_tok/babylm_100M/open_subtitles_parsed.train
parity_tok       100M: 858634 sentences -> /root/kallini_data/babylm_data_perturbed/babylm_parity_tok/babylm_100M/qed_parsed.train
parity_tok       100M: 1022833 sentences -> /root/kallini_data/babylm_data_perturbed/babylm_parity_tok/babylm_100M/simple_wikipedia_parsed.train
parity_tok       100M: 96693 sentences -> /root/kallini_data/babylm_data_perturbed/babylm_parity_tok/babylm_100M/switchboard_parsed.train
parity_tok       100M: 512422 sentences -> /root/kallini_data/babylm_data_perturbed/babylm_parity_tok/babylm_100M/wikipedia_parsed.train
parity_tok       test: 59997 sentences -> /root/kallini_data/babylm_data_perturbed/babylm_parity_tok/babylm_test_affected/aochildes_parsed_affected.test
parity_tok       test: 75644 sentences -> /root/kallini_data/babylm_data_perturbed/babylm_parity_tok/babylm_test_affected/bnc_spoken_parsed_affected.test
parity_tok       test: 17316 sentences -> /root/kallini_data/babylm_data_perturbed/babylm_parity_tok/babylm_test_affected/cbt_parsed_affected.test
parity_tok       test: 18810 sentences -> /root/kallini_data/babylm_data_perturbed/babylm_parity_tok/babylm_test_affected/children_stories_parsed_affected.test
parity_tok       test: 53888 sentences -> /root/kallini_data/babylm_data_perturbed/babylm_parity_tok/babylm_test_affected/gutenberg_parsed_affected.test
parity_tok       test: 457495 sentences -> /root/kallini_data/babylm_data_perturbed/babylm_parity_tok/babylm_test_affected/open_subtitles_parsed_affected.test
parity_tok       test: 102348 sentences -> /root/kallini_data/babylm_data_perturbed/babylm_parity_tok/babylm_test_affected/qed_parsed_affected.test
parity_tok       test: 126937 sentences -> /root/kallini_data/babylm_data_perturbed/babylm_parity_tok/babylm_test_affected/simple_wikipedia_parsed_affected.test
parity_tok       test: 11746 sentences -> /root/kallini_data/babylm_data_perturbed/babylm_parity_tok/babylm_test_affected/switchboard_parsed_affected.test
parity_tok       test: 63612 sentences -> /root/kallini_data/babylm_data_perturbed/babylm_parity_tok/babylm_test_affected/wikipedia_parsed_affected.test
[done] parity_tok: train=9993037 test=987793
