no exp1 results yet
[data] blocks=142705 eval_sents=10000 (68s)
[stack] numerics pinned: {'tf32_matmul': False, 'tf32_cudnn': True, 'cudnn_benchmark': False, 'cudnn_deterministic': False}
[probe] ladder probe armed: 200 branch-matched pairs
`loss_type=None` was set in the config but it is unrecognized. Using the default loss: `ForCausalLMLoss`.
[eval] fixed_start seed0 step 100: gmean_ppl=307.791 content=11.7705 (n=10000)
[train] fixed_start seed0 step 100/3000 loss=5.1867 elapsed=8.3m
[train] fixed_start seed0 step 200/3000 loss=4.7825 elapsed=16.1m
[eval] fixed_start seed0 step 300: gmean_ppl=1714.8748 content=21.0938 (n=10000)
[train] fixed_start seed0 step 300/3000 loss=6.9397 elapsed=24.4m
[train] fixed_start seed0 step 400/3000 loss=4.8070 elapsed=32.2m
[eval] fixed_start seed0 step 500: gmean_ppl=247.0023 content=10.0971 (n=10000)
[train] fixed_start seed0 step 500/3000 loss=4.6915 elapsed=40.4m
[train] fixed_start seed0 step 600/3000 loss=4.6049 elapsed=48.3m
[train] fixed_start seed0 step 700/3000 loss=4.5044 elapsed=56.2m
[train] fixed_start seed0 step 800/3000 loss=4.3075 elapsed=64.0m
[train] fixed_start seed0 step 900/3000 loss=4.2010 elapsed=71.9m
[eval] fixed_start seed0 step 1000: gmean_ppl=98.866 content=7.0064 (n=10000)
[train] fixed_start seed0 step 1000/3000 loss=4.0839 elapsed=80.1m
[train] fixed_start seed0 step 1100/3000 loss=3.9674 elapsed=88.0m
[train] fixed_start seed0 step 1200/3000 loss=3.9238 elapsed=95.9m
[train] fixed_start seed0 step 1300/3000 loss=3.8629 elapsed=103.7m
[train] fixed_start seed0 step 1400/3000 loss=3.8283 elapsed=111.6m
[train] fixed_start seed0 step 1500/3000 loss=3.7988 elapsed=119.4m
[train] fixed_start seed0 step 1600/3000 loss=3.7489 elapsed=127.3m
[train] fixed_start seed0 step 1700/3000 loss=3.7447 elapsed=135.2m
[train] fixed_start seed0 step 1800/3000 loss=3.6994 elapsed=143.0m
[train] fixed_start seed0 step 1900/3000 loss=3.6925 elapsed=150.9m
[eval] fixed_start seed0 step 2000: gmean_ppl=67.0557 content=5.7761 (n=10000)
[train] fixed_start seed0 step 2000/3000 loss=3.6724 elapsed=159.1m
[train] fixed_start seed0 step 2100/3000 loss=3.6220 elapsed=167.0m
[train] fixed_start seed0 step 2200/3000 loss=3.6348 elapsed=174.8m
[train] fixed_start seed0 step 2300/3000 loss=3.6035 elapsed=182.7m
[train] fixed_start seed0 step 2400/3000 loss=3.5648 elapsed=190.6m
[train] fixed_start seed0 step 2500/3000 loss=3.5643 elapsed=198.4m
[train] fixed_start seed0 step 2600/3000 loss=3.5668 elapsed=206.3m
[train] fixed_start seed0 step 2700/3000 loss=3.5580 elapsed=214.1m
[train] fixed_start seed0 step 2800/3000 loss=3.5519 elapsed=222.0m
[train] fixed_start seed0 step 2900/3000 loss=3.5578 elapsed=229.8m
[eval] fixed_start seed0 step 3000: gmean_ppl=61.1777 content=5.5001 (n=10000)
[train] fixed_start seed0 step 3000/3000 loss=3.5424 elapsed=238.0m
{
  "100": 307.791,
  "300": 1714.8748,
  "500": 247.0023,
  "1000": 98.866,
  "2000": 67.0557,
  "3000": 61.1777
}
[data] blocks=142705 eval_sents=10000 (64s)
[stack] numerics pinned: {'tf32_matmul': False, 'tf32_cudnn': True, 'cudnn_benchmark': False, 'cudnn_deterministic': False}
[probe] ladder probe armed: 200 branch-matched pairs
`loss_type=None` was set in the config but it is unrecognized. Using the default loss: `ForCausalLMLoss`.
[eval] parity_tok seed0 step 100: gmean_ppl=231.3151 content=11.5104 (n=10000)
[train] parity_tok seed0 step 100/3000 loss=5.2988 elapsed=8.3m
[train] parity_tok seed0 step 200/3000 loss=4.8735 elapsed=16.1m
[eval] parity_tok seed0 step 300: gmean_ppl=117.8361 content=8.4211 (n=10000)
[train] parity_tok seed0 step 300/3000 loss=4.7214 elapsed=24.4m
[train] parity_tok seed0 step 400/3000 loss=4.6898 elapsed=32.2m
[eval] parity_tok seed0 step 500: gmean_ppl=110.0505 content=7.9852 (n=10000)
[train] parity_tok seed0 step 500/3000 loss=4.5876 elapsed=40.5m
[train] parity_tok seed0 step 600/3000 loss=4.2938 elapsed=48.4m
[train] parity_tok seed0 step 700/3000 loss=4.1462 elapsed=56.2m
[train] parity_tok seed0 step 800/3000 loss=4.0491 elapsed=64.1m
[train] parity_tok seed0 step 900/3000 loss=3.9871 elapsed=71.9m
[eval] parity_tok seed0 step 1000: gmean_ppl=60.0461 content=5.9878 (n=10000)
[train] parity_tok seed0 step 1000/3000 loss=3.9259 elapsed=80.2m
[train] parity_tok seed0 step 1100/3000 loss=3.8357 elapsed=88.0m
[train] parity_tok seed0 step 1200/3000 loss=3.8122 elapsed=95.9m
[train] parity_tok seed0 step 1300/3000 loss=3.7765 elapsed=103.8m
[train] parity_tok seed0 step 1400/3000 loss=3.7528 elapsed=111.6m
[train] parity_tok seed0 step 1500/3000 loss=3.7297 elapsed=119.5m
[train] parity_tok seed0 step 1600/3000 loss=3.6933 elapsed=127.3m
[train] parity_tok seed0 step 1700/3000 loss=3.6939 elapsed=135.2m
[train] parity_tok seed0 step 1800/3000 loss=3.6511 elapsed=143.1m
[train] parity_tok seed0 step 1900/3000 loss=3.6520 elapsed=150.9m
[eval] parity_tok seed0 step 2000: gmean_ppl=46.3123 content=5.2841 (n=10000)
[train] parity_tok seed0 step 2000/3000 loss=3.6344 elapsed=159.2m
[train] parity_tok seed0 step 2100/3000 loss=3.5862 elapsed=167.0m
[train] parity_tok seed0 step 2200/3000 loss=3.6036 elapsed=174.9m
[train] parity_tok seed0 step 2300/3000 loss=3.5640 elapsed=182.8m
[train] parity_tok seed0 step 2400/3000 loss=3.5319 elapsed=190.6m
[train] parity_tok seed0 step 2500/3000 loss=3.5268 elapsed=198.5m
[train] parity_tok seed0 step 2600/3000 loss=3.5345 elapsed=206.4m
[train] parity_tok seed0 step 2700/3000 loss=3.5303 elapsed=214.2m
[train] parity_tok seed0 step 2800/3000 loss=3.5222 elapsed=222.1m
[train] parity_tok seed0 step 2900/3000 loss=3.5275 elapsed=230.0m
[eval] parity_tok seed0 step 3000: gmean_ppl=42.3508 content=5.0628 (n=10000)
[train] parity_tok seed0 step 3000/3000 loss=3.5149 elapsed=238.2m
{
  "100": 231.3151,
  "300": 117.8361,
  "500": 110.0505,
  "1000": 60.0461,
  "2000": 46.3123,
  "3000": 42.3508
}
[data] blocks=142705 eval_sents=10000 (67s)
[stack] numerics pinned: {'tf32_matmul': False, 'tf32_cudnn': True, 'cudnn_benchmark': False, 'cudnn_deterministic': False}
[probe] ladder probe armed: 200 branch-matched pairs
`loss_type=None` was set in the config but it is unrecognized. Using the default loss: `ForCausalLMLoss`.
[eval] negtok seed0 step 100: gmean_ppl=213.5188 content=11.6049 (n=10000)
[train] negtok seed0 step 100/3000 loss=5.3544 elapsed=8.1m
[train] negtok seed0 step 200/3000 loss=4.9365 elapsed=15.8m
[eval] negtok seed0 step 300: gmean_ppl=812.8765 content=16.8917 (n=10000)
[train] negtok seed0 step 300/3000 loss=6.2248 elapsed=23.8m
[train] negtok seed0 step 400/3000 loss=4.7801 elapsed=31.5m
[eval] negtok seed0 step 500: gmean_ppl=95.9464 content=8.089 (n=10000)
[train] negtok seed0 step 500/3000 loss=4.7133 elapsed=39.6m
[train] negtok seed0 step 600/3000 loss=4.6105 elapsed=47.2m
[train] negtok seed0 step 700/3000 loss=4.3251 elapsed=54.9m
[train] negtok seed0 step 800/3000 loss=4.1739 elapsed=62.6m
[train] negtok seed0 step 900/3000 loss=4.0990 elapsed=70.3m
[eval] negtok seed0 step 1000: gmean_ppl=57.9755 content=6.2692 (n=10000)
[train] negtok seed0 step 1000/3000 loss=4.0132 elapsed=78.3m
[train] negtok seed0 step 1100/3000 loss=3.9151 elapsed=86.0m
[train] negtok seed0 step 1200/3000 loss=3.8859 elapsed=93.7m
[train] negtok seed0 step 1300/3000 loss=3.8394 elapsed=101.4m
[train] negtok seed0 step 1400/3000 loss=3.8097 elapsed=109.1m
[train] negtok seed0 step 1500/3000 loss=3.7813 elapsed=116.7m
[train] negtok seed0 step 1600/3000 loss=3.7404 elapsed=124.4m
[train] negtok seed0 step 1700/3000 loss=3.7365 elapsed=132.1m
[train] negtok seed0 step 1800/3000 loss=3.6946 elapsed=139.8m
[train] negtok seed0 step 1900/3000 loss=3.6906 elapsed=147.4m
[eval] negtok seed0 step 2000: gmean_ppl=44.8041 content=5.4095 (n=10000)
[train] negtok seed0 step 2000/3000 loss=3.6717 elapsed=155.5m
[train] negtok seed0 step 2100/3000 loss=3.6227 elapsed=163.2m
[train] negtok seed0 step 2200/3000 loss=3.6383 elapsed=170.8m
[train] negtok seed0 step 2300/3000 loss=3.6005 elapsed=178.5m
[train] negtok seed0 step 2400/3000 loss=3.5661 elapsed=186.2m
[train] negtok seed0 step 2500/3000 loss=3.5620 elapsed=193.9m
[train] negtok seed0 step 2600/3000 loss=3.5718 elapsed=201.6m
[train] negtok seed0 step 2700/3000 loss=3.5636 elapsed=209.2m
[train] negtok seed0 step 2800/3000 loss=3.5566 elapsed=216.9m
[train] negtok seed0 step 2900/3000 loss=3.5621 elapsed=224.6m
[eval] negtok seed0 step 3000: gmean_ppl=39.4066 content=5.1429 (n=10000)
[train] negtok seed0 step 3000/3000 loss=3.5477 elapsed=232.6m
{
  "100": 213.5188,
  "300": 812.8765,
  "500": 95.9464,
  "1000": 57.9755,
  "2000": 44.8041,
  "3000": 39.4066
}
[data] blocks=142705 eval_sents=10000 (72s)
[stack] numerics pinned: {'tf32_matmul': False, 'tf32_cudnn': True, 'cudnn_benchmark': False, 'cudnn_deterministic': False}
[probe] ladder probe armed: 200 branch-matched pairs
`loss_type=None` was set in the config but it is unrecognized. Using the default loss: `ForCausalLMLoss`.
[eval] not_random seed0 step 100: gmean_ppl=219.9599 content=11.4825 (n=10000)
[train] not_random seed0 step 100/3000 loss=5.2986 elapsed=8.3m
[train] not_random seed0 step 200/3000 loss=5.1832 elapsed=16.1m
[eval] not_random seed0 step 300: gmean_ppl=124.933 content=8.7392 (n=10000)
[train] not_random seed0 step 300/3000 loss=4.7763 elapsed=24.4m
[train] not_random seed0 step 400/3000 loss=4.6341 elapsed=32.2m
[eval] not_random seed0 step 500: gmean_ppl=95.532 content=7.6505 (n=10000)
[train] not_random seed0 step 500/3000 loss=4.4469 elapsed=40.5m
[train] not_random seed0 step 600/3000 loss=4.2151 elapsed=48.3m
[train] not_random seed0 step 700/3000 loss=4.0921 elapsed=56.2m
[train] not_random seed0 step 800/3000 loss=4.0078 elapsed=64.0m
[train] not_random seed0 step 900/3000 loss=3.9561 elapsed=71.9m
[eval] not_random seed0 step 1000: gmean_ppl=54.7689 content=5.9065 (n=10000)
[train] not_random seed0 step 1000/3000 loss=3.9024 elapsed=80.1m
[train] not_random seed0 step 1100/3000 loss=3.8192 elapsed=88.0m
[train] not_random seed0 step 1200/3000 loss=3.8018 elapsed=95.8m
[train] not_random seed0 step 1300/3000 loss=3.7685 elapsed=103.7m
[train] not_random seed0 step 1400/3000 loss=3.7446 elapsed=111.5m
[train] not_random seed0 step 1500/3000 loss=3.7287 elapsed=119.4m
[train] not_random seed0 step 1600/3000 loss=3.6950 elapsed=127.3m
[train] not_random seed0 step 1700/3000 loss=3.6924 elapsed=135.1m
[train] not_random seed0 step 1800/3000 loss=3.6561 elapsed=143.0m
[train] not_random seed0 step 1900/3000 loss=3.6572 elapsed=150.8m
[eval] not_random seed0 step 2000: gmean_ppl=44.5543 content=5.2739 (n=10000)
[train] not_random seed0 step 2000/3000 loss=3.6423 elapsed=159.0m
[train] not_random seed0 step 2100/3000 loss=3.5966 elapsed=166.9m
[train] not_random seed0 step 2200/3000 loss=3.6147 elapsed=174.8m
[train] not_random seed0 step 2300/3000 loss=3.5754 elapsed=182.6m
[train] not_random seed0 step 2400/3000 loss=3.5443 elapsed=190.5m
[train] not_random seed0 step 2500/3000 loss=3.5392 elapsed=198.3m
[train] not_random seed0 step 2600/3000 loss=3.5486 elapsed=206.2m
[train] not_random seed0 step 2700/3000 loss=3.5414 elapsed=214.1m
[train] not_random seed0 step 2800/3000 loss=3.5373 elapsed=221.9m
[train] not_random seed0 step 2900/3000 loss=3.5424 elapsed=229.8m
[eval] not_random seed0 step 3000: gmean_ppl=41.0166 content=5.0656 (n=10000)
[train] not_random seed0 step 3000/3000 loss=3.5298 elapsed=238.0m
{
  "100": 219.9599,
  "300": 124.933,
  "500": 95.532,
  "1000": 54.7689,
  "2000": 44.5543,
  "3000": 41.0166
}
[data] blocks=142705 eval_sents=10000 (71s)
[stack] numerics pinned: {'tf32_matmul': False, 'tf32_cudnn': True, 'cudnn_benchmark': False, 'cudnn_deterministic': False}
[probe] ladder probe armed: 200 branch-matched pairs
`loss_type=None` was set in the config but it is unrecognized. Using the default loss: `ForCausalLMLoss`.
[eval] parity_word seed14 step 100: gmean_ppl=211.4437 content=11.8046 (n=10000)
[train] parity_word seed14 step 100/3000 loss=5.3215 elapsed=8.3m
[train] parity_word seed14 step 200/3000 loss=4.9053 elapsed=16.1m
[eval] parity_word seed14 step 300: gmean_ppl=189.6028 content=10.8542 (n=10000)
[train] parity_word seed14 step 300/3000 loss=4.9896 elapsed=24.4m
[train] parity_word seed14 step 400/3000 loss=4.7765 elapsed=32.2m
[eval] parity_word seed14 step 500: gmean_ppl=101.2406 content=8.315 (n=10000)
[train] parity_word seed14 step 500/3000 loss=4.6168 elapsed=40.5m
[train] parity_word seed14 step 600/3000 loss=4.4659 elapsed=48.3m
[train] parity_word seed14 step 700/3000 loss=4.2081 elapsed=56.2m
[train] parity_word seed14 step 800/3000 loss=4.0895 elapsed=64.0m
[train] parity_word seed14 step 900/3000 loss=4.0088 elapsed=71.9m
[eval] parity_word seed14 step 1000: gmean_ppl=53.2524 content=6.2139 (n=10000)
[train] parity_word seed14 step 1000/3000 loss=3.9447 elapsed=80.1m
[train] parity_word seed14 step 1100/3000 loss=3.9132 elapsed=88.0m
[train] parity_word seed14 step 1200/3000 loss=3.8505 elapsed=95.8m
[train] parity_word seed14 step 1300/3000 loss=3.8140 elapsed=103.7m
[train] parity_word seed14 step 1400/3000 loss=3.7800 elapsed=111.5m
[train] parity_word seed14 step 1500/3000 loss=3.7711 elapsed=119.4m
[train] parity_word seed14 step 1600/3000 loss=3.7359 elapsed=127.3m
[train] parity_word seed14 step 1700/3000 loss=3.7211 elapsed=135.1m
[train] parity_word seed14 step 1800/3000 loss=3.6870 elapsed=143.0m
[train] parity_word seed14 step 1900/3000 loss=3.6739 elapsed=150.9m
[eval] parity_word seed14 step 2000: gmean_ppl=40.5976 content=5.4294 (n=10000)
[train] parity_word seed14 step 2000/3000 loss=3.6399 elapsed=159.1m
[train] parity_word seed14 step 2100/3000 loss=3.6567 elapsed=167.0m
[train] parity_word seed14 step 2200/3000 loss=3.6471 elapsed=174.9m
[train] parity_word seed14 step 2300/3000 loss=3.5533 elapsed=182.7m
[train] parity_word seed14 step 2400/3000 loss=3.5572 elapsed=190.6m
[train] parity_word seed14 step 2500/3000 loss=3.5743 elapsed=198.5m
[train] parity_word seed14 step 2600/3000 loss=3.5381 elapsed=206.3m
[train] parity_word seed14 step 2700/3000 loss=3.5427 elapsed=214.2m
[train] parity_word seed14 step 2800/3000 loss=3.5504 elapsed=222.0m
[train] parity_word seed14 step 2900/3000 loss=3.5330 elapsed=229.9m
[eval] parity_word seed14 step 3000: gmean_ppl=37.3838 content=5.1876 (n=10000)
[train] parity_word seed14 step 3000/3000 loss=3.5156 elapsed=238.1m
{
  "100": 211.4437,
  "300": 189.6028,
  "500": 101.2406,
  "1000": 53.2524,
  "2000": 40.5976,
  "3000": 37.3838
}
[data] blocks=142705 eval_sents=10000 (75s)
[stack] numerics pinned: {'tf32_matmul': False, 'tf32_cudnn': True, 'cudnn_benchmark': False, 'cudnn_deterministic': False}
[probe] ladder probe armed: 200 branch-matched pairs
`loss_type=None` was set in the config but it is unrecognized. Using the default loss: `ForCausalLMLoss`.
[eval] fixed_start seed14 step 100: gmean_ppl=310.4542 content=12.2293 (n=10000)
[train] fixed_start seed14 step 100/3000 loss=5.2111 elapsed=8.3m
[train] fixed_start seed14 step 200/3000 loss=4.8011 elapsed=16.2m
[eval] fixed_start seed14 step 300: gmean_ppl=163.4661 content=9.1351 (n=10000)
[train] fixed_start seed14 step 300/3000 loss=4.6265 elapsed=24.4m
[train] fixed_start seed14 step 400/3000 loss=5.0127 elapsed=32.3m
[eval] fixed_start seed14 step 500: gmean_ppl=254.5629 content=10.7299 (n=10000)
[train] fixed_start seed14 step 500/3000 loss=4.6980 elapsed=40.5m
[train] fixed_start seed14 step 600/3000 loss=4.6407 elapsed=48.4m
[train] fixed_start seed14 step 700/3000 loss=4.5028 elapsed=56.3m
[train] fixed_start seed14 step 800/3000 loss=4.3002 elapsed=64.1m
[train] fixed_start seed14 step 900/3000 loss=4.1839 elapsed=72.0m
[eval] fixed_start seed14 step 1000: gmean_ppl=104.2911 content=7.3708 (n=10000)
[train] fixed_start seed14 step 1000/3000 loss=4.0748 elapsed=80.2m
[train] fixed_start seed14 step 1100/3000 loss=4.0262 elapsed=88.1m
[train] fixed_start seed14 step 1200/3000 loss=3.9360 elapsed=96.0m
[train] fixed_start seed14 step 1300/3000 loss=3.8878 elapsed=103.8m
[train] fixed_start seed14 step 1400/3000 loss=3.8396 elapsed=111.7m
[train] fixed_start seed14 step 1500/3000 loss=3.8190 elapsed=119.5m
[train] fixed_start seed14 step 1600/3000 loss=3.7789 elapsed=127.4m
[train] fixed_start seed14 step 1700/3000 loss=3.7573 elapsed=135.2m
[train] fixed_start seed14 step 1800/3000 loss=3.7164 elapsed=143.1m
[train] fixed_start seed14 step 1900/3000 loss=3.7008 elapsed=151.0m
[eval] fixed_start seed14 step 2000: gmean_ppl=68.2603 content=5.9809 (n=10000)
[train] fixed_start seed14 step 2000/3000 loss=3.6628 elapsed=159.2m
[train] fixed_start seed14 step 2100/3000 loss=3.6797 elapsed=167.0m
[train] fixed_start seed14 step 2200/3000 loss=3.6666 elapsed=174.9m
[train] fixed_start seed14 step 2300/3000 loss=3.5696 elapsed=182.7m
[train] fixed_start seed14 step 2400/3000 loss=3.5750 elapsed=190.6m
[train] fixed_start seed14 step 2500/3000 loss=3.5895 elapsed=198.4m
[train] fixed_start seed14 step 2600/3000 loss=3.5535 elapsed=206.3m
[train] fixed_start seed14 step 2700/3000 loss=3.5566 elapsed=214.1m
[train] fixed_start seed14 step 2800/3000 loss=3.5606 elapsed=222.0m
[train] fixed_start seed14 step 2900/3000 loss=3.5446 elapsed=229.8m
[eval] fixed_start seed14 step 3000: gmean_ppl=61.293 content=5.6744 (n=10000)
[train] fixed_start seed14 step 3000/3000 loss=3.5298 elapsed=238.0m
{
  "100": 310.4542,
  "300": 163.4661,
  "500": 254.5629,
  "1000": 104.2911,
  "2000": 68.2603,
  "3000": 61.293
}
[data] blocks=142705 eval_sents=10000 (64s)
[stack] numerics pinned: {'tf32_matmul': False, 'tf32_cudnn': True, 'cudnn_benchmark': False, 'cudnn_deterministic': False}
[probe] ladder probe armed: 200 branch-matched pairs
`loss_type=None` was set in the config but it is unrecognized. Using the default loss: `ForCausalLMLoss`.
[eval] parity_tok seed14 step 100: gmean_ppl=236.0313 content=11.859 (n=10000)
[train] parity_tok seed14 step 100/3000 loss=5.3120 elapsed=8.2m
[train] parity_tok seed14 step 200/3000 loss=4.8978 elapsed=16.1m
[eval] parity_tok seed14 step 300: gmean_ppl=122.451 content=8.7743 (n=10000)
[train] parity_tok seed14 step 300/3000 loss=4.7188 elapsed=24.3m
[train] parity_tok seed14 step 400/3000 loss=5.0229 elapsed=32.2m
[eval] parity_tok seed14 step 500: gmean_ppl=132.9879 content=9.1111 (n=10000)
[train] parity_tok seed14 step 500/3000 loss=4.7192 elapsed=40.4m
[train] parity_tok seed14 step 600/3000 loss=4.5825 elapsed=48.2m
[train] parity_tok seed14 step 700/3000 loss=4.3229 elapsed=56.1m
[train] parity_tok seed14 step 800/3000 loss=4.1969 elapsed=63.9m
[train] parity_tok seed14 step 900/3000 loss=4.0968 elapsed=71.8m
[eval] parity_tok seed14 step 1000: gmean_ppl=64.5325 content=6.4677 (n=10000)
[train] parity_tok seed14 step 1000/3000 loss=4.0093 elapsed=80.1m
[train] parity_tok seed14 step 1100/3000 loss=3.9755 elapsed=87.9m
[train] parity_tok seed14 step 1200/3000 loss=3.8956 elapsed=95.8m
[train] parity_tok seed14 step 1300/3000 loss=3.8525 elapsed=103.7m
[train] parity_tok seed14 step 1400/3000 loss=3.8123 elapsed=111.5m
[train] parity_tok seed14 step 1500/3000 loss=3.7931 elapsed=119.4m
[train] parity_tok seed14 step 1600/3000 loss=3.7603 elapsed=127.2m
[train] parity_tok seed14 step 1700/3000 loss=3.7371 elapsed=135.1m
[train] parity_tok seed14 step 1800/3000 loss=3.7043 elapsed=142.9m
[train] parity_tok seed14 step 1900/3000 loss=3.6886 elapsed=150.8m
[eval] parity_tok seed14 step 2000: gmean_ppl=48.2951 content=5.5281 (n=10000)
[train] parity_tok seed14 step 2000/3000 loss=3.6537 elapsed=159.0m
[train] parity_tok seed14 step 2100/3000 loss=3.6670 elapsed=166.9m
[train] parity_tok seed14 step 2200/3000 loss=3.6553 elapsed=174.7m
[train] parity_tok seed14 step 2300/3000 loss=3.5608 elapsed=182.6m
[train] parity_tok seed14 step 2400/3000 loss=3.5641 elapsed=190.4m
[train] parity_tok seed14 step 2500/3000 loss=3.5793 elapsed=198.3m
[train] parity_tok seed14 step 2600/3000 loss=3.5395 elapsed=206.1m
[data] blocks=142705 eval_sents=10000 (64s)
[stack] numerics pinned: {'tf32_matmul': False, 'tf32_cudnn': True, 'cudnn_benchmark': False, 'cudnn_deterministic': False}
[probe] ladder probe armed: 200 branch-matched pairs
`loss_type=None` was set in the config but it is unrecognized. Using the default loss: `ForCausalLMLoss`.
[eval] negtok seed14 step 100: gmean_ppl=221.4033 content=12.059 (n=10000)
[train] negtok seed14 step 100/3000 loss=5.3876 elapsed=8.1m
[train] negtok seed14 step 200/3000 loss=4.9525 elapsed=15.7m
[eval] negtok seed14 step 300: gmean_ppl=106.7712 content=8.6949 (n=10000)
[train] negtok seed14 step 300/3000 loss=4.7731 elapsed=23.8m
[train] negtok seed14 step 400/3000 loss=5.0103 elapsed=31.5m
[eval] negtok seed14 step 500: gmean_ppl=112.6346 content=8.7043 (n=10000)
[train] negtok seed14 step 500/3000 loss=4.7163 elapsed=39.5m
[train] negtok seed14 step 600/3000 loss=4.5948 elapsed=47.2m
[train] negtok seed14 step 700/3000 loss=4.3166 elapsed=54.9m
[train] negtok seed14 step 800/3000 loss=4.1580 elapsed=62.6m
[train] negtok seed14 step 900/3000 loss=4.0621 elapsed=70.3m
[eval] negtok seed14 step 1000: gmean_ppl=58.2211 content=6.4371 (n=10000)
[train] negtok seed14 step 1000/3000 loss=3.9895 elapsed=78.3m
[train] negtok seed14 step 1100/3000 loss=3.9577 elapsed=86.0m
[train] negtok seed14 step 1200/3000 loss=3.8789 elapsed=93.7m
[train] negtok seed14 step 1300/3000 loss=3.8373 elapsed=101.3m
[train] negtok seed14 step 1400/3000 loss=3.8006 elapsed=109.0m
[train] negtok seed14 step 1500/3000 loss=3.7854 elapsed=116.7m
[train] negtok seed14 step 1600/3000 loss=3.7505 elapsed=124.4m
[train] negtok seed14 step 1700/3000 loss=3.7321 elapsed=132.1m
[train] negtok seed14 step 1800/3000 loss=3.6956 elapsed=139.7m
[train] negtok seed14 step 1900/3000 loss=3.6805 elapsed=147.4m
[eval] negtok seed14 step 2000: gmean_ppl=43.4836 content=5.5227 (n=10000)
[train] negtok seed14 step 2000/3000 loss=3.6445 elapsed=155.4m
[train] negtok seed14 step 2100/3000 loss=3.6614 elapsed=163.1m
[train] negtok seed14 step 2200/3000 loss=3.6525 elapsed=170.8m
[train] negtok seed14 step 2300/3000 loss=3.5567 elapsed=178.4m
[train] negtok seed14 step 2400/3000 loss=3.5609 elapsed=186.1m
[train] negtok seed14 step 2500/3000 loss=3.5776 elapsed=193.8m
[train] negtok seed14 step 2600/3000 loss=3.5396 elapsed=201.5m
[train] negtok seed14 step 2700/3000 loss=3.5456 elapsed=209.1m
[train] negtok seed14 step 2800/3000 loss=3.5510 elapsed=216.8m
[train] negtok seed14 step 2900/3000 loss=3.5340 elapsed=224.5m
[eval] negtok seed14 step 3000: gmean_ppl=39.6384 content=5.2657 (n=10000)
[train] negtok seed14 step 3000/3000 loss=3.5190 elapsed=232.5m
{
  "100": 221.4033,
  "300": 106.7712,
  "500": 112.6346,
  "1000": 58.2211,
  "2000": 43.4836,
  "3000": 39.6384
}
[data] blocks=142705 eval_sents=10000 (70s)
[stack] numerics pinned: {'tf32_matmul': False, 'tf32_cudnn': True, 'cudnn_benchmark': False, 'cudnn_deterministic': False}
[probe] ladder probe armed: 200 branch-matched pairs
`loss_type=None` was set in the config but it is unrecognized. Using the default loss: `ForCausalLMLoss`.
[eval] not_random seed14 step 100: gmean_ppl=227.719 content=11.9208 (n=10000)
[train] not_random seed14 step 100/3000 loss=5.3178 elapsed=8.3m
[train] not_random seed14 step 200/3000 loss=4.9087 elapsed=16.1m
[eval] not_random seed14 step 300: gmean_ppl=460.6175 content=14.4456 (n=10000)
[train] not_random seed14 step 300/3000 loss=5.3939 elapsed=24.3m
[train] not_random seed14 step 400/3000 loss=4.7372 elapsed=32.2m
[eval] not_random seed14 step 500: gmean_ppl=99.148 content=8.1905 (n=10000)
[train] not_random seed14 step 500/3000 loss=4.5738 elapsed=40.4m
[train] not_random seed14 step 600/3000 loss=4.4955 elapsed=48.3m
[train] not_random seed14 step 700/3000 loss=4.2038 elapsed=56.1m
[train] not_random seed14 step 800/3000 loss=4.0836 elapsed=64.0m
[train] not_random seed14 step 900/3000 loss=4.0032 elapsed=71.8m
[eval] not_random seed14 step 1000: gmean_ppl=58.5704 content=6.2539 (n=10000)
[train] not_random seed14 step 1000/3000 loss=3.9419 elapsed=80.1m
[train] not_random seed14 step 1100/3000 loss=3.9158 elapsed=87.9m
[train] not_random seed14 step 1200/3000 loss=3.8517 elapsed=95.8m
[train] not_random seed14 step 1300/3000 loss=3.8180 elapsed=103.6m
[train] not_random seed14 step 1400/3000 loss=3.7857 elapsed=111.5m
[train] not_random seed14 step 1500/3000 loss=3.7745 elapsed=119.3m
[train] not_random seed14 step 1600/3000 loss=3.7423 elapsed=127.2m
[train] not_random seed14 step 1700/3000 loss=3.7273 elapsed=135.0m
[train] not_random seed14 step 1800/3000 loss=3.6932 elapsed=142.8m
[train] not_random seed14 step 1900/3000 loss=3.6825 elapsed=150.7m
[eval] not_random seed14 step 2000: gmean_ppl=44.3267 content=5.4708 (n=10000)
[train] not_random seed14 step 2000/3000 loss=3.6505 elapsed=158.9m
[train] not_random seed14 step 2100/3000 loss=3.6659 elapsed=166.8m
[train] not_random seed14 step 2200/3000 loss=3.6582 elapsed=174.6m
[train] not_random seed14 step 2300/3000 loss=3.5612 elapsed=182.5m
[train] not_random seed14 step 2400/3000 loss=3.5666 elapsed=190.3m
[train] not_random seed14 step 2500/3000 loss=3.5845 elapsed=198.2m
[train] not_random seed14 step 2600/3000 loss=3.5455 elapsed=206.1m
[train] not_random seed14 step 2700/3000 loss=3.5565 elapsed=213.9m
[train] not_random seed14 step 2800/3000 loss=3.5603 elapsed=221.8m
[train] not_random seed14 step 2900/3000 loss=3.5443 elapsed=229.6m
[eval] not_random seed14 step 3000: gmean_ppl=41.4691 content=5.2341 (n=10000)
[train] not_random seed14 step 3000/3000 loss=3.5283 elapsed=237.9m
{
  "100": 227.719,
  "300": 460.6175,
  "500": 99.148,
  "1000": 58.5704,
  "2000": 44.3267,
  "3000": 41.4691
}
[data] blocks=142705 eval_sents=10000 (69s)
[stack] numerics pinned: {'tf32_matmul': False, 'tf32_cudnn': True, 'cudnn_benchmark': False, 'cudnn_deterministic': False}
[probe] ladder probe armed: 200 branch-matched pairs
`loss_type=None` was set in the config but it is unrecognized. Using the default loss: `ForCausalLMLoss`.
[eval] parity_word seed41 step 100: gmean_ppl=205.0217 content=11.5042 (n=10000)
[train] parity_word seed41 step 100/3000 loss=5.2815 elapsed=8.3m
[train] parity_word seed41 step 200/3000 loss=4.8868 elapsed=16.1m
[eval] parity_word seed41 step 300: gmean_ppl=108.0721 content=8.4903 (n=10000)
[train] parity_word seed41 step 300/3000 loss=4.7481 elapsed=24.4m
[train] parity_word seed41 step 400/3000 loss=4.6201 elapsed=32.2m
[eval] parity_word seed41 step 500: gmean_ppl=94.4194 content=8.0376 (n=10000)
[train] parity_word seed41 step 500/3000 loss=4.6379 elapsed=40.5m
[train] parity_word seed41 step 600/3000 loss=4.4091 elapsed=48.4m
[train] parity_word seed41 step 700/3000 loss=4.2717 elapsed=56.2m
[train] parity_word seed41 step 800/3000 loss=4.1786 elapsed=64.1m
[train] parity_word seed41 step 900/3000 loss=4.0512 elapsed=72.0m
[eval] parity_word seed41 step 1000: gmean_ppl=54.1834 content=6.1504 (n=10000)
[train] parity_word seed41 step 1000/3000 loss=3.9634 elapsed=80.2m
[train] parity_word seed41 step 1100/3000 loss=3.9557 elapsed=88.1m
[train] parity_word seed41 step 1200/3000 loss=3.8533 elapsed=95.9m
[train] parity_word seed41 step 1300/3000 loss=3.8271 elapsed=103.8m
[train] parity_word seed41 step 1400/3000 loss=3.8103 elapsed=111.6m
[train] parity_word seed41 step 1500/3000 loss=3.7643 elapsed=119.5m
[train] parity_word seed41 step 1600/3000 loss=3.7515 elapsed=127.4m
[train] parity_word seed41 step 1700/3000 loss=3.7081 elapsed=135.2m
[train] parity_word seed41 step 1800/3000 loss=3.6841 elapsed=143.1m
[train] parity_word seed41 step 1900/3000 loss=3.6718 elapsed=150.9m
[eval] parity_word seed41 step 2000: gmean_ppl=41.0271 content=5.3341 (n=10000)
[train] parity_word seed41 step 2000/3000 loss=3.6471 elapsed=159.2m
[train] parity_word seed41 step 2100/3000 loss=3.6414 elapsed=167.0m
[train] parity_word seed41 step 2200/3000 loss=3.6213 elapsed=174.9m
[train] parity_word seed41 step 2300/3000 loss=3.5743 elapsed=182.7m
[train] parity_word seed41 step 2400/3000 loss=3.5737 elapsed=190.6m
[train] parity_word seed41 step 2500/3000 loss=3.5627 elapsed=198.5m
[train] parity_word seed41 step 2600/3000 loss=3.5514 elapsed=206.3m
[train] parity_word seed41 step 2700/3000 loss=3.5495 elapsed=214.2m
[train] parity_word seed41 step 2800/3000 loss=3.5562 elapsed=222.0m
[train] parity_word seed41 step 2900/3000 loss=3.5220 elapsed=229.9m
[eval] parity_word seed41 step 3000: gmean_ppl=37.488 content=5.0978 (n=10000)
[train] parity_word seed41 step 3000/3000 loss=3.5273 elapsed=238.1m
{
  "100": 205.0217,
  "300": 108.0721,
  "500": 94.4194,
  "1000": 54.1834,
  "2000": 41.0271,
  "3000": 37.488
}
[data] blocks=142705 eval_sents=10000 (67s)
[stack] numerics pinned: {'tf32_matmul': False, 'tf32_cudnn': True, 'cudnn_benchmark': False, 'cudnn_deterministic': False}
[probe] ladder probe armed: 200 branch-matched pairs
`loss_type=None` was set in the config but it is unrecognized. Using the default loss: `ForCausalLMLoss`.
[eval] fixed_start seed41 step 100: gmean_ppl=301.2615 content=11.8412 (n=10000)
[train] fixed_start seed41 step 100/3000 loss=5.1780 elapsed=8.3m
[train] fixed_start seed41 step 200/3000 loss=4.7762 elapsed=16.1m
[eval] fixed_start seed41 step 300: gmean_ppl=156.5096 content=8.8336 (n=10000)
[train] fixed_start seed41 step 300/3000 loss=4.6313 elapsed=24.4m
[train] fixed_start seed41 step 400/3000 loss=5.1110 elapsed=32.2m
[eval] fixed_start seed41 step 500: gmean_ppl=305.3832 content=11.1892 (n=10000)
[train] fixed_start seed41 step 500/3000 loss=4.8145 elapsed=40.4m
[train] fixed_start seed41 step 600/3000 loss=4.6687 elapsed=48.3m
[train] fixed_start seed41 step 700/3000 loss=4.5286 elapsed=56.2m
[train] fixed_start seed41 step 800/3000 loss=4.3930 elapsed=64.0m
[train] fixed_start seed41 step 900/3000 loss=4.2393 elapsed=71.9m
[eval] fixed_start seed41 step 1000: gmean_ppl=110.5678 content=7.4049 (n=10000)
[train] fixed_start seed41 step 1000/3000 loss=4.1105 elapsed=80.2m
[train] fixed_start seed41 step 1100/3000 loss=4.0766 elapsed=88.1m
[train] fixed_start seed41 step 1200/3000 loss=3.9563 elapsed=95.9m
[train] fixed_start seed41 step 1300/3000 loss=3.9132 elapsed=103.8m
[train] fixed_start seed41 step 1400/3000 loss=3.8890 elapsed=111.6m
[train] fixed_start seed41 step 1500/3000 loss=3.8358 elapsed=119.5m
[train] fixed_start seed41 step 1600/3000 loss=3.8120 elapsed=127.4m
[train] fixed_start seed41 step 1700/3000 loss=3.7599 elapsed=135.2m
[train] fixed_start seed41 step 1800/3000 loss=3.7330 elapsed=143.1m
[train] fixed_start seed41 step 1900/3000 loss=3.7207 elapsed=150.9m
[eval] fixed_start seed41 step 2000: gmean_ppl=70.5602 content=5.9646 (n=10000)
[train] fixed_start seed41 step 2000/3000 loss=3.6937 elapsed=159.2m
[train] fixed_start seed41 step 2100/3000 loss=3.6894 elapsed=167.0m
[train] fixed_start seed41 step 2200/3000 loss=3.6615 elapsed=174.9m
[train] fixed_start seed41 step 2300/3000 loss=3.6218 elapsed=182.8m
[train] fixed_start seed41 step 2400/3000 loss=3.6157 elapsed=190.6m
[train] fixed_start seed41 step 2500/3000 loss=3.6032 elapsed=198.5m
[train] fixed_start seed41 step 2600/3000 loss=3.5918 elapsed=206.4m
[train] fixed_start seed41 step 2700/3000 loss=3.5881 elapsed=214.3m
[train] fixed_start seed41 step 2800/3000 loss=3.5937 elapsed=222.1m
[train] fixed_start seed41 step 2900/3000 loss=3.5593 elapsed=230.0m
[eval] fixed_start seed41 step 3000: gmean_ppl=63.2733 content=5.653 (n=10000)
[train] fixed_start seed41 step 3000/3000 loss=3.5658 elapsed=238.3m
{
  "100": 301.2615,
  "300": 156.5096,
  "500": 305.3832,
  "1000": 110.5678,
  "2000": 70.5602,
  "3000": 63.2733
}
[data] blocks=142705 eval_sents=10000 (68s)
[stack] numerics pinned: {'tf32_matmul': False, 'tf32_cudnn': True, 'cudnn_benchmark': False, 'cudnn_deterministic': False}
[probe] ladder probe armed: 200 branch-matched pairs
`loss_type=None` was set in the config but it is unrecognized. Using the default loss: `ForCausalLMLoss`.
[eval] parity_tok seed41 step 100: gmean_ppl=243.5125 content=11.6386 (n=10000)
[train] parity_tok seed41 step 100/3000 loss=5.2945 elapsed=8.3m
[train] parity_tok seed41 step 200/3000 loss=4.8812 elapsed=16.1m
[eval] parity_tok seed41 step 300: gmean_ppl=457.4111 content=13.5931 (n=10000)
[train] parity_tok seed41 step 300/3000 loss=5.3486 elapsed=24.4m
[train] parity_tok seed41 step 400/3000 loss=4.8121 elapsed=32.2m
[eval] parity_tok seed41 step 500: gmean_ppl=118.4375 content=8.4223 (n=10000)
[train] parity_tok seed41 step 500/3000 loss=4.7231 elapsed=40.4m
[train] parity_tok seed41 step 600/3000 loss=4.5962 elapsed=48.3m
[train] parity_tok seed41 step 700/3000 loss=4.3660 elapsed=56.1m
[train] parity_tok seed41 step 800/3000 loss=4.2338 elapsed=64.0m
[train] parity_tok seed41 step 900/3000 loss=4.0942 elapsed=71.8m
[eval] parity_tok seed41 step 1000: gmean_ppl=64.6067 content=6.3279 (n=10000)
[train] parity_tok seed41 step 1000/3000 loss=3.9908 elapsed=80.0m
[train] parity_tok seed41 step 1100/3000 loss=3.9755 elapsed=87.9m
[train] parity_tok seed41 step 1200/3000 loss=3.8746 elapsed=95.7m
[train] parity_tok seed41 step 1300/3000 loss=3.8452 elapsed=103.6m
[train] parity_tok seed41 step 1400/3000 loss=3.8272 elapsed=111.4m
[train] parity_tok seed41 step 1500/3000 loss=3.7769 elapsed=119.3m
[train] parity_tok seed41 step 1600/3000 loss=3.7665 elapsed=127.1m
[train] parity_tok seed41 step 1700/3000 loss=3.7187 elapsed=135.0m
[train] parity_tok seed41 step 1800/3000 loss=3.6941 elapsed=142.8m
[train] parity_tok seed41 step 1900/3000 loss=3.6834 elapsed=150.7m
[eval] parity_tok seed41 step 2000: gmean_ppl=47.4869 content=5.4218 (n=10000)
[train] parity_tok seed41 step 2000/3000 loss=3.6594 elapsed=158.9m
[train] parity_tok seed41 step 2100/3000 loss=3.6527 elapsed=166.7m
[train] parity_tok seed41 step 2200/3000 loss=3.6287 elapsed=174.6m
[train] parity_tok seed41 step 2300/3000 loss=3.5855 elapsed=182.4m
[train] parity_tok seed41 step 2400/3000 loss=3.5810 elapsed=190.3m
[train] parity_tok seed41 step 2500/3000 loss=3.5717 elapsed=198.1m
[train] parity_tok seed41 step 2600/3000 loss=3.5625 elapsed=206.0m
[train] parity_tok seed41 step 2700/3000 loss=3.5571 elapsed=213.8m
[train] parity_tok seed41 step 2800/3000 loss=3.5651 elapsed=221.7m
[train] parity_tok seed41 step 2900/3000 loss=3.5327 elapsed=229.6m
[eval] parity_tok seed41 step 3000: gmean_ppl=43.1419 content=5.17 (n=10000)
[train] parity_tok seed41 step 3000/3000 loss=3.5350 elapsed=237.8m
{
  "100": 243.5125,
  "300": 457.4111,
  "500": 118.4375,
  "1000": 64.6067,
  "2000": 47.4869,
  "3000": 43.1419
}
[data] blocks=142705 eval_sents=10000 (68s)
[stack] numerics pinned: {'tf32_matmul': False, 'tf32_cudnn': True, 'cudnn_benchmark': False, 'cudnn_deterministic': False}
[probe] ladder probe armed: 200 branch-matched pairs
`loss_type=None` was set in the config but it is unrecognized. Using the default loss: `ForCausalLMLoss`.
[eval] negtok seed41 step 100: gmean_ppl=220.2476 content=11.7875 (n=10000)
[train] negtok seed41 step 100/3000 loss=5.3543 elapsed=8.1m
[train] negtok seed41 step 200/3000 loss=4.9272 elapsed=15.8m
[eval] negtok seed41 step 300: gmean_ppl=105.6813 content=8.4476 (n=10000)
[train] negtok seed41 step 300/3000 loss=4.7869 elapsed=23.9m
[train] negtok seed41 step 400/3000 loss=5.0679 elapsed=31.6m
[eval] negtok seed41 step 500: gmean_ppl=132.5911 content=9.1723 (n=10000)
[train] negtok seed41 step 500/3000 loss=4.8323 elapsed=39.6m
[train] negtok seed41 step 600/3000 loss=4.7130 elapsed=47.3m
[train] negtok seed41 step 700/3000 loss=4.5348 elapsed=55.0m
[train] negtok seed41 step 800/3000 loss=4.4046 elapsed=62.7m
[train] negtok seed41 step 900/3000 loss=4.1469 elapsed=70.4m
[eval] negtok seed41 step 1000: gmean_ppl=61.9535 content=6.4835 (n=10000)
[train] negtok seed41 step 1000/3000 loss=4.0253 elapsed=78.4m
[train] negtok seed41 step 1100/3000 loss=4.0022 elapsed=86.1m
[train] negtok seed41 step 1200/3000 loss=3.8973 elapsed=93.8m
[train] negtok seed41 step 1300/3000 loss=3.8608 elapsed=101.5m
[train] negtok seed41 step 1400/3000 loss=3.8432 elapsed=109.1m
[train] negtok seed41 step 1500/3000 loss=3.7942 elapsed=116.8m
[train] negtok seed41 step 1600/3000 loss=3.7754 elapsed=124.5m
[train] negtok seed41 step 1700/3000 loss=3.7323 elapsed=132.2m
[train] negtok seed41 step 1800/3000 loss=3.7036 elapsed=139.9m
[train] negtok seed41 step 1900/3000 loss=3.6940 elapsed=147.5m
[eval] negtok seed41 step 2000: gmean_ppl=44.8958 content=5.4776 (n=10000)
[train] negtok seed41 step 2000/3000 loss=3.6693 elapsed=155.6m
[train] negtok seed41 step 2100/3000 loss=3.6649 elapsed=163.3m
[train] negtok seed41 step 2200/3000 loss=3.6406 elapsed=170.9m
[train] negtok seed41 step 2300/3000 loss=3.5954 elapsed=178.6m
[train] negtok seed41 step 2400/3000 loss=3.5920 elapsed=186.3m
[train] negtok seed41 step 2500/3000 loss=3.5816 elapsed=194.0m
[train] negtok seed41 step 2600/3000 loss=3.5714 elapsed=201.7m
[train] negtok seed41 step 2700/3000 loss=3.5689 elapsed=209.3m
[train] negtok seed41 step 2800/3000 loss=3.5748 elapsed=217.0m
[train] negtok seed41 step 2900/3000 loss=3.5401 elapsed=224.7m
[eval] negtok seed41 step 3000: gmean_ppl=40.0625 content=5.2093 (n=10000)
[train] negtok seed41 step 3000/3000 loss=3.5475 elapsed=232.8m
{
  "100": 220.2476,
  "300": 105.6813,
  "500": 132.5911,
  "1000": 61.9535,
  "2000": 44.8958,
  "3000": 40.0625
}
[data] blocks=142705 eval_sents=10000 (73s)
[stack] numerics pinned: {'tf32_matmul': False, 'tf32_cudnn': True, 'cudnn_benchmark': False, 'cudnn_deterministic': False}
[probe] ladder probe armed: 200 branch-matched pairs
`loss_type=None` was set in the config but it is unrecognized. Using the default loss: `ForCausalLMLoss`.
[eval] not_random seed41 step 100: gmean_ppl=214.5687 content=11.4668 (n=10000)
[train] not_random seed41 step 100/3000 loss=5.2873 elapsed=8.3m
[train] not_random seed41 step 200/3000 loss=4.8660 elapsed=16.1m
[eval] not_random seed41 step 300: gmean_ppl=109.7084 content=8.4738 (n=10000)
[train] not_random seed41 step 300/3000 loss=4.7356 elapsed=24.3m
[train] not_random seed41 step 400/3000 loss=4.7957 elapsed=32.2m
[eval] not_random seed41 step 500: gmean_ppl=130.3313 content=8.7183 (n=10000)
[train] not_random seed41 step 500/3000 loss=4.7029 elapsed=40.4m
[train] not_random seed41 step 600/3000 loss=4.4146 elapsed=48.3m
[train] not_random seed41 step 700/3000 loss=4.2380 elapsed=56.1m
[train] not_random seed41 step 800/3000 loss=4.1500 elapsed=64.0m
[train] not_random seed41 step 900/3000 loss=4.0324 elapsed=71.8m
[eval] not_random seed41 step 1000: gmean_ppl=58.4771 content=6.1473 (n=10000)
[train] not_random seed41 step 1000/3000 loss=3.9436 elapsed=80.1m
[train] not_random seed41 step 1100/3000 loss=3.9427 elapsed=87.9m
[train] not_random seed41 step 1200/3000 loss=3.8435 elapsed=95.8m
[train] not_random seed41 step 1300/3000 loss=3.8214 elapsed=103.6m
[train] not_random seed41 step 1400/3000 loss=3.8093 elapsed=111.5m
[train] not_random seed41 step 1500/3000 loss=3.7609 elapsed=119.3m
[train] not_random seed41 step 1600/3000 loss=3.7522 elapsed=127.2m
[train] not_random seed41 step 1700/3000 loss=3.7090 elapsed=135.0m
[train] not_random seed41 step 1800/3000 loss=3.6838 elapsed=142.9m
[train] not_random seed41 step 1900/3000 loss=3.6748 elapsed=150.7m
[eval] not_random seed41 step 2000: gmean_ppl=45.2584 content=5.3606 (n=10000)
[train] not_random seed41 step 2000/3000 loss=3.6525 elapsed=158.9m
[train] not_random seed41 step 2100/3000 loss=3.6472 elapsed=166.8m
[train] not_random seed41 step 2200/3000 loss=3.6266 elapsed=174.6m
[train] not_random seed41 step 2300/3000 loss=3.5791 elapsed=182.5m
[train] not_random seed41 step 2400/3000 loss=3.5783 elapsed=190.3m
[train] not_random seed41 step 2500/3000 loss=3.5697 elapsed=198.1m
[train] not_random seed41 step 2600/3000 loss=3.5593 elapsed=205.9m
[train] not_random seed41 step 2700/3000 loss=3.5604 elapsed=213.7m
[train] not_random seed41 step 2800/3000 loss=3.5629 elapsed=221.5m
[train] not_random seed41 step 2900/3000 loss=3.5304 elapsed=229.3m
[eval] not_random seed41 step 3000: gmean_ppl=41.1342 content=5.1318 (n=10000)
[train] not_random seed41 step 3000/3000 loss=3.5347 elapsed=237.4m
{
  "100": 214.5687,
  "300": 109.7084,
  "500": 130.3313,
  "1000": 58.4771,
  "2000": 45.2584,
  "3000": 41.1342
}
[data] blocks=142705 eval_sents=10000 (60s)
[stack] numerics pinned: {'tf32_matmul': False, 'tf32_cudnn': True, 'cudnn_benchmark': False, 'cudnn_deterministic': False}
`loss_type=None` was set in the config but it is unrecognized. Using the default loss: `ForCausalLMLoss`.
[eval] parity_word seed0 step 100: gmean_ppl=281.8436 content=13.1306 (n=10000)
[train] parity_word seed0 step 100/6000 loss=5.6084 elapsed=8.1m
[train] parity_word seed0 step 200/6000 loss=4.9898 elapsed=15.9m
[eval] parity_word seed0 step 300: gmean_ppl=112.7777 content=8.782 (n=10000)
[train] parity_word seed0 step 300/6000 loss=4.7910 elapsed=24.0m
[train] parity_word seed0 step 400/6000 loss=5.2129 elapsed=31.8m
[eval] parity_word seed0 step 500: gmean_ppl=107.7566 content=8.1793 (n=10000)
[train] parity_word seed0 step 500/6000 loss=4.6135 elapsed=39.9m
[train] parity_word seed0 step 600/6000 loss=4.4109 elapsed=47.7m
[train] parity_word seed0 step 700/6000 loss=4.1922 elapsed=55.5m
[train] parity_word seed0 step 800/6000 loss=4.0652 elapsed=63.3m
[train] parity_word seed0 step 900/6000 loss=3.9985 elapsed=71.1m
[eval] parity_word seed0 step 1000: gmean_ppl=52.0496 content=6.001 (n=10000)
[train] parity_word seed0 step 1000/6000 loss=3.9331 elapsed=79.2m
[train] parity_word seed0 step 1100/6000 loss=3.8415 elapsed=87.0m
[train] parity_word seed0 step 1200/6000 loss=3.8181 elapsed=94.8m
[train] parity_word seed0 step 1300/6000 loss=3.7814 elapsed=102.5m
[train] parity_word seed0 step 1400/6000 loss=3.7563 elapsed=110.3m
[train] parity_word seed0 step 1500/6000 loss=3.7372 elapsed=118.1m
[train] parity_word seed0 step 1600/6000 loss=3.6966 elapsed=125.9m
[train] parity_word seed0 step 1700/6000 loss=3.6965 elapsed=133.7m
[train] parity_word seed0 step 1800/6000 loss=3.6571 elapsed=141.5m
[train] parity_word seed0 step 1900/6000 loss=3.6583 elapsed=149.3m
[eval] parity_word seed0 step 2000: gmean_ppl=41.396 content=5.2784 (n=10000)
[train] parity_word seed0 step 2000/6000 loss=3.6401 elapsed=157.4m
[train] parity_word seed0 step 2100/6000 loss=3.5950 elapsed=165.2m
[train] parity_word seed0 step 2200/6000 loss=3.6123 elapsed=173.0m
[train] parity_word seed0 step 2300/6000 loss=3.5701 elapsed=180.8m
[train] parity_word seed0 step 2400/6000 loss=3.5446 elapsed=188.6m
[train] parity_word seed0 step 2500/6000 loss=3.5370 elapsed=196.4m
[train] parity_word seed0 step 2600/6000 loss=3.5477 elapsed=204.2m
[train] parity_word seed0 step 2700/6000 loss=3.5419 elapsed=212.0m
[train] parity_word seed0 step 2800/6000 loss=3.5359 elapsed=219.8m
[train] parity_word seed0 step 2900/6000 loss=3.5369 elapsed=227.6m
[eval] parity_word seed0 step 3000: gmean_ppl=37.9331 content=5.0562 (n=10000)
[train] parity_word seed0 step 3000/6000 loss=3.5209 elapsed=235.7m
[train] parity_word seed0 step 3100/6000 loss=3.5024 elapsed=243.5m
[train] parity_word seed0 step 3200/6000 loss=3.4971 elapsed=251.2m
[train] parity_word seed0 step 3300/6000 loss=3.4842 elapsed=259.0m
[train] parity_word seed0 step 3400/6000 loss=3.4564 elapsed=266.8m
[train] parity_word seed0 step 3500/6000 loss=3.4335 elapsed=274.6m
[train] parity_word seed0 step 3600/6000 loss=3.4300 elapsed=282.4m
[train] parity_word seed0 step 3700/6000 loss=3.4304 elapsed=290.2m
[train] parity_word seed0 step 3800/6000 loss=3.4332 elapsed=298.0m
[train] parity_word seed0 step 3900/6000 loss=3.4178 elapsed=305.8m
[train] parity_word seed0 step 4000/6000 loss=3.4192 elapsed=313.6m
[eval] parity_word seed0 step 4020: gmean_ppl=35.7415 content=4.9215 (n=10000)
[train] parity_word seed0 step 4100/6000 loss=3.4234 elapsed=321.7m
[train] parity_word seed0 step 4200/6000 loss=3.4265 elapsed=329.5m
[train] parity_word seed0 step 4300/6000 loss=3.4415 elapsed=337.3m
[train] parity_word seed0 step 4400/6000 loss=3.4202 elapsed=345.1m
[train] parity_word seed0 step 4500/6000 loss=3.3673 elapsed=352.9m
[train] parity_word seed0 step 4600/6000 loss=3.3784 elapsed=360.7m
[train] parity_word seed0 step 4700/6000 loss=3.3848 elapsed=368.5m
[train] parity_word seed0 step 4800/6000 loss=3.3545 elapsed=376.3m
[train] parity_word seed0 step 4900/6000 loss=3.3782 elapsed=384.1m
[train] parity_word seed0 step 5000/6000 loss=3.3595 elapsed=391.9m
[train] parity_word seed0 step 5100/6000 loss=3.3366 elapsed=399.7m
[train] parity_word seed0 step 5200/6000 loss=3.3492 elapsed=407.4m
[train] parity_word seed0 step 5300/6000 loss=3.3748 elapsed=415.2m
[train] parity_word seed0 step 5400/6000 loss=3.3515 elapsed=423.0m
[train] parity_word seed0 step 5500/6000 loss=3.3390 elapsed=430.8m
[train] parity_word seed0 step 5600/6000 loss=3.2989 elapsed=438.6m
[train] parity_word seed0 step 5700/6000 loss=3.2946 elapsed=446.4m
[train] parity_word seed0 step 5800/6000 loss=3.2955 elapsed=454.2m
[train] parity_word seed0 step 5900/6000 loss=3.2960 elapsed=462.0m
[eval] parity_word seed0 step 6000: gmean_ppl=34.0103 content=4.7921 (n=10000)
[train] parity_word seed0 step 6000/6000 loss=3.3085 elapsed=470.1m
{
  "100": 281.8436,
  "300": 112.7777,
  "500": 107.7566,
  "1000": 52.0496,
  "2000": 41.396,
  "3000": 37.9331,
  "4020": 35.7415,
  "6000": 34.0103
}
[data] blocks=142705 eval_sents=10000 (61s)
[stack] numerics pinned: {'tf32_matmul': False, 'tf32_cudnn': True, 'cudnn_benchmark': False, 'cudnn_deterministic': False}
`loss_type=None` was set in the config but it is unrecognized. Using the default loss: `ForCausalLMLoss`.
[eval] fixed_start seed0 step 100: gmean_ppl=436.0273 content=13.6393 (n=10000)
[train] fixed_start seed0 step 100/6000 loss=5.4930 elapsed=8.1m
[train] fixed_start seed0 step 200/6000 loss=4.8946 elapsed=15.9m
[eval] fixed_start seed0 step 300: gmean_ppl=171.6568 content=9.1392 (n=10000)
[train] fixed_start seed0 step 300/6000 loss=4.7006 elapsed=24.0m
[train] fixed_start seed0 step 400/6000 loss=4.6980 elapsed=31.8m
[eval] fixed_start seed0 step 500: gmean_ppl=148.8338 content=8.4888 (n=10000)
[train] fixed_start seed0 step 500/6000 loss=4.5638 elapsed=39.9m
[train] fixed_start seed0 step 600/6000 loss=4.3696 elapsed=47.7m
[train] fixed_start seed0 step 700/6000 loss=4.1567 elapsed=55.5m
[train] fixed_start seed0 step 800/6000 loss=4.0217 elapsed=63.3m
[train] fixed_start seed0 step 900/6000 loss=3.9543 elapsed=71.1m
[eval] fixed_start seed0 step 1000: gmean_ppl=79.8338 content=6.3334 (n=10000)
[train] fixed_start seed0 step 1000/6000 loss=3.8866 elapsed=79.2m
[train] fixed_start seed0 step 1100/6000 loss=3.7983 elapsed=87.0m
[train] fixed_start seed0 step 1200/6000 loss=3.7757 elapsed=94.8m
[train] fixed_start seed0 step 1300/6000 loss=3.7389 elapsed=102.6m
[train] fixed_start seed0 step 1400/6000 loss=3.7131 elapsed=110.3m
[train] fixed_start seed0 step 1500/6000 loss=3.6952 elapsed=118.1m
[train] fixed_start seed0 step 1600/6000 loss=3.6623 elapsed=125.9m
[train] fixed_start seed0 step 1700/6000 loss=3.6565 elapsed=133.7m
[train] fixed_start seed0 step 1800/6000 loss=3.6166 elapsed=141.5m
[train] fixed_start seed0 step 1900/6000 loss=3.6203 elapsed=149.3m
[eval] fixed_start seed0 step 2000: gmean_ppl=62.997 content=5.5839 (n=10000)
[train] fixed_start seed0 step 2000/6000 loss=3.6008 elapsed=157.4m
[train] fixed_start seed0 step 2100/6000 loss=3.5523 elapsed=165.2m
[train] fixed_start seed0 step 2200/6000 loss=3.5744 elapsed=173.0m
[train] fixed_start seed0 step 2300/6000 loss=3.5293 elapsed=180.8m
[train] fixed_start seed0 step 2400/6000 loss=3.5023 elapsed=188.6m
[train] fixed_start seed0 step 2500/6000 loss=3.4994 elapsed=196.5m
[train] fixed_start seed0 step 2600/6000 loss=3.5084 elapsed=204.3m
[train] fixed_start seed0 step 2700/6000 loss=3.5060 elapsed=212.1m
[train] fixed_start seed0 step 2800/6000 loss=3.4974 elapsed=220.0m
[train] fixed_start seed0 step 2900/6000 loss=3.4986 elapsed=227.8m
[eval] fixed_start seed0 step 3000: gmean_ppl=58.0835 content=5.3445 (n=10000)
[train] fixed_start seed0 step 3000/6000 loss=3.4831 elapsed=235.9m
[train] fixed_start seed0 step 3100/6000 loss=3.4637 elapsed=243.8m
[train] fixed_start seed0 step 3200/6000 loss=3.4615 elapsed=251.5m
[train] fixed_start seed0 step 3300/6000 loss=3.4449 elapsed=259.3m
[train] fixed_start seed0 step 3400/6000 loss=3.4151 elapsed=267.1m
[train] fixed_start seed0 step 3500/6000 loss=3.3968 elapsed=274.9m
[train] fixed_start seed0 step 3600/6000 loss=3.3883 elapsed=282.7m
[train] fixed_start seed0 step 3700/6000 loss=3.3933 elapsed=290.5m
[train] fixed_start seed0 step 3800/6000 loss=3.3929 elapsed=298.3m
[train] fixed_start seed0 step 3900/6000 loss=3.3819 elapsed=306.1m
[train] fixed_start seed0 step 4000/6000 loss=3.3799 elapsed=313.9m
[eval] fixed_start seed0 step 4020: gmean_ppl=55.8494 content=5.2228 (n=10000)
[train] fixed_start seed0 step 4100/6000 loss=3.3884 elapsed=322.0m
[train] fixed_start seed0 step 4200/6000 loss=3.3876 elapsed=329.8m
[train] fixed_start seed0 step 4300/6000 loss=3.4024 elapsed=337.6m
[train] fixed_start seed0 step 4400/6000 loss=3.3831 elapsed=345.4m
[train] fixed_start seed0 step 4500/6000 loss=3.3290 elapsed=353.2m
[train] fixed_start seed0 step 4600/6000 loss=3.3369 elapsed=361.0m
[train] fixed_start seed0 step 4700/6000 loss=3.3477 elapsed=368.8m
[train] fixed_start seed0 step 4800/6000 loss=3.3171 elapsed=376.6m
[train] fixed_start seed0 step 4900/6000 loss=3.3398 elapsed=384.4m
[train] fixed_start seed0 step 5000/6000 loss=3.3237 elapsed=392.2m
[train] fixed_start seed0 step 5100/6000 loss=3.2963 elapsed=400.0m
[train] fixed_start seed0 step 5200/6000 loss=3.3135 elapsed=407.8m
[train] fixed_start seed0 step 5300/6000 loss=3.3350 elapsed=415.6m
[train] fixed_start seed0 step 5400/6000 loss=3.3155 elapsed=423.4m
[train] fixed_start seed0 step 5500/6000 loss=3.3018 elapsed=431.2m
[train] fixed_start seed0 step 5600/6000 loss=3.2643 elapsed=439.0m
[train] fixed_start seed0 step 5700/6000 loss=3.2558 elapsed=446.8m
[train] fixed_start seed0 step 5800/6000 loss=3.2571 elapsed=454.6m
[train] fixed_start seed0 step 5900/6000 loss=3.2579 elapsed=462.4m
[eval] fixed_start seed0 step 6000: gmean_ppl=53.2289 content=5.0937 (n=10000)
[train] fixed_start seed0 step 6000/6000 loss=3.2717 elapsed=470.5m
{
  "100": 436.0273,
  "300": 171.6568,
  "500": 148.8338,
  "1000": 79.8338,
  "2000": 62.997,
  "3000": 58.0835,
  "4020": 55.8494,
  "6000": 53.2289
}
[data] blocks=132947 eval_sents=10000 (56s)
[stack] numerics pinned: {'tf32_matmul': False, 'tf32_cudnn': True, 'cudnn_benchmark': False, 'cudnn_deterministic': False}
`loss_type=None` was set in the config but it is unrecognized. Using the default loss: `ForCausalLMLoss`.
[eval] shuffle_control seed0 step 100: gmean_ppl=411.0795 content=12.2153 (n=10000)
[train] shuffle_control seed0 step 100/6000 loss=5.8888 elapsed=8.1m
[train] shuffle_control seed0 step 200/6000 loss=5.2472 elapsed=15.9m
[eval] shuffle_control seed0 step 300: gmean_ppl=152.872 content=8.2485 (n=10000)
[train] shuffle_control seed0 step 300/6000 loss=5.0624 elapsed=24.0m
[train] shuffle_control seed0 step 400/6000 loss=4.9733 elapsed=31.8m
[eval] shuffle_control seed0 step 500: gmean_ppl=136.2712 content=7.7273 (n=10000)
[train] shuffle_control seed0 step 500/6000 loss=4.8566 elapsed=39.9m
[train] shuffle_control seed0 step 600/6000 loss=4.6120 elapsed=47.8m
[train] shuffle_control seed0 step 700/6000 loss=4.3964 elapsed=55.6m
[train] shuffle_control seed0 step 800/6000 loss=4.2719 elapsed=63.4m
[train] shuffle_control seed0 step 900/6000 loss=4.1721 elapsed=71.2m
[eval] shuffle_control seed0 step 1000: gmean_ppl=64.4328 content=5.6239 (n=10000)
[train] shuffle_control seed0 step 1000/6000 loss=4.1249 elapsed=79.3m
[train] shuffle_control seed0 step 1100/6000 loss=4.0485 elapsed=87.1m
[train] shuffle_control seed0 step 1200/6000 loss=4.0343 elapsed=94.9m
[train] shuffle_control seed0 step 1300/6000 loss=3.9910 elapsed=102.7m
[train] shuffle_control seed0 step 1400/6000 loss=3.9687 elapsed=110.6m
[train] shuffle_control seed0 step 1500/6000 loss=3.9414 elapsed=118.4m
[train] shuffle_control seed0 step 1600/6000 loss=3.9152 elapsed=126.2m
[train] shuffle_control seed0 step 1700/6000 loss=3.8865 elapsed=134.0m
[train] shuffle_control seed0 step 1800/6000 loss=3.8804 elapsed=141.9m
[train] shuffle_control seed0 step 1900/6000 loss=3.8565 elapsed=149.7m
[eval] shuffle_control seed0 step 2000: gmean_ppl=49.7499 content=4.9894 (n=10000)
[train] shuffle_control seed0 step 2000/6000 loss=3.8564 elapsed=157.8m
[train] shuffle_control seed0 step 2100/6000 loss=3.7915 elapsed=165.6m
[train] shuffle_control seed0 step 2200/6000 loss=3.7754 elapsed=173.4m
[train] shuffle_control seed0 step 2300/6000 loss=3.7729 elapsed=181.3m
[train] shuffle_control seed0 step 2400/6000 loss=3.7545 elapsed=189.1m
[train] shuffle_control seed0 step 2500/6000 loss=3.7484 elapsed=196.9m
[train] shuffle_control seed0 step 2600/6000 loss=3.7377 elapsed=204.7m
[train] shuffle_control seed0 step 2700/6000 loss=3.7377 elapsed=212.5m
[train] shuffle_control seed0 step 2800/6000 loss=3.7576 elapsed=220.4m
[train] shuffle_control seed0 step 2900/6000 loss=3.7163 elapsed=228.2m
[eval] shuffle_control seed0 step 3000: gmean_ppl=45.5437 content=4.7862 (n=10000)
[train] shuffle_control seed0 step 3000/6000 loss=3.7062 elapsed=236.4m
[train] shuffle_control seed0 step 3100/6000 loss=3.6908 elapsed=244.2m
[train] shuffle_control seed0 step 3200/6000 loss=3.6722 elapsed=252.0m
[train] shuffle_control seed0 step 3300/6000 loss=3.6599 elapsed=259.8m
[train] shuffle_control seed0 step 3400/6000 loss=3.6606 elapsed=267.7m
[train] shuffle_control seed0 step 3500/6000 loss=3.6545 elapsed=275.5m
[train] shuffle_control seed0 step 3600/6000 loss=3.6463 elapsed=283.3m
[train] shuffle_control seed0 step 3700/6000 loss=3.6232 elapsed=291.1m
[train] shuffle_control seed0 step 3800/6000 loss=3.6157 elapsed=299.0m
[train] shuffle_control seed0 step 3900/6000 loss=3.6078 elapsed=306.8m
[train] shuffle_control seed0 step 4000/6000 loss=3.6191 elapsed=314.6m
[eval] shuffle_control seed0 step 4020: gmean_ppl=43.7976 content=4.6735 (n=10000)
[train] shuffle_control seed0 step 4100/6000 loss=3.6282 elapsed=322.7m
[train] shuffle_control seed0 step 4200/6000 loss=3.5503 elapsed=330.6m
[train] shuffle_control seed0 step 4300/6000 loss=3.5667 elapsed=338.4m
[train] shuffle_control seed0 step 4400/6000 loss=3.5829 elapsed=346.2m
[train] shuffle_control seed0 step 4500/6000 loss=3.5770 elapsed=354.0m
[train] shuffle_control seed0 step 4600/6000 loss=3.5435 elapsed=361.9m
[train] shuffle_control seed0 step 4700/6000 loss=3.5774 elapsed=369.7m
[train] shuffle_control seed0 step 4800/6000 loss=3.5671 elapsed=377.5m
[train] shuffle_control seed0 step 4900/6000 loss=3.5526 elapsed=385.3m
[train] shuffle_control seed0 step 5000/6000 loss=3.5462 elapsed=393.1m
[train] shuffle_control seed0 step 5100/6000 loss=3.5468 elapsed=400.9m
[train] shuffle_control seed0 step 5200/6000 loss=3.4950 elapsed=408.7m
[train] shuffle_control seed0 step 5300/6000 loss=3.4849 elapsed=416.5m
[train] shuffle_control seed0 step 5400/6000 loss=3.5024 elapsed=424.3m
[train] shuffle_control seed0 step 5500/6000 loss=3.5085 elapsed=432.1m
[train] shuffle_control seed0 step 5600/6000 loss=3.5115 elapsed=439.9m
[train] shuffle_control seed0 step 5700/6000 loss=3.5011 elapsed=447.7m
[train] shuffle_control seed0 step 5800/6000 loss=3.4844 elapsed=455.5m
[train] shuffle_control seed0 step 5900/6000 loss=3.4945 elapsed=463.3m
[eval] shuffle_control seed0 step 6000: gmean_ppl=41.3093 content=4.551 (n=10000)
[train] shuffle_control seed0 step 6000/6000 loss=3.4899 elapsed=471.4m
{
  "100": 411.0795,
  "300": 152.872,
  "500": 136.2712,
  "1000": 64.4328,
  "2000": 49.7499,
  "3000": 45.5437,
  "4020": 43.7976,
  "6000": 41.3093
}
SKIP experiments_v2/kallini_repro/results/babylm_shuffle_control_100M/seed0/exp1_result.json (already complete)
[data] blocks=132947 eval_sents=10000 (62s)
[stack] numerics pinned: {'tf32_matmul': False, 'tf32_cudnn': True, 'cudnn_benchmark': False, 'cudnn_deterministic': False}
`loss_type=None` was set in the config but it is unrecognized. Using the default loss: `ForCausalLMLoss`.
[eval] shuffle_nondeterministic seed0 step 100: gmean_ppl=963.9679 content=15.8327 (n=10000)
[train] shuffle_nondeterministic seed0 step 100/3000 loss=6.7431 elapsed=8.1m
[train] shuffle_nondeterministic seed0 step 200/3000 loss=6.6732 elapsed=15.9m
[eval] shuffle_nondeterministic seed0 step 300: gmean_ppl=880.9091 content=15.1132 (n=10000)
[train] shuffle_nondeterministic seed0 step 300/3000 loss=6.6365 elapsed=24.0m
[train] shuffle_nondeterministic seed0 step 400/3000 loss=6.3516 elapsed=31.8m
[eval] shuffle_nondeterministic seed0 step 500: gmean_ppl=610.5365 content=13.5329 (n=10000)
[train] shuffle_nondeterministic seed0 step 500/3000 loss=6.2292 elapsed=39.9m
[train] shuffle_nondeterministic seed0 step 600/3000 loss=6.1531 elapsed=47.7m
[train] shuffle_nondeterministic seed0 step 700/3000 loss=6.1119 elapsed=55.4m
[train] shuffle_nondeterministic seed0 step 800/3000 loss=6.0453 elapsed=63.2m
[train] shuffle_nondeterministic seed0 step 900/3000 loss=6.0051 elapsed=71.0m
[eval] shuffle_nondeterministic seed0 step 1000: gmean_ppl=458.7377 content=12.2707 (n=10000)
[train] shuffle_nondeterministic seed0 step 1000/3000 loss=5.9814 elapsed=79.1m
[train] shuffle_nondeterministic seed0 step 1100/3000 loss=5.9236 elapsed=86.9m
[train] shuffle_nondeterministic seed0 step 1200/3000 loss=5.9511 elapsed=94.7m
[train] shuffle_nondeterministic seed0 step 1300/3000 loss=5.9180 elapsed=102.5m
[train] shuffle_nondeterministic seed0 step 1400/3000 loss=5.9037 elapsed=110.3m
[train] shuffle_nondeterministic seed0 step 1500/3000 loss=5.8884 elapsed=118.1m
[train] shuffle_nondeterministic seed0 step 1600/3000 loss=5.8611 elapsed=125.9m
[train] shuffle_nondeterministic seed0 step 1700/3000 loss=5.8465 elapsed=133.7m
[train] shuffle_nondeterministic seed0 step 1800/3000 loss=5.8312 elapsed=141.5m
[train] shuffle_nondeterministic seed0 step 1900/3000 loss=5.8308 elapsed=149.3m
[eval] shuffle_nondeterministic seed0 step 2000: gmean_ppl=373.2657 content=11.4405 (n=10000)
[train] shuffle_nondeterministic seed0 step 2000/3000 loss=5.8144 elapsed=157.4m
[train] shuffle_nondeterministic seed0 step 2100/3000 loss=5.7736 elapsed=165.2m
[train] shuffle_nondeterministic seed0 step 2200/3000 loss=5.7677 elapsed=173.0m
[train] shuffle_nondeterministic seed0 step 2300/3000 loss=5.7410 elapsed=180.8m
[train] shuffle_nondeterministic seed0 step 2400/3000 loss=5.7438 elapsed=188.6m
[train] shuffle_nondeterministic seed0 step 2500/3000 loss=5.7356 elapsed=196.4m
[train] shuffle_nondeterministic seed0 step 2600/3000 loss=5.7394 elapsed=204.2m
[train] shuffle_nondeterministic seed0 step 2700/3000 loss=5.7407 elapsed=212.0m
[train] shuffle_nondeterministic seed0 step 2800/3000 loss=5.7423 elapsed=219.8m
[train] shuffle_nondeterministic seed0 step 2900/3000 loss=5.7130 elapsed=227.6m
[eval] shuffle_nondeterministic seed0 step 3000: gmean_ppl=337.7903 content=11.0759 (n=10000)
[train] shuffle_nondeterministic seed0 step 3000/3000 loss=5.7159 elapsed=235.7m
{
  "100": 963.9679,
  "300": 880.9091,
  "500": 610.5365,
  "1000": 458.7377,
  "2000": 373.2657,
  "3000": 337.7903
}
SKIP experiments_v2/kallini_repro/results/babylm_shuffle_deterministic21_100M/seed0/exp1_result.json (already complete)
SKIP experiments_v2/kallini_repro/results/babylm_shuffle_local3_100M/seed0/exp1_result.json (already complete)
[data] blocks=132947 eval_sents=10000 (57s)
[stack] numerics pinned: {'tf32_matmul': False, 'tf32_cudnn': True, 'cudnn_benchmark': False, 'cudnn_deterministic': False}
`loss_type=None` was set in the config but it is unrecognized. Using the default loss: `ForCausalLMLoss`.
[eval] shuffle_local10 seed0 step 100: gmean_ppl=835.2716 content=15.6214 (n=10000)
[train] shuffle_local10 seed0 step 100/3000 loss=6.6696 elapsed=8.1m
[train] shuffle_local10 seed0 step 200/3000 loss=6.5416 elapsed=15.9m
[eval] shuffle_local10 seed0 step 300: gmean_ppl=616.4451 content=14.178 (n=10000)
[train] shuffle_local10 seed0 step 300/3000 loss=6.4072 elapsed=24.0m
[train] shuffle_local10 seed0 step 400/3000 loss=6.0091 elapsed=31.8m
[eval] shuffle_local10 seed0 step 500: gmean_ppl=405.2026 content=11.9567 (n=10000)
[train] shuffle_local10 seed0 step 500/3000 loss=5.6963 elapsed=39.9m
[train] shuffle_local10 seed0 step 600/3000 loss=5.4189 elapsed=47.7m
[train] shuffle_local10 seed0 step 700/3000 loss=5.2289 elapsed=55.5m
[train] shuffle_local10 seed0 step 800/3000 loss=5.0218 elapsed=63.3m
[train] shuffle_local10 seed0 step 900/3000 loss=4.8253 elapsed=71.1m
[eval] shuffle_local10 seed0 step 1000: gmean_ppl=158.4095 content=7.9395 (n=10000)
[train] shuffle_local10 seed0 step 1000/3000 loss=4.7329 elapsed=79.2m
[train] shuffle_local10 seed0 step 1100/3000 loss=4.6354 elapsed=87.0m
[train] shuffle_local10 seed0 step 1200/3000 loss=4.6146 elapsed=94.9m
[train] shuffle_local10 seed0 step 1300/3000 loss=4.5551 elapsed=102.7m
[train] shuffle_local10 seed0 step 1400/3000 loss=4.5281 elapsed=110.5m
[train] shuffle_local10 seed0 step 1500/3000 loss=4.4932 elapsed=118.3m
[train] shuffle_local10 seed0 step 1600/3000 loss=4.4497 elapsed=126.1m
[train] shuffle_local10 seed0 step 1700/3000 loss=4.4260 elapsed=133.9m
[train] shuffle_local10 seed0 step 1800/3000 loss=4.4003 elapsed=141.7m
[train] shuffle_local10 seed0 step 1900/3000 loss=4.3915 elapsed=149.5m
[eval] shuffle_local10 seed0 step 2000: gmean_ppl=106.0324 content=6.6837 (n=10000)
[train] shuffle_local10 seed0 step 2000/3000 loss=4.3703 elapsed=157.6m
[train] shuffle_local10 seed0 step 2100/3000 loss=4.3157 elapsed=165.4m
[train] shuffle_local10 seed0 step 2200/3000 loss=4.2958 elapsed=173.2m
[train] shuffle_local10 seed0 step 2300/3000 loss=4.2807 elapsed=181.0m
[train] shuffle_local10 seed0 step 2400/3000 loss=4.2614 elapsed=188.8m
[train] shuffle_local10 seed0 step 2500/3000 loss=4.2529 elapsed=196.6m
[train] shuffle_local10 seed0 step 2600/3000 loss=4.2465 elapsed=204.4m
[train] shuffle_local10 seed0 step 2700/3000 loss=4.2497 elapsed=212.2m
[train] shuffle_local10 seed0 step 2800/3000 loss=4.2654 elapsed=220.0m
[train] shuffle_local10 seed0 step 2900/3000 loss=4.2211 elapsed=227.8m
[eval] shuffle_local10 seed0 step 3000: gmean_ppl=97.3185 content=6.3652 (n=10000)
[train] shuffle_local10 seed0 step 3000/3000 loss=4.2279 elapsed=235.9m
{
  "100": 835.2716,
  "300": 616.4451,
  "500": 405.2026,
  "1000": 158.4095,
  "2000": 106.0324,
  "3000": 97.3185
}
[data] blocks=132947 eval_sents=10000 (58s)
[stack] numerics pinned: {'tf32_matmul': False, 'tf32_cudnn': True, 'cudnn_benchmark': False, 'cudnn_deterministic': False}
`loss_type=None` was set in the config but it is unrecognized. Using the default loss: `ForCausalLMLoss`.
[eval] shuffle_even_odd seed0 step 100: gmean_ppl=654.7867 content=14.6289 (n=10000)
[train] shuffle_even_odd seed0 step 100/3000 loss=6.3509 elapsed=8.1m
[train] shuffle_even_odd seed0 step 200/3000 loss=6.1590 elapsed=15.9m
[eval] shuffle_even_odd seed0 step 300: gmean_ppl=700.4012 content=14.2079 (n=10000)
[train] shuffle_even_odd seed0 step 300/3000 loss=6.2722 elapsed=24.0m
[train] shuffle_even_odd seed0 step 400/3000 loss=6.0801 elapsed=31.8m
[eval] shuffle_even_odd seed0 step 500: gmean_ppl=331.0703 content=11.7336 (n=10000)
[train] shuffle_even_odd seed0 step 500/3000 loss=5.8631 elapsed=39.9m
[train] shuffle_even_odd seed0 step 600/3000 loss=5.6811 elapsed=47.7m
[train] shuffle_even_odd seed0 step 700/3000 loss=5.5021 elapsed=55.5m
[train] shuffle_even_odd seed0 step 800/3000 loss=5.1962 elapsed=63.3m
[train] shuffle_even_odd seed0 step 900/3000 loss=4.9087 elapsed=71.1m
[eval] shuffle_even_odd seed0 step 1000: gmean_ppl=128.7884 content=7.5611 (n=10000)
[train] shuffle_even_odd seed0 step 1000/3000 loss=4.7504 elapsed=79.2m
[train] shuffle_even_odd seed0 step 1100/3000 loss=4.6230 elapsed=87.0m
[train] shuffle_even_odd seed0 step 1200/3000 loss=4.5869 elapsed=94.8m
[train] shuffle_even_odd seed0 step 1300/3000 loss=4.5039 elapsed=102.6m
[train] shuffle_even_odd seed0 step 1400/3000 loss=4.4762 elapsed=110.4m
[train] shuffle_even_odd seed0 step 1500/3000 loss=4.4274 elapsed=118.2m
[train] shuffle_even_odd seed0 step 1600/3000 loss=4.3824 elapsed=126.0m
[train] shuffle_even_odd seed0 step 1700/3000 loss=4.3540 elapsed=133.8m
[train] shuffle_even_odd seed0 step 1800/3000 loss=4.3305 elapsed=141.6m
[train] shuffle_even_odd seed0 step 1900/3000 loss=4.3066 elapsed=149.4m
[eval] shuffle_even_odd seed0 step 2000: gmean_ppl=71.1241 content=5.9722 (n=10000)
[train] shuffle_even_odd seed0 step 2000/3000 loss=4.2903 elapsed=157.5m
[train] shuffle_even_odd seed0 step 2100/3000 loss=4.2316 elapsed=165.3m
[train] shuffle_even_odd seed0 step 2200/3000 loss=4.2119 elapsed=173.1m
[train] shuffle_even_odd seed0 step 2300/3000 loss=4.1927 elapsed=180.9m
[train] shuffle_even_odd seed0 step 2400/3000 loss=4.1719 elapsed=188.7m
[train] shuffle_even_odd seed0 step 2500/3000 loss=4.1593 elapsed=196.6m
[train] shuffle_even_odd seed0 step 2600/3000 loss=4.1510 elapsed=204.4m
[train] shuffle_even_odd seed0 step 2700/3000 loss=4.1594 elapsed=212.2m
[train] shuffle_even_odd seed0 step 2800/3000 loss=4.1703 elapsed=220.0m
[train] shuffle_even_odd seed0 step 2900/3000 loss=4.1256 elapsed=227.8m
[eval] shuffle_even_odd seed0 step 3000: gmean_ppl=63.9364 content=5.6821 (n=10000)
[train] shuffle_even_odd seed0 step 3000/3000 loss=4.1229 elapsed=235.9m
{
  "100": 654.7867,
  "300": 700.4012,
  "500": 331.0703,
  "1000": 128.7884,
  "2000": 71.1241,
  "3000": 63.9364
}
[data] blocks=143347 eval_sents=10000 (64s)
[stack] numerics pinned: {'tf32_matmul': False, 'tf32_cudnn': True, 'cudnn_benchmark': False, 'cudnn_deterministic': False}
`loss_type=None` was set in the config but it is unrecognized. Using the default loss: `ForCausalLMLoss`.
[eval] reverse_control seed0 step 100: gmean_ppl=287.9954 content=11.8891 (n=10000)
[train] reverse_control seed0 step 100/3000 loss=5.6259 elapsed=7.9m
[train] reverse_control seed0 step 200/3000 loss=5.1768 elapsed=15.6m
[eval] reverse_control seed0 step 300: gmean_ppl=150.2377 content=8.7988 (n=10000)
[train] reverse_control seed0 step 300/3000 loss=5.0574 elapsed=23.5m
[train] reverse_control seed0 step 400/3000 loss=4.9562 elapsed=31.1m
[eval] reverse_control seed0 step 500: gmean_ppl=107.1931 content=7.6496 (n=10000)
[train] reverse_control seed0 step 500/3000 loss=4.6489 elapsed=39.0m
[train] reverse_control seed0 step 600/3000 loss=4.4093 elapsed=46.7m
[train] reverse_control seed0 step 700/3000 loss=4.2457 elapsed=54.3m
[train] reverse_control seed0 step 800/3000 loss=4.1772 elapsed=61.9m
[train] reverse_control seed0 step 900/3000 loss=4.2101 elapsed=69.6m
[eval] reverse_control seed0 step 1000: gmean_ppl=60.3427 content=5.9312 (n=10000)
[train] reverse_control seed0 step 1000/3000 loss=4.0530 elapsed=77.5m
[train] reverse_control seed0 step 1100/3000 loss=4.0002 elapsed=85.2m
[train] reverse_control seed0 step 1200/3000 loss=3.9323 elapsed=92.8m
[train] reverse_control seed0 step 1300/3000 loss=3.9232 elapsed=100.5m
[train] reverse_control seed0 step 1400/3000 loss=3.9252 elapsed=108.1m
[train] reverse_control seed0 step 1500/3000 loss=3.8534 elapsed=115.7m
[train] reverse_control seed0 step 1600/3000 loss=3.8352 elapsed=123.4m
[train] reverse_control seed0 step 1700/3000 loss=3.8384 elapsed=131.0m
[train] reverse_control seed0 step 1800/3000 loss=3.7816 elapsed=138.7m
[train] reverse_control seed0 step 1900/3000 loss=3.7992 elapsed=146.3m
[eval] reverse_control seed0 step 2000: gmean_ppl=47.0866 content=5.2707 (n=10000)
[train] reverse_control seed0 step 2000/3000 loss=3.7636 elapsed=154.3m
[train] reverse_control seed0 step 2100/3000 loss=3.7464 elapsed=161.9m
[train] reverse_control seed0 step 2200/3000 loss=3.7566 elapsed=169.6m
[train] reverse_control seed0 step 2300/3000 loss=3.7134 elapsed=177.2m
[train] reverse_control seed0 step 2400/3000 loss=3.6916 elapsed=184.9m
[train] reverse_control seed0 step 2500/3000 loss=3.6832 elapsed=192.5m
[train] reverse_control seed0 step 2600/3000 loss=3.6939 elapsed=200.1m
[train] reverse_control seed0 step 2700/3000 loss=3.6543 elapsed=207.8m
[train] reverse_control seed0 step 2800/3000 loss=3.6699 elapsed=215.4m
[train] reverse_control seed0 step 2900/3000 loss=3.6687 elapsed=223.1m
[eval] reverse_control seed0 step 3000: gmean_ppl=42.7539 content=5.0404 (n=10000)
[train] reverse_control seed0 step 3000/3000 loss=3.6745 elapsed=231.0m
{
  "100": 287.9954,
  "300": 150.2377,
  "500": 107.1931,
  "1000": 60.3427,
  "2000": 47.0866,
  "3000": 42.7539
}
[data] blocks=143347 eval_sents=10000 (65s)
[stack] numerics pinned: {'tf32_matmul': False, 'tf32_cudnn': True, 'cudnn_benchmark': False, 'cudnn_deterministic': False}
`loss_type=None` was set in the config but it is unrecognized. Using the default loss: `ForCausalLMLoss`.
[eval] reverse_partial seed0 step 100: gmean_ppl=296.5246 content=12.7433 (n=10000)
[train] reverse_partial seed0 step 100/3000 loss=5.9221 elapsed=7.9m
[train] reverse_partial seed0 step 200/3000 loss=5.5491 elapsed=15.6m
[eval] reverse_partial seed0 step 300: gmean_ppl=183.4708 content=9.9871 (n=10000)
[train] reverse_partial seed0 step 300/3000 loss=5.3749 elapsed=23.5m
[train] reverse_partial seed0 step 400/3000 loss=5.0915 elapsed=31.2m
[eval] reverse_partial seed0 step 500: gmean_ppl=124.9658 content=8.6 (n=10000)
[train] reverse_partial seed0 step 500/3000 loss=4.8390 elapsed=39.1m
[train] reverse_partial seed0 step 600/3000 loss=4.6555 elapsed=46.8m
[train] reverse_partial seed0 step 700/3000 loss=4.4748 elapsed=54.4m
[train] reverse_partial seed0 step 800/3000 loss=4.3688 elapsed=62.0m
[train] reverse_partial seed0 step 900/3000 loss=4.2971 elapsed=69.7m
[eval] reverse_partial seed0 step 1000: gmean_ppl=68.4931 content=6.4497 (n=10000)
[train] reverse_partial seed0 step 1000/3000 loss=4.2316 elapsed=77.6m
[train] reverse_partial seed0 step 1100/3000 loss=4.1754 elapsed=85.2m
[train] reverse_partial seed0 step 1200/3000 loss=4.1291 elapsed=92.9m
[train] reverse_partial seed0 step 1300/3000 loss=4.1123 elapsed=100.5m
[train] reverse_partial seed0 step 1400/3000 loss=4.1053 elapsed=108.2m
[train] reverse_partial seed0 step 1500/3000 loss=4.0377 elapsed=115.8m
[train] reverse_partial seed0 step 1600/3000 loss=4.0182 elapsed=123.5m
[train] reverse_partial seed0 step 1700/3000 loss=4.0169 elapsed=131.1m
[train] reverse_partial seed0 step 1800/3000 loss=3.9659 elapsed=138.7m
[train] reverse_partial seed0 step 1900/3000 loss=3.9760 elapsed=146.4m
[eval] reverse_partial seed0 step 2000: gmean_ppl=50.1966 content=5.6783 (n=10000)
[train] reverse_partial seed0 step 2000/3000 loss=3.9413 elapsed=154.3m
[train] reverse_partial seed0 step 2100/3000 loss=3.9222 elapsed=161.9m
[train] reverse_partial seed0 step 2200/3000 loss=3.9312 elapsed=169.6m
[train] reverse_partial seed0 step 2300/3000 loss=3.8865 elapsed=177.2m
[train] reverse_partial seed0 step 2400/3000 loss=3.8688 elapsed=184.9m
[train] reverse_partial seed0 step 2500/3000 loss=3.8600 elapsed=192.5m
[train] reverse_partial seed0 step 2600/3000 loss=3.8701 elapsed=200.2m
[train] reverse_partial seed0 step 2700/3000 loss=3.8281 elapsed=207.8m
[train] reverse_partial seed0 step 2800/3000 loss=3.8471 elapsed=215.5m
[train] reverse_partial seed0 step 2900/3000 loss=3.8443 elapsed=223.1m
[eval] reverse_partial seed0 step 3000: gmean_ppl=46.02 content=5.4171 (n=10000)
[train] reverse_partial seed0 step 3000/3000 loss=3.8519 elapsed=231.0m
{
  "100": 296.5246,
  "300": 183.4708,
  "500": 124.9658,
  "1000": 68.4931,
  "2000": 50.1966,
  "3000": 46.02
}
SKIP experiments_v2/kallini_repro/results/babylm_reverse_full_100M/seed0/exp1_result.json (already complete)
SKIP experiments_v2/kallini_repro/results/babylm_shuffle_control_100M/seed14/exp1_result.json (already complete)
[data] blocks=132947 eval_sents=10000 (59s)
[stack] numerics pinned: {'tf32_matmul': False, 'tf32_cudnn': True, 'cudnn_benchmark': False, 'cudnn_deterministic': False}
`loss_type=None` was set in the config but it is unrecognized. Using the default loss: `ForCausalLMLoss`.
[eval] shuffle_nondeterministic seed14 step 100: gmean_ppl=962.0444 content=16.5838 (n=10000)
[train] shuffle_nondeterministic seed14 step 100/3000 loss=6.7388 elapsed=8.1m
[train] shuffle_nondeterministic seed14 step 200/3000 loss=6.6775 elapsed=15.9m
[eval] shuffle_nondeterministic seed14 step 300: gmean_ppl=856.2024 content=15.8134 (n=10000)
[train] shuffle_nondeterministic seed14 step 300/3000 loss=6.5903 elapsed=24.0m
[train] shuffle_nondeterministic seed14 step 400/3000 loss=6.3372 elapsed=31.8m
[eval] shuffle_nondeterministic seed14 step 500: gmean_ppl=631.0849 content=14.2821 (n=10000)
[train] shuffle_nondeterministic seed14 step 500/3000 loss=6.2326 elapsed=39.9m
[train] shuffle_nondeterministic seed14 step 600/3000 loss=6.1493 elapsed=47.8m
[train] shuffle_nondeterministic seed14 step 700/3000 loss=6.0982 elapsed=55.6m
[train] shuffle_nondeterministic seed14 step 800/3000 loss=6.0494 elapsed=63.4m
[train] shuffle_nondeterministic seed14 step 900/3000 loss=6.0125 elapsed=71.2m
[eval] shuffle_nondeterministic seed14 step 1000: gmean_ppl=442.9215 content=12.7985 (n=10000)
[train] shuffle_nondeterministic seed14 step 1000/3000 loss=5.9902 elapsed=79.3m
[train] shuffle_nondeterministic seed14 step 1100/3000 loss=5.9568 elapsed=87.1m
[train] shuffle_nondeterministic seed14 step 1200/3000 loss=5.9357 elapsed=94.9m
[train] shuffle_nondeterministic seed14 step 1300/3000 loss=5.8935 elapsed=102.7m
[train] shuffle_nondeterministic seed14 step 1400/3000 loss=5.9083 elapsed=110.5m
[train] shuffle_nondeterministic seed14 step 1500/3000 loss=5.8841 elapsed=118.3m
[train] shuffle_nondeterministic seed14 step 1600/3000 loss=5.8445 elapsed=126.1m
[train] shuffle_nondeterministic seed14 step 1700/3000 loss=5.8449 elapsed=133.9m
[train] shuffle_nondeterministic seed14 step 1800/3000 loss=5.8208 elapsed=141.7m
[train] shuffle_nondeterministic seed14 step 1900/3000 loss=5.8321 elapsed=149.5m
[eval] shuffle_nondeterministic seed14 step 2000: gmean_ppl=380.9997 content=11.9237 (n=10000)
[train] shuffle_nondeterministic seed14 step 2000/3000 loss=5.7874 elapsed=157.6m
[train] shuffle_nondeterministic seed14 step 2100/3000 loss=5.7633 elapsed=165.4m
[train] shuffle_nondeterministic seed14 step 2200/3000 loss=5.7599 elapsed=173.2m
[train] shuffle_nondeterministic seed14 step 2300/3000 loss=5.7455 elapsed=181.1m
[train] shuffle_nondeterministic seed14 step 2400/3000 loss=5.7498 elapsed=188.9m
[train] shuffle_nondeterministic seed14 step 2500/3000 loss=5.7456 elapsed=196.7m
[train] shuffle_nondeterministic seed14 step 2600/3000 loss=5.7403 elapsed=204.5m
[train] shuffle_nondeterministic seed14 step 2700/3000 loss=5.7428 elapsed=212.3m
[train] shuffle_nondeterministic seed14 step 2800/3000 loss=5.7332 elapsed=220.1m
[train] shuffle_nondeterministic seed14 step 2900/3000 loss=5.7168 elapsed=227.9m
[eval] shuffle_nondeterministic seed14 step 3000: gmean_ppl=339.8866 content=11.5393 (n=10000)
[train] shuffle_nondeterministic seed14 step 3000/3000 loss=5.7061 elapsed=236.0m
{
  "100": 962.0444,
  "300": 856.2024,
  "500": 631.0849,
  "1000": 442.9215,
  "2000": 380.9997,
  "3000": 339.8866
}
[data] blocks=132947 eval_sents=10000 (59s)
[stack] numerics pinned: {'tf32_matmul': False, 'tf32_cudnn': True, 'cudnn_benchmark': False, 'cudnn_deterministic': False}
`loss_type=None` was set in the config but it is unrecognized. Using the default loss: `ForCausalLMLoss`.
[eval] shuffle_deterministic21 seed14 step 100: gmean_ppl=949.4063 content=16.1879 (n=10000)
[train] shuffle_deterministic21 seed14 step 100/3000 loss=6.7134 elapsed=8.1m
[train] shuffle_deterministic21 seed14 step 200/3000 loss=6.6341 elapsed=15.9m
[eval] shuffle_deterministic21 seed14 step 300: gmean_ppl=789.6246 content=14.9146 (n=10000)
[train] shuffle_deterministic21 seed14 step 300/3000 loss=6.3280 elapsed=24.0m
[train] shuffle_deterministic21 seed14 step 400/3000 loss=6.0905 elapsed=31.8m
[eval] shuffle_deterministic21 seed14 step 500: gmean_ppl=502.5224 content=13.1128 (n=10000)
[train] shuffle_deterministic21 seed14 step 500/3000 loss=5.9524 elapsed=39.9m
[train] shuffle_deterministic21 seed14 step 600/3000 loss=5.8267 elapsed=47.7m
[train] shuffle_deterministic21 seed14 step 700/3000 loss=5.7318 elapsed=55.5m
[train] shuffle_deterministic21 seed14 step 800/3000 loss=5.6419 elapsed=63.3m
[train] shuffle_deterministic21 seed14 step 900/3000 loss=5.5545 elapsed=71.1m
[eval] shuffle_deterministic21 seed14 step 1000: gmean_ppl=285.4639 content=10.7701 (n=10000)
[train] shuffle_deterministic21 seed14 step 1000/3000 loss=5.4895 elapsed=79.2m
[train] shuffle_deterministic21 seed14 step 1100/3000 loss=5.4113 elapsed=86.9m
[train] shuffle_deterministic21 seed14 step 1200/3000 loss=5.3114 elapsed=94.7m
[train] shuffle_deterministic21 seed14 step 1300/3000 loss=5.1925 elapsed=102.5m
[train] shuffle_deterministic21 seed14 step 1400/3000 loss=5.1743 elapsed=110.3m
[train] shuffle_deterministic21 seed14 step 1500/3000 loss=5.1029 elapsed=118.1m
[train] shuffle_deterministic21 seed14 step 1600/3000 loss=5.0247 elapsed=125.9m
[train] shuffle_deterministic21 seed14 step 1700/3000 loss=5.0114 elapsed=133.7m
[train] shuffle_deterministic21 seed14 step 1800/3000 loss=4.9564 elapsed=141.5m
[train] shuffle_deterministic21 seed14 step 1900/3000 loss=4.9508 elapsed=149.3m
[eval] shuffle_deterministic21 seed14 step 2000: gmean_ppl=231.9522 content=9.6386 (n=10000)
[train] shuffle_deterministic21 seed14 step 2000/3000 loss=4.8868 elapsed=157.4m
[train] shuffle_deterministic21 seed14 step 2100/3000 loss=4.8358 elapsed=165.2m
[train] shuffle_deterministic21 seed14 step 2200/3000 loss=4.8360 elapsed=173.0m
[train] shuffle_deterministic21 seed14 step 2300/3000 loss=4.7975 elapsed=180.8m
[train] shuffle_deterministic21 seed14 step 2400/3000 loss=4.7921 elapsed=188.6m
[train] shuffle_deterministic21 seed14 step 2500/3000 loss=4.7798 elapsed=196.4m
[train] shuffle_deterministic21 seed14 step 2600/3000 loss=4.7618 elapsed=204.2m
[train] shuffle_deterministic21 seed14 step 2700/3000 loss=4.7804 elapsed=212.0m
[train] shuffle_deterministic21 seed14 step 2800/3000 loss=4.7421 elapsed=219.8m
[train] shuffle_deterministic21 seed14 step 2900/3000 loss=4.7274 elapsed=227.6m
[eval] shuffle_deterministic21 seed14 step 3000: gmean_ppl=205.0849 content=9.2347 (n=10000)
[train] shuffle_deterministic21 seed14 step 3000/3000 loss=4.7256 elapsed=235.7m
{
  "100": 949.4063,
  "300": 789.6246,
  "500": 502.5224,
  "1000": 285.4639,
  "2000": 231.9522,
  "3000": 205.0849
}
SKIP experiments_v2/kallini_repro/results/babylm_shuffle_local3_100M/seed14/exp1_result.json (already complete)
SKIP experiments_v2/kallini_repro/results/babylm_shuffle_local10_100M/seed14/exp1_result.json (already complete)
SKIP experiments_v2/kallini_repro/results/babylm_shuffle_even_odd_100M/seed14/exp1_result.json (already complete)
SKIP experiments_v2/kallini_repro/results/babylm_reverse_control_100M/seed14/exp1_result.json (already complete)
[data] blocks=143347 eval_sents=10000 (64s)
[stack] numerics pinned: {'tf32_matmul': False, 'tf32_cudnn': True, 'cudnn_benchmark': False, 'cudnn_deterministic': False}
`loss_type=None` was set in the config but it is unrecognized. Using the default loss: `ForCausalLMLoss`.
[eval] reverse_partial seed14 step 100: gmean_ppl=331.9627 content=12.8958 (n=10000)
[train] reverse_partial seed14 step 100/3000 loss=5.8764 elapsed=7.9m
[train] reverse_partial seed14 step 200/3000 loss=5.5691 elapsed=15.6m
[eval] reverse_partial seed14 step 300: gmean_ppl=194.7757 content=10.1883 (n=10000)
[train] reverse_partial seed14 step 300/3000 loss=5.3953 elapsed=23.5m
[train] reverse_partial seed14 step 400/3000 loss=5.3065 elapsed=31.1m
[eval] reverse_partial seed14 step 500: gmean_ppl=119.7641 content=8.5119 (n=10000)
[train] reverse_partial seed14 step 500/3000 loss=4.8413 elapsed=39.0m
[train] reverse_partial seed14 step 600/3000 loss=4.6274 elapsed=46.6m
[train] reverse_partial seed14 step 700/3000 loss=4.4793 elapsed=54.3m
[train] reverse_partial seed14 step 800/3000 loss=5.1061 elapsed=61.9m
[train] reverse_partial seed14 step 900/3000 loss=4.3420 elapsed=69.5m
[eval] reverse_partial seed14 step 1000: gmean_ppl=65.7271 content=6.479 (n=10000)
[train] reverse_partial seed14 step 1000/3000 loss=4.2493 elapsed=77.4m
[train] reverse_partial seed14 step 1100/3000 loss=4.1762 elapsed=85.0m
[train] reverse_partial seed14 step 1200/3000 loss=4.1635 elapsed=92.6m
[train] reverse_partial seed14 step 1300/3000 loss=4.1197 elapsed=100.3m
[train] reverse_partial seed14 step 1400/3000 loss=4.0886 elapsed=107.9m
[train] reverse_partial seed14 step 1500/3000 loss=4.0613 elapsed=115.5m
[train] reverse_partial seed14 step 1600/3000 loss=4.0494 elapsed=123.1m
[train] reverse_partial seed14 step 1700/3000 loss=4.0209 elapsed=130.7m
[train] reverse_partial seed14 step 1800/3000 loss=3.9887 elapsed=138.3m
[train] reverse_partial seed14 step 1900/3000 loss=3.9735 elapsed=146.0m
[eval] reverse_partial seed14 step 2000: gmean_ppl=52.4408 content=5.7125 (n=10000)
[train] reverse_partial seed14 step 2000/3000 loss=3.9505 elapsed=153.9m
[train] reverse_partial seed14 step 2100/3000 loss=3.9496 elapsed=161.5m
[train] reverse_partial seed14 step 2200/3000 loss=3.9096 elapsed=169.1m
[train] reverse_partial seed14 step 2300/3000 loss=3.8811 elapsed=176.7m
[train] reverse_partial seed14 step 2400/3000 loss=3.8772 elapsed=184.3m
[train] reverse_partial seed14 step 2500/3000 loss=3.8801 elapsed=192.0m
[train] reverse_partial seed14 step 2600/3000 loss=3.8456 elapsed=199.6m
[train] reverse_partial seed14 step 2700/3000 loss=3.8299 elapsed=207.2m
[train] reverse_partial seed14 step 2800/3000 loss=3.8337 elapsed=214.8m
[train] reverse_partial seed14 step 2900/3000 loss=3.8280 elapsed=222.4m
[eval] reverse_partial seed14 step 3000: gmean_ppl=46.5018 content=5.4274 (n=10000)
[train] reverse_partial seed14 step 3000/3000 loss=3.8362 elapsed=230.3m
{
  "100": 331.9627,
  "300": 194.7757,
  "500": 119.7641,
  "1000": 65.7271,
  "2000": 52.4408,
  "3000": 46.5018
}
[data] blocks=143347 eval_sents=10000 (60s)
[stack] numerics pinned: {'tf32_matmul': False, 'tf32_cudnn': True, 'cudnn_benchmark': False, 'cudnn_deterministic': False}
`loss_type=None` was set in the config but it is unrecognized. Using the default loss: `ForCausalLMLoss`.
[eval] reverse_full seed14 step 100: gmean_ppl=448.2718 content=13.39 (n=10000)
[train] reverse_full seed14 step 100/3000 loss=5.5745 elapsed=7.9m
[train] reverse_full seed14 step 200/3000 loss=5.1595 elapsed=15.5m
[eval] reverse_full seed14 step 300: gmean_ppl=220.0673 content=9.8995 (n=10000)
[train] reverse_full seed14 step 300/3000 loss=5.0174 elapsed=23.5m
[train] reverse_full seed14 step 400/3000 loss=5.1598 elapsed=31.1m
[eval] reverse_full seed14 step 500: gmean_ppl=198.1985 content=9.5042 (n=10000)
[train] reverse_full seed14 step 500/3000 loss=4.9286 elapsed=39.0m
[train] reverse_full seed14 step 600/3000 loss=4.7334 elapsed=46.6m
[train] reverse_full seed14 step 700/3000 loss=4.4309 elapsed=54.3m
[train] reverse_full seed14 step 800/3000 loss=4.2475 elapsed=61.9m
[train] reverse_full seed14 step 900/3000 loss=4.2195 elapsed=69.6m
[eval] reverse_full seed14 step 1000: gmean_ppl=98.3144 content=6.932 (n=10000)
[train] reverse_full seed14 step 1000/3000 loss=4.1128 elapsed=77.5m
[train] reverse_full seed14 step 1100/3000 loss=4.0324 elapsed=85.2m
[train] reverse_full seed14 step 1200/3000 loss=4.0174 elapsed=92.9m
[train] reverse_full seed14 step 1300/3000 loss=3.9740 elapsed=100.5m
[train] reverse_full seed14 step 1400/3000 loss=3.9456 elapsed=108.2m
[train] reverse_full seed14 step 1500/3000 loss=3.9113 elapsed=115.9m
[train] reverse_full seed14 step 1600/3000 loss=3.8974 elapsed=123.5m
[train] reverse_full seed14 step 1700/3000 loss=3.8740 elapsed=131.2m
[train] reverse_full seed14 step 1800/3000 loss=3.8347 elapsed=138.8m
[train] reverse_full seed14 step 1900/3000 loss=3.8153 elapsed=146.5m
[eval] reverse_full seed14 step 2000: gmean_ppl=75.0724 content=6.0313 (n=10000)
[train] reverse_full seed14 step 2000/3000 loss=3.7953 elapsed=154.5m
[train] reverse_full seed14 step 2100/3000 loss=3.7983 elapsed=162.1m
[train] reverse_full seed14 step 2200/3000 loss=3.7558 elapsed=169.8m
[train] reverse_full seed14 step 2300/3000 loss=3.7280 elapsed=177.5m
[train] reverse_full seed14 step 2400/3000 loss=3.7246 elapsed=185.1m
[train] reverse_full seed14 step 2500/3000 loss=3.7298 elapsed=192.8m
[train] reverse_full seed14 step 2600/3000 loss=3.6945 elapsed=200.5m
[train] reverse_full seed14 step 2700/3000 loss=3.6814 elapsed=208.1m
[train] reverse_full seed14 step 2800/3000 loss=3.6816 elapsed=215.8m
[train] reverse_full seed14 step 2900/3000 loss=3.6743 elapsed=223.5m
[eval] reverse_full seed14 step 3000: gmean_ppl=68.4308 content=5.7529 (n=10000)
[train] reverse_full seed14 step 3000/3000 loss=3.6844 elapsed=231.5m
{
  "100": 448.2718,
  "300": 220.0673,
  "500": 198.1985,
  "1000": 98.3144,
  "2000": 75.0724,
  "3000": 68.4308
}
SKIP experiments_v2/kallini_repro/results/babylm_shuffle_control_100M/seed41/exp1_result.json (already complete)
SKIP experiments_v2/kallini_repro/results/babylm_shuffle_nondeterministic_100M/seed41/exp1_result.json (already complete)
SKIP experiments_v2/kallini_repro/results/babylm_shuffle_deterministic21_100M/seed41/exp1_result.json (already complete)
SKIP experiments_v2/kallini_repro/results/babylm_shuffle_local3_100M/seed41/exp1_result.json (already complete)
SKIP experiments_v2/kallini_repro/results/babylm_shuffle_local10_100M/seed41/exp1_result.json (already complete)
SKIP experiments_v2/kallini_repro/results/babylm_shuffle_even_odd_100M/seed41/exp1_result.json (already complete)
SKIP experiments_v2/kallini_repro/results/babylm_reverse_control_100M/seed41/exp1_result.json (already complete)
SKIP experiments_v2/kallini_repro/results/babylm_reverse_partial_100M/seed41/exp1_result.json (already complete)
[data] blocks=143347 eval_sents=10000 (68s)
[stack] numerics pinned: {'tf32_matmul': False, 'tf32_cudnn': True, 'cudnn_benchmark': False, 'cudnn_deterministic': False}
`loss_type=None` was set in the config but it is unrecognized. Using the default loss: `ForCausalLMLoss`.
[eval] reverse_full seed41 step 100: gmean_ppl=421.0635 content=13.6134 (n=10000)
[train] reverse_full seed41 step 100/3000 loss=5.5655 elapsed=8.0m
[train] reverse_full seed41 step 200/3000 loss=5.2313 elapsed=15.7m
[eval] reverse_full seed41 step 300: gmean_ppl=219.1315 content=10.1811 (n=10000)
[train] reverse_full seed41 step 300/3000 loss=5.0187 elapsed=23.7m
[train] reverse_full seed41 step 400/3000 loss=5.0058 elapsed=31.4m
[eval] reverse_full seed41 step 500: gmean_ppl=214.7056 content=9.4581 (n=10000)
[train] reverse_full seed41 step 500/3000 loss=4.8157 elapsed=39.4m
[train] reverse_full seed41 step 600/3000 loss=4.4615 elapsed=47.1m
[train] reverse_full seed41 step 700/3000 loss=4.3066 elapsed=54.7m
[train] reverse_full seed41 step 800/3000 loss=4.1897 elapsed=62.4m
[train] reverse_full seed41 step 900/3000 loss=4.1393 elapsed=70.1m
[eval] reverse_full seed41 step 1000: gmean_ppl=93.3113 content=6.8502 (n=10000)
[train] reverse_full seed41 step 1000/3000 loss=4.0722 elapsed=78.1m
[train] reverse_full seed41 step 1100/3000 loss=4.0344 elapsed=85.8m
[train] reverse_full seed41 step 1200/3000 loss=3.9680 elapsed=93.5m
[train] reverse_full seed41 step 1300/3000 loss=3.9419 elapsed=101.1m
[train] reverse_full seed41 step 1400/3000 loss=3.8844 elapsed=108.8m
[train] reverse_full seed41 step 1500/3000 loss=3.8591 elapsed=116.5m
[train] reverse_full seed41 step 1600/3000 loss=3.8574 elapsed=124.1m
[train] reverse_full seed41 step 1700/3000 loss=3.8301 elapsed=131.8m
[train] reverse_full seed41 step 1800/3000 loss=3.8304 elapsed=139.5m
[train] reverse_full seed41 step 1900/3000 loss=3.7884 elapsed=147.1m
[eval] reverse_full seed41 step 2000: gmean_ppl=72.3477 content=6.0559 (n=10000)
[train] reverse_full seed41 step 2000/3000 loss=3.7877 elapsed=155.1m
[train] reverse_full seed41 step 2100/3000 loss=3.7594 elapsed=162.8m
[train] reverse_full seed41 step 2200/3000 loss=3.7502 elapsed=170.4m
[train] reverse_full seed41 step 2300/3000 loss=3.7195 elapsed=178.1m
[train] reverse_full seed41 step 2400/3000 loss=3.7147 elapsed=185.7m
[train] reverse_full seed41 step 2500/3000 loss=3.6675 elapsed=193.3m
[train] reverse_full seed41 step 2600/3000 loss=3.6721 elapsed=201.0m
[train] reverse_full seed41 step 2700/3000 loss=3.6850 elapsed=208.6m
[train] reverse_full seed41 step 2800/3000 loss=3.6729 elapsed=216.2m
[train] reverse_full seed41 step 2900/3000 loss=3.6691 elapsed=223.8m
[eval] reverse_full seed41 step 3000: gmean_ppl=67.7855 content=5.806 (n=10000)
[train] reverse_full seed41 step 3000/3000 loss=3.6739 elapsed=231.8m
{
  "100": 421.0635,
  "300": 219.1315,
  "500": 214.7056,
  "1000": 93.3113,
  "2000": 72.3477,
  "3000": 67.7855
}
SKIP experiments_v2/kallini_repro/results/babylm_shuffle_control_100M/seed53/exp1_result.json (already complete)
[data] blocks=143347 eval_sents=10000 (60s)
[stack] numerics pinned: {'tf32_matmul': False, 'tf32_cudnn': True, 'cudnn_benchmark': False, 'cudnn_deterministic': False}
`loss_type=None` was set in the config but it is unrecognized. Using the default loss: `ForCausalLMLoss`.
[eval] reverse_full seed53 step 100: gmean_ppl=449.7592 content=13.4855 (n=10000)
[train] reverse_full seed53 step 100/3000 loss=5.5760 elapsed=7.9m
[train] reverse_full seed53 step 200/3000 loss=5.1624 elapsed=15.5m
[eval] reverse_full seed53 step 300: gmean_ppl=377.8166 content=12.6519 (n=10000)
[train] reverse_full seed53 step 300/3000 loss=5.7198 elapsed=23.4m
[train] reverse_full seed53 step 400/3000 loss=5.0562 elapsed=31.1m
[eval] reverse_full seed53 step 500: gmean_ppl=224.9692 content=9.7929 (n=10000)
[train] reverse_full seed53 step 500/3000 loss=4.9708 elapsed=39.0m
[train] reverse_full seed53 step 600/3000 loss=4.6235 elapsed=46.6m
[train] reverse_full seed53 step 700/3000 loss=4.3649 elapsed=54.2m
[train] reverse_full seed53 step 800/3000 loss=4.3378 elapsed=61.8m
[train] reverse_full seed53 step 900/3000 loss=4.1801 elapsed=69.5m
[eval] reverse_full seed53 step 1000: gmean_ppl=115.8823 content=7.2188 (n=10000)
[train] reverse_full seed53 step 1000/3000 loss=4.1653 elapsed=77.4m
[train] reverse_full seed53 step 1100/3000 loss=4.0624 elapsed=85.0m
[train] reverse_full seed53 step 1200/3000 loss=4.0061 elapsed=92.6m
[train] reverse_full seed53 step 1300/3000 loss=3.9803 elapsed=100.2m
[train] reverse_full seed53 step 1400/3000 loss=3.9514 elapsed=107.9m
[train] reverse_full seed53 step 1500/3000 loss=3.8945 elapsed=115.5m
[train] reverse_full seed53 step 1600/3000 loss=3.8810 elapsed=123.1m
[train] reverse_full seed53 step 1700/3000 loss=3.8678 elapsed=130.7m
[train] reverse_full seed53 step 1800/3000 loss=3.8504 elapsed=138.3m
[train] reverse_full seed53 step 1900/3000 loss=3.8208 elapsed=145.9m
[eval] reverse_full seed53 step 2000: gmean_ppl=74.8328 content=6.0874 (n=10000)
[train] reverse_full seed53 step 2000/3000 loss=3.8242 elapsed=153.9m
[train] reverse_full seed53 step 2100/3000 loss=3.7834 elapsed=161.5m
[train] reverse_full seed53 step 2200/3000 loss=3.7834 elapsed=169.1m
[train] reverse_full seed53 step 2300/3000 loss=3.7158 elapsed=176.7m
[train] reverse_full seed53 step 2400/3000 loss=3.7349 elapsed=184.3m
[train] reverse_full seed53 step 2500/3000 loss=3.7263 elapsed=191.9m
[train] reverse_full seed53 step 2600/3000 loss=3.7235 elapsed=199.6m
[train] reverse_full seed53 step 2700/3000 loss=3.6855 elapsed=207.2m
[train] reverse_full seed53 step 2800/3000 loss=3.7205 elapsed=214.9m
[train] reverse_full seed53 step 2900/3000 loss=3.6979 elapsed=222.5m
[eval] reverse_full seed53 step 3000: gmean_ppl=68.1588 content=5.8055 (n=10000)
[train] reverse_full seed53 step 3000/3000 loss=3.6959 elapsed=230.5m
{
  "100": 449.7592,
  "300": 377.8166,
  "500": 224.9692,
  "1000": 115.8823,
  "2000": 74.8328,
  "3000": 68.1588
}
SKIP experiments_v2/kallini_repro/results/babylm_parity_word_100M/seed53/exp1_result.json (already complete)
SKIP experiments_v2/kallini_repro/results/babylm_fixed_start_100M/seed53/exp1_result.json (already complete)
SKIP experiments_v2/kallini_repro/results/babylm_parity_tok_100M/seed53/exp1_result.json (already complete)
SKIP experiments_v2/kallini_repro/results/babylm_negtok_100M/seed53/exp1_result.json (already complete)
SKIP experiments_v2/kallini_repro/results/babylm_shuffle_control_100M/seed96/exp1_result.json (already complete)
[data] blocks=143347 eval_sents=10000 (68s)
[stack] numerics pinned: {'tf32_matmul': False, 'tf32_cudnn': True, 'cudnn_benchmark': False, 'cudnn_deterministic': False}
`loss_type=None` was set in the config but it is unrecognized. Using the default loss: `ForCausalLMLoss`.
[eval] reverse_full seed96 step 100: gmean_ppl=449.885 content=13.4566 (n=10000)
[train] reverse_full seed96 step 100/3000 loss=5.6256 elapsed=7.9m
[train] reverse_full seed96 step 200/3000 loss=5.1690 elapsed=15.6m
[eval] reverse_full seed96 step 300: gmean_ppl=231.9034 content=9.9874 (n=10000)
[train] reverse_full seed96 step 300/3000 loss=5.0444 elapsed=23.5m
[train] reverse_full seed96 step 400/3000 loss=4.9966 elapsed=31.1m
[eval] reverse_full seed96 step 500: gmean_ppl=235.3001 content=9.6751 (n=10000)
[train] reverse_full seed96 step 500/3000 loss=4.9286 elapsed=39.0m
[train] reverse_full seed96 step 600/3000 loss=4.4968 elapsed=46.6m
[train] reverse_full seed96 step 700/3000 loss=4.4548 elapsed=54.3m
[train] reverse_full seed96 step 800/3000 loss=4.2204 elapsed=61.9m
[train] reverse_full seed96 step 900/3000 loss=4.1419 elapsed=69.5m
[eval] reverse_full seed96 step 1000: gmean_ppl=95.5222 content=6.6811 (n=10000)
[train] reverse_full seed96 step 1000/3000 loss=4.0919 elapsed=77.5m
[train] reverse_full seed96 step 1100/3000 loss=4.0119 elapsed=85.1m
[train] reverse_full seed96 step 1200/3000 loss=3.9772 elapsed=92.8m
[train] reverse_full seed96 step 1300/3000 loss=3.9540 elapsed=100.4m
[train] reverse_full seed96 step 1400/3000 loss=3.8840 elapsed=108.0m
[train] reverse_full seed96 step 1500/3000 loss=3.8606 elapsed=115.7m
[train] reverse_full seed96 step 1600/3000 loss=3.8448 elapsed=123.3m
[train] reverse_full seed96 step 1700/3000 loss=3.8200 elapsed=130.9m
[train] reverse_full seed96 step 1800/3000 loss=3.8315 elapsed=138.5m
[train] reverse_full seed96 step 1900/3000 loss=3.8076 elapsed=146.2m
[eval] reverse_full seed96 step 2000: gmean_ppl=71.6728 content=5.8474 (n=10000)
[train] reverse_full seed96 step 2000/3000 loss=3.7823 elapsed=154.1m
[train] reverse_full seed96 step 2100/3000 loss=3.7486 elapsed=161.7m
[train] reverse_full seed96 step 2200/3000 loss=3.7464 elapsed=169.4m
[train] reverse_full seed96 step 2300/3000 loss=3.6960 elapsed=177.0m
[train] reverse_full seed96 step 2400/3000 loss=3.6963 elapsed=184.7m
[train] reverse_full seed96 step 2500/3000 loss=3.6927 elapsed=192.3m
[train] reverse_full seed96 step 2600/3000 loss=3.7110 elapsed=199.9m
[train] reverse_full seed96 step 2700/3000 loss=3.6901 elapsed=207.6m
[train] reverse_full seed96 step 2800/3000 loss=3.6479 elapsed=215.2m
[train] reverse_full seed96 step 2900/3000 loss=3.6896 elapsed=222.8m
[eval] reverse_full seed96 step 3000: gmean_ppl=65.8915 content=5.5891 (n=10000)
[train] reverse_full seed96 step 3000/3000 loss=3.6860 elapsed=230.7m
{
  "100": 449.885,
  "300": 231.9034,
  "500": 235.3001,
  "1000": 95.5222,
  "2000": 71.6728,
  "3000": 65.8915
}
SKIP experiments_v2/kallini_repro/results/babylm_parity_word_100M/seed96/exp1_result.json (already complete)
SKIP experiments_v2/kallini_repro/results/babylm_fixed_start_100M/seed96/exp1_result.json (already complete)
SKIP experiments_v2/kallini_repro/results/babylm_parity_tok_100M/seed96/exp1_result.json (already complete)
SKIP experiments_v2/kallini_repro/results/babylm_negtok_100M/seed96/exp1_result.json (already complete)
SKIP experiments_v2/kallini_repro/results/babylm_fixed_end_100M/seed0/exp1_result.json (already complete)
SKIP experiments_v2/kallini_repro/results/babylm_fixed_end_100M/seed14/exp1_result.json (already complete)
SKIP experiments_v2/kallini_repro/results/babylm_fixed_end_100M/seed41/exp1_result.json (already complete)
SKIP experiments_v2/kallini_repro/results/babylm_shuffle_control_100M/steps6000_seed14/exp1_result.json (already complete)
SKIP experiments_v2/kallini_repro/results/babylm_parity_word_100M/steps6000_seed14/exp1_result.json (already complete)
SKIP experiments_v2/kallini_repro/results/babylm_shuffle_control_100M/steps6000_seed41/exp1_result.json (already complete)
SKIP experiments_v2/kallini_repro/results/babylm_parity_word_100M/steps6000_seed41/exp1_result.json (already complete)
SKIP experiments_v2/kallini_repro/results/babylm_shuffle_control_100M/steps9000_seed0/exp1_result.json (already complete)
SKIP experiments_v2/kallini_repro/results/babylm_parity_word_100M/steps9000_seed0/exp1_result.json (already complete)
wrote /root/llm-impossible/experiments_v2/kallini_repro/results/exp1_summary.csv and /root/llm-impossible/experiments_v2/kallini_repro/results/exp1_summary.md
# Experiment 1 reproduction — geometric-mean test PPL

language | step 100 | step 300 | step 500 | step 1000 | step 2000 | step 3000
--- | --- | --- | --- | --- | --- | ---
shuffle_control | 298.3 (n=5) | 143.9 (n=5) | 199.1 (n=5) | 82.9 (n=5) | 52.6 (n=5) | 47.2 (n=5)
reverse_control | 280.5 (n=3) | 204.4 (n=3) | 116.2 (n=3) | 61.7 (n=3) | 47.4 (n=3) | 43.4 (n=3)
cald_shuf | 1130.8 (n=1) | 2052.0 (n=1) | 1554.5 (n=1) | 1523.3 (n=1) | 1810.6 (n=1) | 1952.4 (n=1)
fixed_end | 142.3 (n=3) | 138.1 (n=3) | 85.7 (n=3) | 43.9 (n=3) | 31.1 (n=3) | 28.4 (n=3)
fixed_start | 304.3 (n=5) | 478.4 (n=5) | 238.8 (n=5) | 101.6 (n=5) | 67.4 (n=5) | 61.2 (n=5)
negtok | 218.3 (n=5) | 248.0 (n=5) | 117.6 (n=5) | 59.9 (n=5) | 44.7 (n=5) | 39.8 (n=5)
not_random | 220.7 (n=3) | 231.8 (n=3) | 108.3 (n=3) | 57.3 (n=3) | 44.7 (n=3) | 41.2 (n=3)
parity_tok | 235.5 (n=5) | 188.0 (n=5) | 114.1 (n=5) | 61.9 (n=5) | 47.1 (n=5) | 42.7 (n=5)
parity_word | 208.9 (n=5) | 146.1 (n=5) | 100.4 (n=5) | 53.4 (n=5) | 40.6 (n=5) | 37.3 (n=5)
reverse_full | 443.5 (n=5) | 262.3 (n=5) | 215.8 (n=5) | 98.4 (n=5) | 73.2 (n=5) | 67.2 (n=5)
reverse_partial | 319.2 (n=3) | 189.3 (n=3) | 120.0 (n=3) | 67.2 (n=3) | 51.2 (n=3) | 46.6 (n=3)
shuffle_deterministic21 | 943.7 (n=3) | 788.9 (n=3) | 479.5 (n=3) | 297.5 (n=3) | 239.3 (n=3) | 205.6 (n=3)
shuffle_even_odd | 645.9 (n=3) | 544.1 (n=3) | 300.7 (n=3) | 113.0 (n=3) | 72.6 (n=3) | 63.5 (n=3)
shuffle_local10 | 848.8 (n=3) | 607.9 (n=3) | 385.9 (n=3) | 153.2 (n=3) | 105.8 (n=3) | 95.0 (n=3)
shuffle_local3 | 751.8 (n=3) | 540.9 (n=3) | 175.5 (n=3) | 103.1 (n=3) | 77.6 (n=3) | 69.9 (n=3)
shuffle_nondeterministic | 963.3 (n=3) | 877.5 (n=3) | 618.5 (n=3) | 455.8 (n=3) | 375.6 (n=3) | 337.5 (n=3)
SKIP experiments_v2/kallini_repro/results/babylm_parity_word_100M/seed0/exp1_result.json (already complete)
SKIP experiments_v2/kallini_repro/results/babylm_fixed_start_100M/seed0/exp1_result.json (already complete)
SKIP experiments_v2/kallini_repro/results/babylm_parity_tok_100M/seed0/exp1_result.json (already complete)
SKIP experiments_v2/kallini_repro/results/babylm_negtok_100M/seed0/exp1_result.json (already complete)
SKIP experiments_v2/kallini_repro/results/babylm_not_random_100M/seed0/exp1_result.json (already complete)
SKIP experiments_v2/kallini_repro/results/babylm_parity_word_100M/seed14/exp1_result.json (already complete)
SKIP experiments_v2/kallini_repro/results/babylm_fixed_start_100M/seed14/exp1_result.json (already complete)
SKIP experiments_v2/kallini_repro/results/babylm_parity_tok_100M/seed14/exp1_result.json (already complete)
SKIP experiments_v2/kallini_repro/results/babylm_negtok_100M/seed14/exp1_result.json (already complete)
SKIP experiments_v2/kallini_repro/results/babylm_not_random_100M/seed14/exp1_result.json (already complete)
SKIP experiments_v2/kallini_repro/results/babylm_parity_word_100M/seed41/exp1_result.json (already complete)
SKIP experiments_v2/kallini_repro/results/babylm_fixed_start_100M/seed41/exp1_result.json (already complete)
SKIP experiments_v2/kallini_repro/results/babylm_parity_tok_100M/seed41/exp1_result.json (already complete)
SKIP experiments_v2/kallini_repro/results/babylm_negtok_100M/seed41/exp1_result.json (already complete)
SKIP experiments_v2/kallini_repro/results/babylm_not_random_100M/seed41/exp1_result.json (already complete)
SKIP experiments_v2/kallini_repro/results/babylm_parity_word_100M/steps6000_seed0/exp1_result.json (already complete)
SKIP experiments_v2/kallini_repro/results/babylm_fixed_start_100M/steps6000_seed0/exp1_result.json (already complete)
SKIP experiments_v2/kallini_repro/results/babylm_shuffle_control_100M/steps6000_seed0/exp1_result.json (already complete)
SKIP experiments_v2/kallini_repro/results/babylm_shuffle_control_100M/seed0/exp1_result.json (already complete)
SKIP experiments_v2/kallini_repro/results/babylm_shuffle_nondeterministic_100M/seed0/exp1_result.json (already complete)
SKIP experiments_v2/kallini_repro/results/babylm_shuffle_deterministic21_100M/seed0/exp1_result.json (already complete)
SKIP experiments_v2/kallini_repro/results/babylm_shuffle_local3_100M/seed0/exp1_result.json (already complete)
SKIP experiments_v2/kallini_repro/results/babylm_shuffle_local10_100M/seed0/exp1_result.json (already complete)
SKIP experiments_v2/kallini_repro/results/babylm_shuffle_even_odd_100M/seed0/exp1_result.json (already complete)
SKIP experiments_v2/kallini_repro/results/babylm_reverse_control_100M/seed0/exp1_result.json (already complete)
SKIP experiments_v2/kallini_repro/results/babylm_reverse_partial_100M/seed0/exp1_result.json (already complete)
SKIP experiments_v2/kallini_repro/results/babylm_reverse_full_100M/seed0/exp1_result.json (already complete)
SKIP experiments_v2/kallini_repro/results/babylm_shuffle_control_100M/seed14/exp1_result.json (already complete)
SKIP experiments_v2/kallini_repro/results/babylm_shuffle_nondeterministic_100M/seed14/exp1_result.json (already complete)
SKIP experiments_v2/kallini_repro/results/babylm_shuffle_deterministic21_100M/seed14/exp1_result.json (already complete)
SKIP experiments_v2/kallini_repro/results/babylm_shuffle_local3_100M/seed14/exp1_result.json (already complete)
SKIP experiments_v2/kallini_repro/results/babylm_shuffle_local10_100M/seed14/exp1_result.json (already complete)
SKIP experiments_v2/kallini_repro/results/babylm_shuffle_even_odd_100M/seed14/exp1_result.json (already complete)
SKIP experiments_v2/kallini_repro/results/babylm_reverse_control_100M/seed14/exp1_result.json (already complete)
SKIP experiments_v2/kallini_repro/results/babylm_reverse_partial_100M/seed14/exp1_result.json (already complete)
SKIP experiments_v2/kallini_repro/results/babylm_reverse_full_100M/seed14/exp1_result.json (already complete)
SKIP experiments_v2/kallini_repro/results/babylm_shuffle_control_100M/seed41/exp1_result.json (already complete)
SKIP experiments_v2/kallini_repro/results/babylm_shuffle_nondeterministic_100M/seed41/exp1_result.json (already complete)
SKIP experiments_v2/kallini_repro/results/babylm_shuffle_deterministic21_100M/seed41/exp1_result.json (already complete)
SKIP experiments_v2/kallini_repro/results/babylm_shuffle_local3_100M/seed41/exp1_result.json (already complete)
SKIP experiments_v2/kallini_repro/results/babylm_shuffle_local10_100M/seed41/exp1_result.json (already complete)
SKIP experiments_v2/kallini_repro/results/babylm_shuffle_even_odd_100M/seed41/exp1_result.json (already complete)
SKIP experiments_v2/kallini_repro/results/babylm_reverse_control_100M/seed41/exp1_result.json (already complete)
SKIP experiments_v2/kallini_repro/results/babylm_reverse_partial_100M/seed41/exp1_result.json (already complete)
SKIP experiments_v2/kallini_repro/results/babylm_reverse_full_100M/seed41/exp1_result.json (already complete)
SKIP experiments_v2/kallini_repro/results/babylm_shuffle_control_100M/seed53/exp1_result.json (already complete)
SKIP experiments_v2/kallini_repro/results/babylm_reverse_full_100M/seed53/exp1_result.json (already complete)
SKIP experiments_v2/kallini_repro/results/babylm_parity_word_100M/seed53/exp1_result.json (already complete)
SKIP experiments_v2/kallini_repro/results/babylm_fixed_start_100M/seed53/exp1_result.json (already complete)
SKIP experiments_v2/kallini_repro/results/babylm_parity_tok_100M/seed53/exp1_result.json (already complete)
SKIP experiments_v2/kallini_repro/results/babylm_negtok_100M/seed53/exp1_result.json (already complete)
SKIP experiments_v2/kallini_repro/results/babylm_shuffle_control_100M/seed96/exp1_result.json (already complete)
SKIP experiments_v2/kallini_repro/results/babylm_reverse_full_100M/seed96/exp1_result.json (already complete)
SKIP experiments_v2/kallini_repro/results/babylm_parity_word_100M/seed96/exp1_result.json (already complete)
SKIP experiments_v2/kallini_repro/results/babylm_fixed_start_100M/seed96/exp1_result.json (already complete)
SKIP experiments_v2/kallini_repro/results/babylm_parity_tok_100M/seed96/exp1_result.json (already complete)
SKIP experiments_v2/kallini_repro/results/babylm_negtok_100M/seed96/exp1_result.json (already complete)
SKIP experiments_v2/kallini_repro/results/babylm_fixed_end_100M/seed0/exp1_result.json (already complete)
SKIP experiments_v2/kallini_repro/results/babylm_fixed_end_100M/seed14/exp1_result.json (already complete)
SKIP experiments_v2/kallini_repro/results/babylm_fixed_end_100M/seed41/exp1_result.json (already complete)
SKIP experiments_v2/kallini_repro/results/babylm_shuffle_control_100M/steps6000_seed14/exp1_result.json (already complete)
SKIP experiments_v2/kallini_repro/results/babylm_parity_word_100M/steps6000_seed14/exp1_result.json (already complete)
SKIP experiments_v2/kallini_repro/results/babylm_shuffle_control_100M/steps6000_seed41/exp1_result.json (already complete)
SKIP experiments_v2/kallini_repro/results/babylm_parity_word_100M/steps6000_seed41/exp1_result.json (already complete)
SKIP experiments_v2/kallini_repro/results/babylm_shuffle_control_100M/steps9000_seed0/exp1_result.json (already complete)
SKIP experiments_v2/kallini_repro/results/babylm_parity_word_100M/steps9000_seed0/exp1_result.json (already complete)
wrote /root/llm-impossible/experiments_v2/kallini_repro/results/exp1_summary.csv and /root/llm-impossible/experiments_v2/kallini_repro/results/exp1_summary.md
# Experiment 1 reproduction — geometric-mean test PPL

language | step 100 | step 300 | step 500 | step 1000 | step 2000 | step 3000
--- | --- | --- | --- | --- | --- | ---
shuffle_control | 298.3 (n=5) | 143.9 (n=5) | 199.1 (n=5) | 82.9 (n=5) | 52.6 (n=5) | 47.2 (n=5)
reverse_control | 280.5 (n=3) | 204.4 (n=3) | 116.2 (n=3) | 61.7 (n=3) | 47.4 (n=3) | 43.4 (n=3)
cald_shuf | 1130.8 (n=1) | 2052.0 (n=1) | 1554.5 (n=1) | 1523.3 (n=1) | 1810.6 (n=1) | 1952.4 (n=1)
fixed_end | 142.3 (n=3) | 138.1 (n=3) | 85.7 (n=3) | 43.9 (n=3) | 31.1 (n=3) | 28.4 (n=3)
fixed_start | 304.3 (n=5) | 478.4 (n=5) | 238.8 (n=5) | 101.6 (n=5) | 67.4 (n=5) | 61.2 (n=5)
negtok | 218.3 (n=5) | 248.0 (n=5) | 117.6 (n=5) | 59.9 (n=5) | 44.7 (n=5) | 39.8 (n=5)
not_random | 220.7 (n=3) | 231.8 (n=3) | 108.3 (n=3) | 57.3 (n=3) | 44.7 (n=3) | 41.2 (n=3)
parity_tok | 235.5 (n=5) | 188.0 (n=5) | 114.1 (n=5) | 61.9 (n=5) | 47.1 (n=5) | 42.7 (n=5)
parity_word | 208.9 (n=5) | 146.1 (n=5) | 100.4 (n=5) | 53.4 (n=5) | 40.6 (n=5) | 37.3 (n=5)
reverse_full | 443.5 (n=5) | 262.3 (n=5) | 215.8 (n=5) | 98.4 (n=5) | 73.2 (n=5) | 67.2 (n=5)
reverse_partial | 319.2 (n=3) | 189.3 (n=3) | 120.0 (n=3) | 67.2 (n=3) | 51.2 (n=3) | 46.6 (n=3)
shuffle_deterministic21 | 943.7 (n=3) | 788.9 (n=3) | 479.5 (n=3) | 297.5 (n=3) | 239.3 (n=3) | 205.6 (n=3)
shuffle_even_odd | 645.9 (n=3) | 544.1 (n=3) | 300.7 (n=3) | 113.0 (n=3) | 72.6 (n=3) | 63.5 (n=3)
shuffle_local10 | 848.8 (n=3) | 607.9 (n=3) | 385.9 (n=3) | 153.2 (n=3) | 105.8 (n=3) | 95.0 (n=3)
shuffle_local3 | 751.8 (n=3) | 540.9 (n=3) | 175.5 (n=3) | 103.1 (n=3) | 77.6 (n=3) | 69.9 (n=3)
shuffle_nondeterministic | 963.3 (n=3) | 877.5 (n=3) | 618.5 (n=3) | 455.8 (n=3) | 375.6 (n=3) | 337.5 (n=3)
SKIP experiments_v2/kallini_repro/results/babylm_parity_word_100M/seed0/exp1_result.json (already complete)
SKIP experiments_v2/kallini_repro/results/babylm_fixed_start_100M/seed0/exp1_result.json (already complete)
SKIP experiments_v2/kallini_repro/results/babylm_parity_tok_100M/seed0/exp1_result.json (already complete)
SKIP experiments_v2/kallini_repro/results/babylm_negtok_100M/seed0/exp1_result.json (already complete)
SKIP experiments_v2/kallini_repro/results/babylm_not_random_100M/seed0/exp1_result.json (already complete)
SKIP experiments_v2/kallini_repro/results/babylm_parity_word_100M/seed14/exp1_result.json (already complete)
SKIP experiments_v2/kallini_repro/results/babylm_fixed_start_100M/seed14/exp1_result.json (already complete)
SKIP experiments_v2/kallini_repro/results/babylm_parity_tok_100M/seed14/exp1_result.json (already complete)
SKIP experiments_v2/kallini_repro/results/babylm_negtok_100M/seed14/exp1_result.json (already complete)
SKIP experiments_v2/kallini_repro/results/babylm_not_random_100M/seed14/exp1_result.json (already complete)
SKIP experiments_v2/kallini_repro/results/babylm_parity_word_100M/seed41/exp1_result.json (already complete)
SKIP experiments_v2/kallini_repro/results/babylm_fixed_start_100M/seed41/exp1_result.json (already complete)
SKIP experiments_v2/kallini_repro/results/babylm_parity_tok_100M/seed41/exp1_result.json (already complete)
SKIP experiments_v2/kallini_repro/results/babylm_negtok_100M/seed41/exp1_result.json (already complete)
SKIP experiments_v2/kallini_repro/results/babylm_not_random_100M/seed41/exp1_result.json (already complete)
SKIP experiments_v2/kallini_repro/results/babylm_parity_word_100M/steps6000_seed0/exp1_result.json (already complete)
SKIP experiments_v2/kallini_repro/results/babylm_fixed_start_100M/steps6000_seed0/exp1_result.json (already complete)
SKIP experiments_v2/kallini_repro/results/babylm_shuffle_control_100M/steps6000_seed0/exp1_result.json (already complete)
SKIP experiments_v2/kallini_repro/results/babylm_shuffle_control_100M/seed0/exp1_result.json (already complete)
SKIP experiments_v2/kallini_repro/results/babylm_shuffle_nondeterministic_100M/seed0/exp1_result.json (already complete)
SKIP experiments_v2/kallini_repro/results/babylm_shuffle_deterministic21_100M/seed0/exp1_result.json (already complete)
SKIP experiments_v2/kallini_repro/results/babylm_shuffle_local3_100M/seed0/exp1_result.json (already complete)
SKIP experiments_v2/kallini_repro/results/babylm_shuffle_local10_100M/seed0/exp1_result.json (already complete)
SKIP experiments_v2/kallini_repro/results/babylm_shuffle_even_odd_100M/seed0/exp1_result.json (already complete)
SKIP experiments_v2/kallini_repro/results/babylm_reverse_control_100M/seed0/exp1_result.json (already complete)
SKIP experiments_v2/kallini_repro/results/babylm_reverse_partial_100M/seed0/exp1_result.json (already complete)
SKIP experiments_v2/kallini_repro/results/babylm_reverse_full_100M/seed0/exp1_result.json (already complete)
SKIP experiments_v2/kallini_repro/results/babylm_shuffle_control_100M/seed14/exp1_result.json (already complete)
SKIP experiments_v2/kallini_repro/results/babylm_shuffle_nondeterministic_100M/seed14/exp1_result.json (already complete)
SKIP experiments_v2/kallini_repro/results/babylm_shuffle_deterministic21_100M/seed14/exp1_result.json (already complete)
SKIP experiments_v2/kallini_repro/results/babylm_shuffle_local3_100M/seed14/exp1_result.json (already complete)
SKIP experiments_v2/kallini_repro/results/babylm_shuffle_local10_100M/seed14/exp1_result.json (already complete)
SKIP experiments_v2/kallini_repro/results/babylm_shuffle_even_odd_100M/seed14/exp1_result.json (already complete)
SKIP experiments_v2/kallini_repro/results/babylm_reverse_control_100M/seed14/exp1_result.json (already complete)
SKIP experiments_v2/kallini_repro/results/babylm_reverse_partial_100M/seed14/exp1_result.json (already complete)
SKIP experiments_v2/kallini_repro/results/babylm_reverse_full_100M/seed14/exp1_result.json (already complete)
SKIP experiments_v2/kallini_repro/results/babylm_shuffle_control_100M/seed41/exp1_result.json (already complete)
SKIP experiments_v2/kallini_repro/results/babylm_shuffle_nondeterministic_100M/seed41/exp1_result.json (already complete)
SKIP experiments_v2/kallini_repro/results/babylm_shuffle_deterministic21_100M/seed41/exp1_result.json (already complete)
SKIP experiments_v2/kallini_repro/results/babylm_shuffle_local3_100M/seed41/exp1_result.json (already complete)
SKIP experiments_v2/kallini_repro/results/babylm_shuffle_local10_100M/seed41/exp1_result.json (already complete)
SKIP experiments_v2/kallini_repro/results/babylm_shuffle_even_odd_100M/seed41/exp1_result.json (already complete)
SKIP experiments_v2/kallini_repro/results/babylm_reverse_control_100M/seed41/exp1_result.json (already complete)
SKIP experiments_v2/kallini_repro/results/babylm_reverse_partial_100M/seed41/exp1_result.json (already complete)
SKIP experiments_v2/kallini_repro/results/babylm_reverse_full_100M/seed41/exp1_result.json (already complete)
SKIP experiments_v2/kallini_repro/results/babylm_shuffle_control_100M/seed53/exp1_result.json (already complete)
SKIP experiments_v2/kallini_repro/results/babylm_reverse_full_100M/seed53/exp1_result.json (already complete)
SKIP experiments_v2/kallini_repro/results/babylm_parity_word_100M/seed53/exp1_result.json (already complete)
SKIP experiments_v2/kallini_repro/results/babylm_fixed_start_100M/seed53/exp1_result.json (already complete)
SKIP experiments_v2/kallini_repro/results/babylm_parity_tok_100M/seed53/exp1_result.json (already complete)
SKIP experiments_v2/kallini_repro/results/babylm_negtok_100M/seed53/exp1_result.json (already complete)
SKIP experiments_v2/kallini_repro/results/babylm_shuffle_control_100M/seed96/exp1_result.json (already complete)
SKIP experiments_v2/kallini_repro/results/babylm_reverse_full_100M/seed96/exp1_result.json (already complete)
SKIP experiments_v2/kallini_repro/results/babylm_parity_word_100M/seed96/exp1_result.json (already complete)
SKIP experiments_v2/kallini_repro/results/babylm_fixed_start_100M/seed96/exp1_result.json (already complete)
SKIP experiments_v2/kallini_repro/results/babylm_parity_tok_100M/seed96/exp1_result.json (already complete)
SKIP experiments_v2/kallini_repro/results/babylm_negtok_100M/seed96/exp1_result.json (already complete)
SKIP experiments_v2/kallini_repro/results/babylm_fixed_end_100M/seed0/exp1_result.json (already complete)
SKIP experiments_v2/kallini_repro/results/babylm_fixed_end_100M/seed14/exp1_result.json (already complete)
SKIP experiments_v2/kallini_repro/results/babylm_fixed_end_100M/seed41/exp1_result.json (already complete)
SKIP experiments_v2/kallini_repro/results/babylm_shuffle_control_100M/steps6000_seed14/exp1_result.json (already complete)
SKIP experiments_v2/kallini_repro/results/babylm_parity_word_100M/steps6000_seed14/exp1_result.json (already complete)
SKIP experiments_v2/kallini_repro/results/babylm_shuffle_control_100M/steps6000_seed41/exp1_result.json (already complete)
SKIP experiments_v2/kallini_repro/results/babylm_parity_word_100M/steps6000_seed41/exp1_result.json (already complete)
SKIP experiments_v2/kallini_repro/results/babylm_shuffle_control_100M/steps9000_seed0/exp1_result.json (already complete)
SKIP experiments_v2/kallini_repro/results/babylm_parity_word_100M/steps9000_seed0/exp1_result.json (already complete)
wrote /root/llm-impossible/experiments_v2/kallini_repro/results/exp1_summary.csv and /root/llm-impossible/experiments_v2/kallini_repro/results/exp1_summary.md
# Experiment 1 reproduction — geometric-mean test PPL

language | step 100 | step 300 | step 500 | step 1000 | step 2000 | step 3000
--- | --- | --- | --- | --- | --- | ---
shuffle_control | 298.3 (n=5) | 143.9 (n=5) | 199.1 (n=5) | 82.9 (n=5) | 52.6 (n=5) | 47.2 (n=5)
reverse_control | 280.5 (n=3) | 204.4 (n=3) | 116.2 (n=3) | 61.7 (n=3) | 47.4 (n=3) | 43.4 (n=3)
cald_shuf | 1130.8 (n=1) | 2052.0 (n=1) | 1554.5 (n=1) | 1523.3 (n=1) | 1810.6 (n=1) | 1952.4 (n=1)
fixed_end | 142.3 (n=3) | 138.1 (n=3) | 85.7 (n=3) | 43.9 (n=3) | 31.1 (n=3) | 28.4 (n=3)
fixed_start | 304.3 (n=5) | 478.4 (n=5) | 238.8 (n=5) | 101.6 (n=5) | 67.4 (n=5) | 61.2 (n=5)
negtok | 218.3 (n=5) | 248.0 (n=5) | 117.6 (n=5) | 59.9 (n=5) | 44.7 (n=5) | 39.8 (n=5)
not_random | 220.7 (n=3) | 231.8 (n=3) | 108.3 (n=3) | 57.3 (n=3) | 44.7 (n=3) | 41.2 (n=3)
parity_tok | 235.5 (n=5) | 188.0 (n=5) | 114.1 (n=5) | 61.9 (n=5) | 47.1 (n=5) | 42.7 (n=5)
parity_word | 208.9 (n=5) | 146.1 (n=5) | 100.4 (n=5) | 53.4 (n=5) | 40.6 (n=5) | 37.3 (n=5)
reverse_full | 443.5 (n=5) | 262.3 (n=5) | 215.8 (n=5) | 98.4 (n=5) | 73.2 (n=5) | 67.2 (n=5)
reverse_partial | 319.2 (n=3) | 189.3 (n=3) | 120.0 (n=3) | 67.2 (n=3) | 51.2 (n=3) | 46.6 (n=3)
shuffle_deterministic21 | 943.7 (n=3) | 788.9 (n=3) | 479.5 (n=3) | 297.5 (n=3) | 239.3 (n=3) | 205.6 (n=3)
shuffle_even_odd | 645.9 (n=3) | 544.1 (n=3) | 300.7 (n=3) | 113.0 (n=3) | 72.6 (n=3) | 63.5 (n=3)
shuffle_local10 | 848.8 (n=3) | 607.9 (n=3) | 385.9 (n=3) | 153.2 (n=3) | 105.8 (n=3) | 95.0 (n=3)
shuffle_local3 | 751.8 (n=3) | 540.9 (n=3) | 175.5 (n=3) | 103.1 (n=3) | 77.6 (n=3) | 69.9 (n=3)
shuffle_nondeterministic | 963.3 (n=3) | 877.5 (n=3) | 618.5 (n=3) | 455.8 (n=3) | 375.6 (n=3) | 337.5 (n=3)
SKIP experiments_v2/kallini_repro/results/babylm_parity_word_100M/seed0/exp1_result.json (already complete)
SKIP experiments_v2/kallini_repro/results/babylm_fixed_start_100M/seed0/exp1_result.json (already complete)
SKIP experiments_v2/kallini_repro/results/babylm_parity_tok_100M/seed0/exp1_result.json (already complete)
SKIP experiments_v2/kallini_repro/results/babylm_negtok_100M/seed0/exp1_result.json (already complete)
SKIP experiments_v2/kallini_repro/results/babylm_not_random_100M/seed0/exp1_result.json (already complete)
SKIP experiments_v2/kallini_repro/results/babylm_parity_word_100M/seed14/exp1_result.json (already complete)
SKIP experiments_v2/kallini_repro/results/babylm_fixed_start_100M/seed14/exp1_result.json (already complete)
SKIP experiments_v2/kallini_repro/results/babylm_parity_tok_100M/seed14/exp1_result.json (already complete)
SKIP experiments_v2/kallini_repro/results/babylm_negtok_100M/seed14/exp1_result.json (already complete)
SKIP experiments_v2/kallini_repro/results/babylm_not_random_100M/seed14/exp1_result.json (already complete)
SKIP experiments_v2/kallini_repro/results/babylm_parity_word_100M/seed41/exp1_result.json (already complete)
SKIP experiments_v2/kallini_repro/results/babylm_fixed_start_100M/seed41/exp1_result.json (already complete)
SKIP experiments_v2/kallini_repro/results/babylm_parity_tok_100M/seed41/exp1_result.json (already complete)
SKIP experiments_v2/kallini_repro/results/babylm_negtok_100M/seed41/exp1_result.json (already complete)
SKIP experiments_v2/kallini_repro/results/babylm_not_random_100M/seed41/exp1_result.json (already complete)
SKIP experiments_v2/kallini_repro/results/babylm_parity_word_100M/steps6000_seed0/exp1_result.json (already complete)
SKIP experiments_v2/kallini_repro/results/babylm_fixed_start_100M/steps6000_seed0/exp1_result.json (already complete)
SKIP experiments_v2/kallini_repro/results/babylm_shuffle_control_100M/steps6000_seed0/exp1_result.json (already complete)
SKIP experiments_v2/kallini_repro/results/babylm_shuffle_control_100M/seed0/exp1_result.json (already complete)
SKIP experiments_v2/kallini_repro/results/babylm_shuffle_nondeterministic_100M/seed0/exp1_result.json (already complete)
SKIP experiments_v2/kallini_repro/results/babylm_shuffle_deterministic21_100M/seed0/exp1_result.json (already complete)
SKIP experiments_v2/kallini_repro/results/babylm_shuffle_local3_100M/seed0/exp1_result.json (already complete)
SKIP experiments_v2/kallini_repro/results/babylm_shuffle_local10_100M/seed0/exp1_result.json (already complete)
SKIP experiments_v2/kallini_repro/results/babylm_shuffle_even_odd_100M/seed0/exp1_result.json (already complete)
SKIP experiments_v2/kallini_repro/results/babylm_reverse_control_100M/seed0/exp1_result.json (already complete)
SKIP experiments_v2/kallini_repro/results/babylm_reverse_partial_100M/seed0/exp1_result.json (already complete)
SKIP experiments_v2/kallini_repro/results/babylm_reverse_full_100M/seed0/exp1_result.json (already complete)
SKIP experiments_v2/kallini_repro/results/babylm_shuffle_control_100M/seed14/exp1_result.json (already complete)
SKIP experiments_v2/kallini_repro/results/babylm_shuffle_nondeterministic_100M/seed14/exp1_result.json (already complete)
SKIP experiments_v2/kallini_repro/results/babylm_shuffle_deterministic21_100M/seed14/exp1_result.json (already complete)
SKIP experiments_v2/kallini_repro/results/babylm_shuffle_local3_100M/seed14/exp1_result.json (already complete)
SKIP experiments_v2/kallini_repro/results/babylm_shuffle_local10_100M/seed14/exp1_result.json (already complete)
SKIP experiments_v2/kallini_repro/results/babylm_shuffle_even_odd_100M/seed14/exp1_result.json (already complete)
SKIP experiments_v2/kallini_repro/results/babylm_reverse_control_100M/seed14/exp1_result.json (already complete)
SKIP experiments_v2/kallini_repro/results/babylm_reverse_partial_100M/seed14/exp1_result.json (already complete)
SKIP experiments_v2/kallini_repro/results/babylm_reverse_full_100M/seed14/exp1_result.json (already complete)
SKIP experiments_v2/kallini_repro/results/babylm_shuffle_control_100M/seed41/exp1_result.json (already complete)
SKIP experiments_v2/kallini_repro/results/babylm_shuffle_nondeterministic_100M/seed41/exp1_result.json (already complete)
SKIP experiments_v2/kallini_repro/results/babylm_shuffle_deterministic21_100M/seed41/exp1_result.json (already complete)
SKIP experiments_v2/kallini_repro/results/babylm_shuffle_local3_100M/seed41/exp1_result.json (already complete)
SKIP experiments_v2/kallini_repro/results/babylm_shuffle_local10_100M/seed41/exp1_result.json (already complete)
SKIP experiments_v2/kallini_repro/results/babylm_shuffle_even_odd_100M/seed41/exp1_result.json (already complete)
SKIP experiments_v2/kallini_repro/results/babylm_reverse_control_100M/seed41/exp1_result.json (already complete)
SKIP experiments_v2/kallini_repro/results/babylm_reverse_partial_100M/seed41/exp1_result.json (already complete)
SKIP experiments_v2/kallini_repro/results/babylm_reverse_full_100M/seed41/exp1_result.json (already complete)
SKIP experiments_v2/kallini_repro/results/babylm_shuffle_control_100M/seed53/exp1_result.json (already complete)
SKIP experiments_v2/kallini_repro/results/babylm_reverse_full_100M/seed53/exp1_result.json (already complete)
SKIP experiments_v2/kallini_repro/results/babylm_parity_word_100M/seed53/exp1_result.json (already complete)
SKIP experiments_v2/kallini_repro/results/babylm_fixed_start_100M/seed53/exp1_result.json (already complete)
SKIP experiments_v2/kallini_repro/results/babylm_parity_tok_100M/seed53/exp1_result.json (already complete)
SKIP experiments_v2/kallini_repro/results/babylm_negtok_100M/seed53/exp1_result.json (already complete)
SKIP experiments_v2/kallini_repro/results/babylm_shuffle_control_100M/seed96/exp1_result.json (already complete)
SKIP experiments_v2/kallini_repro/results/babylm_reverse_full_100M/seed96/exp1_result.json (already complete)
SKIP experiments_v2/kallini_repro/results/babylm_parity_word_100M/seed96/exp1_result.json (already complete)
SKIP experiments_v2/kallini_repro/results/babylm_fixed_start_100M/seed96/exp1_result.json (already complete)
SKIP experiments_v2/kallini_repro/results/babylm_parity_tok_100M/seed96/exp1_result.json (already complete)
SKIP experiments_v2/kallini_repro/results/babylm_negtok_100M/seed96/exp1_result.json (already complete)
SKIP experiments_v2/kallini_repro/results/babylm_fixed_end_100M/seed0/exp1_result.json (already complete)
SKIP experiments_v2/kallini_repro/results/babylm_fixed_end_100M/seed14/exp1_result.json (already complete)
SKIP experiments_v2/kallini_repro/results/babylm_fixed_end_100M/seed41/exp1_result.json (already complete)
SKIP experiments_v2/kallini_repro/results/babylm_shuffle_control_100M/steps6000_seed14/exp1_result.json (already complete)
SKIP experiments_v2/kallini_repro/results/babylm_parity_word_100M/steps6000_seed14/exp1_result.json (already complete)
SKIP experiments_v2/kallini_repro/results/babylm_shuffle_control_100M/steps6000_seed41/exp1_result.json (already complete)
SKIP experiments_v2/kallini_repro/results/babylm_parity_word_100M/steps6000_seed41/exp1_result.json (already complete)
SKIP experiments_v2/kallini_repro/results/babylm_shuffle_control_100M/steps9000_seed0/exp1_result.json (already complete)
SKIP experiments_v2/kallini_repro/results/babylm_parity_word_100M/steps9000_seed0/exp1_result.json (already complete)
wrote /root/llm-impossible/experiments_v2/kallini_repro/results/exp1_summary.csv and /root/llm-impossible/experiments_v2/kallini_repro/results/exp1_summary.md
# Experiment 1 reproduction — geometric-mean test PPL

language | step 100 | step 300 | step 500 | step 1000 | step 2000 | step 3000
--- | --- | --- | --- | --- | --- | ---
shuffle_control | 298.3 (n=5) | 143.9 (n=5) | 199.1 (n=5) | 82.9 (n=5) | 52.6 (n=5) | 47.2 (n=5)
reverse_control | 280.5 (n=3) | 204.4 (n=3) | 116.2 (n=3) | 61.7 (n=3) | 47.4 (n=3) | 43.4 (n=3)
cald_shuf | 1130.8 (n=1) | 2052.0 (n=1) | 1554.5 (n=1) | 1523.3 (n=1) | 1810.6 (n=1) | 1952.4 (n=1)
fixed_end | 142.3 (n=3) | 138.1 (n=3) | 85.7 (n=3) | 43.9 (n=3) | 31.1 (n=3) | 28.4 (n=3)
fixed_start | 304.3 (n=5) | 478.4 (n=5) | 238.8 (n=5) | 101.6 (n=5) | 67.4 (n=5) | 61.2 (n=5)
negtok | 218.3 (n=5) | 248.0 (n=5) | 117.6 (n=5) | 59.9 (n=5) | 44.7 (n=5) | 39.8 (n=5)
not_random | 220.7 (n=3) | 231.8 (n=3) | 108.3 (n=3) | 57.3 (n=3) | 44.7 (n=3) | 41.2 (n=3)
parity_tok | 235.5 (n=5) | 188.0 (n=5) | 114.1 (n=5) | 61.9 (n=5) | 47.1 (n=5) | 42.7 (n=5)
parity_word | 208.9 (n=5) | 146.1 (n=5) | 100.4 (n=5) | 53.4 (n=5) | 40.6 (n=5) | 37.3 (n=5)
reverse_full | 443.5 (n=5) | 262.3 (n=5) | 215.8 (n=5) | 98.4 (n=5) | 73.2 (n=5) | 67.2 (n=5)
reverse_partial | 319.2 (n=3) | 189.3 (n=3) | 120.0 (n=3) | 67.2 (n=3) | 51.2 (n=3) | 46.6 (n=3)
shuffle_deterministic21 | 943.7 (n=3) | 788.9 (n=3) | 479.5 (n=3) | 297.5 (n=3) | 239.3 (n=3) | 205.6 (n=3)
shuffle_even_odd | 645.9 (n=3) | 544.1 (n=3) | 300.7 (n=3) | 113.0 (n=3) | 72.6 (n=3) | 63.5 (n=3)
shuffle_local10 | 848.8 (n=3) | 607.9 (n=3) | 385.9 (n=3) | 153.2 (n=3) | 105.8 (n=3) | 95.0 (n=3)
shuffle_local3 | 751.8 (n=3) | 540.9 (n=3) | 175.5 (n=3) | 103.1 (n=3) | 77.6 (n=3) | 69.9 (n=3)
shuffle_nondeterministic | 963.3 (n=3) | 877.5 (n=3) | 618.5 (n=3) | 455.8 (n=3) | 375.6 (n=3) | 337.5 (n=3)
SKIP experiments_v2/kallini_repro/results/babylm_parity_word_100M/seed0/exp1_result.json (already complete)
SKIP experiments_v2/kallini_repro/results/babylm_fixed_start_100M/seed0/exp1_result.json (already complete)
SKIP experiments_v2/kallini_repro/results/babylm_parity_tok_100M/seed0/exp1_result.json (already complete)
SKIP experiments_v2/kallini_repro/results/babylm_negtok_100M/seed0/exp1_result.json (already complete)
SKIP experiments_v2/kallini_repro/results/babylm_not_random_100M/seed0/exp1_result.json (already complete)
SKIP experiments_v2/kallini_repro/results/babylm_parity_word_100M/seed14/exp1_result.json (already complete)
SKIP experiments_v2/kallini_repro/results/babylm_fixed_start_100M/seed14/exp1_result.json (already complete)
SKIP experiments_v2/kallini_repro/results/babylm_parity_tok_100M/seed14/exp1_result.json (already complete)
SKIP experiments_v2/kallini_repro/results/babylm_negtok_100M/seed14/exp1_result.json (already complete)
SKIP experiments_v2/kallini_repro/results/babylm_not_random_100M/seed14/exp1_result.json (already complete)
SKIP experiments_v2/kallini_repro/results/babylm_parity_word_100M/seed41/exp1_result.json (already complete)
SKIP experiments_v2/kallini_repro/results/babylm_fixed_start_100M/seed41/exp1_result.json (already complete)
SKIP experiments_v2/kallini_repro/results/babylm_parity_tok_100M/seed41/exp1_result.json (already complete)
SKIP experiments_v2/kallini_repro/results/babylm_negtok_100M/seed41/exp1_result.json (already complete)
SKIP experiments_v2/kallini_repro/results/babylm_not_random_100M/seed41/exp1_result.json (already complete)
SKIP experiments_v2/kallini_repro/results/babylm_parity_word_100M/steps6000_seed0/exp1_result.json (already complete)
SKIP experiments_v2/kallini_repro/results/babylm_fixed_start_100M/steps6000_seed0/exp1_result.json (already complete)
SKIP experiments_v2/kallini_repro/results/babylm_shuffle_control_100M/steps6000_seed0/exp1_result.json (already complete)
SKIP experiments_v2/kallini_repro/results/babylm_shuffle_control_100M/seed0/exp1_result.json (already complete)
SKIP experiments_v2/kallini_repro/results/babylm_shuffle_nondeterministic_100M/seed0/exp1_result.json (already complete)
SKIP experiments_v2/kallini_repro/results/babylm_shuffle_deterministic21_100M/seed0/exp1_result.json (already complete)
SKIP experiments_v2/kallini_repro/results/babylm_shuffle_local3_100M/seed0/exp1_result.json (already complete)
SKIP experiments_v2/kallini_repro/results/babylm_shuffle_local10_100M/seed0/exp1_result.json (already complete)
SKIP experiments_v2/kallini_repro/results/babylm_shuffle_even_odd_100M/seed0/exp1_result.json (already complete)
SKIP experiments_v2/kallini_repro/results/babylm_reverse_control_100M/seed0/exp1_result.json (already complete)
SKIP experiments_v2/kallini_repro/results/babylm_reverse_partial_100M/seed0/exp1_result.json (already complete)
SKIP experiments_v2/kallini_repro/results/babylm_reverse_full_100M/seed0/exp1_result.json (already complete)
SKIP experiments_v2/kallini_repro/results/babylm_shuffle_control_100M/seed14/exp1_result.json (already complete)
SKIP experiments_v2/kallini_repro/results/babylm_shuffle_nondeterministic_100M/seed14/exp1_result.json (already complete)
SKIP experiments_v2/kallini_repro/results/babylm_shuffle_deterministic21_100M/seed14/exp1_result.json (already complete)
SKIP experiments_v2/kallini_repro/results/babylm_shuffle_local3_100M/seed14/exp1_result.json (already complete)
SKIP experiments_v2/kallini_repro/results/babylm_shuffle_local10_100M/seed14/exp1_result.json (already complete)
SKIP experiments_v2/kallini_repro/results/babylm_shuffle_even_odd_100M/seed14/exp1_result.json (already complete)
SKIP experiments_v2/kallini_repro/results/babylm_reverse_control_100M/seed14/exp1_result.json (already complete)
SKIP experiments_v2/kallini_repro/results/babylm_reverse_partial_100M/seed14/exp1_result.json (already complete)
SKIP experiments_v2/kallini_repro/results/babylm_reverse_full_100M/seed14/exp1_result.json (already complete)
SKIP experiments_v2/kallini_repro/results/babylm_shuffle_control_100M/seed41/exp1_result.json (already complete)
SKIP experiments_v2/kallini_repro/results/babylm_shuffle_nondeterministic_100M/seed41/exp1_result.json (already complete)
SKIP experiments_v2/kallini_repro/results/babylm_shuffle_deterministic21_100M/seed41/exp1_result.json (already complete)
SKIP experiments_v2/kallini_repro/results/babylm_shuffle_local3_100M/seed41/exp1_result.json (already complete)
SKIP experiments_v2/kallini_repro/results/babylm_shuffle_local10_100M/seed41/exp1_result.json (already complete)
SKIP experiments_v2/kallini_repro/results/babylm_shuffle_even_odd_100M/seed41/exp1_result.json (already complete)
SKIP experiments_v2/kallini_repro/results/babylm_reverse_control_100M/seed41/exp1_result.json (already complete)
SKIP experiments_v2/kallini_repro/results/babylm_reverse_partial_100M/seed41/exp1_result.json (already complete)
SKIP experiments_v2/kallini_repro/results/babylm_reverse_full_100M/seed41/exp1_result.json (already complete)
SKIP experiments_v2/kallini_repro/results/babylm_shuffle_control_100M/seed53/exp1_result.json (already complete)
SKIP experiments_v2/kallini_repro/results/babylm_reverse_full_100M/seed53/exp1_result.json (already complete)
SKIP experiments_v2/kallini_repro/results/babylm_parity_word_100M/seed53/exp1_result.json (already complete)
SKIP experiments_v2/kallini_repro/results/babylm_fixed_start_100M/seed53/exp1_result.json (already complete)
SKIP experiments_v2/kallini_repro/results/babylm_parity_tok_100M/seed53/exp1_result.json (already complete)
SKIP experiments_v2/kallini_repro/results/babylm_negtok_100M/seed53/exp1_result.json (already complete)
SKIP experiments_v2/kallini_repro/results/babylm_shuffle_control_100M/seed96/exp1_result.json (already complete)
SKIP experiments_v2/kallini_repro/results/babylm_reverse_full_100M/seed96/exp1_result.json (already complete)
SKIP experiments_v2/kallini_repro/results/babylm_parity_word_100M/seed96/exp1_result.json (already complete)
SKIP experiments_v2/kallini_repro/results/babylm_fixed_start_100M/seed96/exp1_result.json (already complete)
SKIP experiments_v2/kallini_repro/results/babylm_parity_tok_100M/seed96/exp1_result.json (already complete)
SKIP experiments_v2/kallini_repro/results/babylm_negtok_100M/seed96/exp1_result.json (already complete)
SKIP experiments_v2/kallini_repro/results/babylm_fixed_end_100M/seed0/exp1_result.json (already complete)
SKIP experiments_v2/kallini_repro/results/babylm_fixed_end_100M/seed14/exp1_result.json (already complete)
SKIP experiments_v2/kallini_repro/results/babylm_fixed_end_100M/seed41/exp1_result.json (already complete)
SKIP experiments_v2/kallini_repro/results/babylm_shuffle_control_100M/steps6000_seed14/exp1_result.json (already complete)
SKIP experiments_v2/kallini_repro/results/babylm_parity_word_100M/steps6000_seed14/exp1_result.json (already complete)
SKIP experiments_v2/kallini_repro/results/babylm_shuffle_control_100M/steps6000_seed41/exp1_result.json (already complete)
SKIP experiments_v2/kallini_repro/results/babylm_parity_word_100M/steps6000_seed41/exp1_result.json (already complete)
SKIP experiments_v2/kallini_repro/results/babylm_shuffle_control_100M/steps9000_seed0/exp1_result.json (already complete)
SKIP experiments_v2/kallini_repro/results/babylm_parity_word_100M/steps9000_seed0/exp1_result.json (already complete)
wrote /root/llm-impossible/experiments_v2/kallini_repro/results/exp1_summary.csv and /root/llm-impossible/experiments_v2/kallini_repro/results/exp1_summary.md
# Experiment 1 reproduction — geometric-mean test PPL

language | step 100 | step 300 | step 500 | step 1000 | step 2000 | step 3000
--- | --- | --- | --- | --- | --- | ---
shuffle_control | 298.3 (n=5) | 143.9 (n=5) | 199.1 (n=5) | 82.9 (n=5) | 52.6 (n=5) | 47.2 (n=5)
reverse_control | 280.5 (n=3) | 204.4 (n=3) | 116.2 (n=3) | 61.7 (n=3) | 47.4 (n=3) | 43.4 (n=3)
cald_shuf | 1130.8 (n=1) | 2052.0 (n=1) | 1554.5 (n=1) | 1523.3 (n=1) | 1810.6 (n=1) | 1952.4 (n=1)
fixed_end | 142.3 (n=3) | 138.1 (n=3) | 85.7 (n=3) | 43.9 (n=3) | 31.1 (n=3) | 28.4 (n=3)
fixed_start | 304.3 (n=5) | 478.4 (n=5) | 238.8 (n=5) | 101.6 (n=5) | 67.4 (n=5) | 61.2 (n=5)
negtok | 218.3 (n=5) | 248.0 (n=5) | 117.6 (n=5) | 59.9 (n=5) | 44.7 (n=5) | 39.8 (n=5)
not_random | 220.7 (n=3) | 231.8 (n=3) | 108.3 (n=3) | 57.3 (n=3) | 44.7 (n=3) | 41.2 (n=3)
parity_tok | 235.5 (n=5) | 188.0 (n=5) | 114.1 (n=5) | 61.9 (n=5) | 47.1 (n=5) | 42.7 (n=5)
parity_word | 208.9 (n=5) | 146.1 (n=5) | 100.4 (n=5) | 53.4 (n=5) | 40.6 (n=5) | 37.3 (n=5)
reverse_full | 443.5 (n=5) | 262.3 (n=5) | 215.8 (n=5) | 98.4 (n=5) | 73.2 (n=5) | 67.2 (n=5)
reverse_partial | 319.2 (n=3) | 189.3 (n=3) | 120.0 (n=3) | 67.2 (n=3) | 51.2 (n=3) | 46.6 (n=3)
shuffle_deterministic21 | 943.7 (n=3) | 788.9 (n=3) | 479.5 (n=3) | 297.5 (n=3) | 239.3 (n=3) | 205.6 (n=3)
shuffle_even_odd | 645.9 (n=3) | 544.1 (n=3) | 300.7 (n=3) | 113.0 (n=3) | 72.6 (n=3) | 63.5 (n=3)
shuffle_local10 | 848.8 (n=3) | 607.9 (n=3) | 385.9 (n=3) | 153.2 (n=3) | 105.8 (n=3) | 95.0 (n=3)
shuffle_local3 | 751.8 (n=3) | 540.9 (n=3) | 175.5 (n=3) | 103.1 (n=3) | 77.6 (n=3) | 69.9 (n=3)
shuffle_nondeterministic | 963.3 (n=3) | 877.5 (n=3) | 618.5 (n=3) | 455.8 (n=3) | 375.6 (n=3) | 337.5 (n=3)
SKIP experiments_v2/kallini_repro/results/babylm_parity_word_100M/seed0/exp1_result.json (already complete)
SKIP experiments_v2/kallini_repro/results/babylm_fixed_start_100M/seed0/exp1_result.json (already complete)
SKIP experiments_v2/kallini_repro/results/babylm_parity_tok_100M/seed0/exp1_result.json (already complete)
SKIP experiments_v2/kallini_repro/results/babylm_negtok_100M/seed0/exp1_result.json (already complete)
SKIP experiments_v2/kallini_repro/results/babylm_not_random_100M/seed0/exp1_result.json (already complete)
SKIP experiments_v2/kallini_repro/results/babylm_parity_word_100M/seed14/exp1_result.json (already complete)
SKIP experiments_v2/kallini_repro/results/babylm_fixed_start_100M/seed14/exp1_result.json (already complete)
SKIP experiments_v2/kallini_repro/results/babylm_parity_tok_100M/seed14/exp1_result.json (already complete)
SKIP experiments_v2/kallini_repro/results/babylm_negtok_100M/seed14/exp1_result.json (already complete)
SKIP experiments_v2/kallini_repro/results/babylm_not_random_100M/seed14/exp1_result.json (already complete)
SKIP experiments_v2/kallini_repro/results/babylm_parity_word_100M/seed41/exp1_result.json (already complete)
SKIP experiments_v2/kallini_repro/results/babylm_fixed_start_100M/seed41/exp1_result.json (already complete)
SKIP experiments_v2/kallini_repro/results/babylm_parity_tok_100M/seed41/exp1_result.json (already complete)
SKIP experiments_v2/kallini_repro/results/babylm_negtok_100M/seed41/exp1_result.json (already complete)
SKIP experiments_v2/kallini_repro/results/babylm_not_random_100M/seed41/exp1_result.json (already complete)
SKIP experiments_v2/kallini_repro/results/babylm_parity_word_100M/steps6000_seed0/exp1_result.json (already complete)
SKIP experiments_v2/kallini_repro/results/babylm_fixed_start_100M/steps6000_seed0/exp1_result.json (already complete)
SKIP experiments_v2/kallini_repro/results/babylm_shuffle_control_100M/steps6000_seed0/exp1_result.json (already complete)
SKIP experiments_v2/kallini_repro/results/babylm_shuffle_control_100M/seed0/exp1_result.json (already complete)
SKIP experiments_v2/kallini_repro/results/babylm_shuffle_nondeterministic_100M/seed0/exp1_result.json (already complete)
SKIP experiments_v2/kallini_repro/results/babylm_shuffle_deterministic21_100M/seed0/exp1_result.json (already complete)
SKIP experiments_v2/kallini_repro/results/babylm_shuffle_local3_100M/seed0/exp1_result.json (already complete)
SKIP experiments_v2/kallini_repro/results/babylm_shuffle_local10_100M/seed0/exp1_result.json (already complete)
SKIP experiments_v2/kallini_repro/results/babylm_shuffle_even_odd_100M/seed0/exp1_result.json (already complete)
SKIP experiments_v2/kallini_repro/results/babylm_reverse_control_100M/seed0/exp1_result.json (already complete)
SKIP experiments_v2/kallini_repro/results/babylm_reverse_partial_100M/seed0/exp1_result.json (already complete)
SKIP experiments_v2/kallini_repro/results/babylm_reverse_full_100M/seed0/exp1_result.json (already complete)
SKIP experiments_v2/kallini_repro/results/babylm_shuffle_control_100M/seed14/exp1_result.json (already complete)
SKIP experiments_v2/kallini_repro/results/babylm_shuffle_nondeterministic_100M/seed14/exp1_result.json (already complete)
SKIP experiments_v2/kallini_repro/results/babylm_shuffle_deterministic21_100M/seed14/exp1_result.json (already complete)
SKIP experiments_v2/kallini_repro/results/babylm_shuffle_local3_100M/seed14/exp1_result.json (already complete)
SKIP experiments_v2/kallini_repro/results/babylm_shuffle_local10_100M/seed14/exp1_result.json (already complete)
SKIP experiments_v2/kallini_repro/results/babylm_shuffle_even_odd_100M/seed14/exp1_result.json (already complete)
SKIP experiments_v2/kallini_repro/results/babylm_reverse_control_100M/seed14/exp1_result.json (already complete)
SKIP experiments_v2/kallini_repro/results/babylm_reverse_partial_100M/seed14/exp1_result.json (already complete)
SKIP experiments_v2/kallini_repro/results/babylm_reverse_full_100M/seed14/exp1_result.json (already complete)
SKIP experiments_v2/kallini_repro/results/babylm_shuffle_control_100M/seed41/exp1_result.json (already complete)
SKIP experiments_v2/kallini_repro/results/babylm_shuffle_nondeterministic_100M/seed41/exp1_result.json (already complete)
SKIP experiments_v2/kallini_repro/results/babylm_shuffle_deterministic21_100M/seed41/exp1_result.json (already complete)
SKIP experiments_v2/kallini_repro/results/babylm_shuffle_local3_100M/seed41/exp1_result.json (already complete)
SKIP experiments_v2/kallini_repro/results/babylm_shuffle_local10_100M/seed41/exp1_result.json (already complete)
SKIP experiments_v2/kallini_repro/results/babylm_shuffle_even_odd_100M/seed41/exp1_result.json (already complete)
SKIP experiments_v2/kallini_repro/results/babylm_reverse_control_100M/seed41/exp1_result.json (already complete)
SKIP experiments_v2/kallini_repro/results/babylm_reverse_partial_100M/seed41/exp1_result.json (already complete)
SKIP experiments_v2/kallini_repro/results/babylm_reverse_full_100M/seed41/exp1_result.json (already complete)
SKIP experiments_v2/kallini_repro/results/babylm_shuffle_control_100M/seed53/exp1_result.json (already complete)
SKIP experiments_v2/kallini_repro/results/babylm_reverse_full_100M/seed53/exp1_result.json (already complete)
SKIP experiments_v2/kallini_repro/results/babylm_parity_word_100M/seed53/exp1_result.json (already complete)
SKIP experiments_v2/kallini_repro/results/babylm_fixed_start_100M/seed53/exp1_result.json (already complete)
SKIP experiments_v2/kallini_repro/results/babylm_parity_tok_100M/seed53/exp1_result.json (already complete)
SKIP experiments_v2/kallini_repro/results/babylm_negtok_100M/seed53/exp1_result.json (already complete)
SKIP experiments_v2/kallini_repro/results/babylm_shuffle_control_100M/seed96/exp1_result.json (already complete)
SKIP experiments_v2/kallini_repro/results/babylm_reverse_full_100M/seed96/exp1_result.json (already complete)
SKIP experiments_v2/kallini_repro/results/babylm_parity_word_100M/seed96/exp1_result.json (already complete)
SKIP experiments_v2/kallini_repro/results/babylm_fixed_start_100M/seed96/exp1_result.json (already complete)
SKIP experiments_v2/kallini_repro/results/babylm_parity_tok_100M/seed96/exp1_result.json (already complete)
SKIP experiments_v2/kallini_repro/results/babylm_negtok_100M/seed96/exp1_result.json (already complete)
SKIP experiments_v2/kallini_repro/results/babylm_fixed_end_100M/seed0/exp1_result.json (already complete)
SKIP experiments_v2/kallini_repro/results/babylm_fixed_end_100M/seed14/exp1_result.json (already complete)
SKIP experiments_v2/kallini_repro/results/babylm_fixed_end_100M/seed41/exp1_result.json (already complete)
SKIP experiments_v2/kallini_repro/results/babylm_shuffle_control_100M/steps6000_seed14/exp1_result.json (already complete)
SKIP experiments_v2/kallini_repro/results/babylm_parity_word_100M/steps6000_seed14/exp1_result.json (already complete)
SKIP experiments_v2/kallini_repro/results/babylm_shuffle_control_100M/steps6000_seed41/exp1_result.json (already complete)
SKIP experiments_v2/kallini_repro/results/babylm_parity_word_100M/steps6000_seed41/exp1_result.json (already complete)
SKIP experiments_v2/kallini_repro/results/babylm_shuffle_control_100M/steps9000_seed0/exp1_result.json (already complete)
SKIP experiments_v2/kallini_repro/results/babylm_parity_word_100M/steps9000_seed0/exp1_result.json (already complete)
wrote /root/llm-impossible/experiments_v2/kallini_repro/results/exp1_summary.csv and /root/llm-impossible/experiments_v2/kallini_repro/results/exp1_summary.md
# Experiment 1 reproduction — geometric-mean test PPL

language | step 100 | step 300 | step 500 | step 1000 | step 2000 | step 3000
--- | --- | --- | --- | --- | --- | ---
shuffle_control | 298.3 (n=5) | 143.9 (n=5) | 199.1 (n=5) | 82.9 (n=5) | 52.6 (n=5) | 47.2 (n=5)
reverse_control | 280.5 (n=3) | 204.4 (n=3) | 116.2 (n=3) | 61.7 (n=3) | 47.4 (n=3) | 43.4 (n=3)
cald_shuf | 1130.8 (n=1) | 2052.0 (n=1) | 1554.5 (n=1) | 1523.3 (n=1) | 1810.6 (n=1) | 1952.4 (n=1)
fixed_end | 142.3 (n=3) | 138.1 (n=3) | 85.7 (n=3) | 43.9 (n=3) | 31.1 (n=3) | 28.4 (n=3)
fixed_start | 304.3 (n=5) | 478.4 (n=5) | 238.8 (n=5) | 101.6 (n=5) | 67.4 (n=5) | 61.2 (n=5)
negtok | 218.3 (n=5) | 248.0 (n=5) | 117.6 (n=5) | 59.9 (n=5) | 44.7 (n=5) | 39.8 (n=5)
not_random | 220.7 (n=3) | 231.8 (n=3) | 108.3 (n=3) | 57.3 (n=3) | 44.7 (n=3) | 41.2 (n=3)
parity_tok | 235.5 (n=5) | 188.0 (n=5) | 114.1 (n=5) | 61.9 (n=5) | 47.1 (n=5) | 42.7 (n=5)
parity_word | 208.9 (n=5) | 146.1 (n=5) | 100.4 (n=5) | 53.4 (n=5) | 40.6 (n=5) | 37.3 (n=5)
reverse_full | 443.5 (n=5) | 262.3 (n=5) | 215.8 (n=5) | 98.4 (n=5) | 73.2 (n=5) | 67.2 (n=5)
reverse_partial | 319.2 (n=3) | 189.3 (n=3) | 120.0 (n=3) | 67.2 (n=3) | 51.2 (n=3) | 46.6 (n=3)
shuffle_deterministic21 | 943.7 (n=3) | 788.9 (n=3) | 479.5 (n=3) | 297.5 (n=3) | 239.3 (n=3) | 205.6 (n=3)
shuffle_even_odd | 645.9 (n=3) | 544.1 (n=3) | 300.7 (n=3) | 113.0 (n=3) | 72.6 (n=3) | 63.5 (n=3)
shuffle_local10 | 848.8 (n=3) | 607.9 (n=3) | 385.9 (n=3) | 153.2 (n=3) | 105.8 (n=3) | 95.0 (n=3)
shuffle_local3 | 751.8 (n=3) | 540.9 (n=3) | 175.5 (n=3) | 103.1 (n=3) | 77.6 (n=3) | 69.9 (n=3)
shuffle_nondeterministic | 963.3 (n=3) | 877.5 (n=3) | 618.5 (n=3) | 455.8 (n=3) | 375.6 (n=3) | 337.5 (n=3)
SKIP experiments_v2/kallini_repro/results/babylm_parity_word_100M/seed0/exp1_result.json (already complete)
SKIP experiments_v2/kallini_repro/results/babylm_fixed_start_100M/seed0/exp1_result.json (already complete)
SKIP experiments_v2/kallini_repro/results/babylm_parity_tok_100M/seed0/exp1_result.json (already complete)
SKIP experiments_v2/kallini_repro/results/babylm_negtok_100M/seed0/exp1_result.json (already complete)
SKIP experiments_v2/kallini_repro/results/babylm_not_random_100M/seed0/exp1_result.json (already complete)
SKIP experiments_v2/kallini_repro/results/babylm_parity_word_100M/seed14/exp1_result.json (already complete)
SKIP experiments_v2/kallini_repro/results/babylm_fixed_start_100M/seed14/exp1_result.json (already complete)
SKIP experiments_v2/kallini_repro/results/babylm_parity_tok_100M/seed14/exp1_result.json (already complete)
SKIP experiments_v2/kallini_repro/results/babylm_negtok_100M/seed14/exp1_result.json (already complete)
SKIP experiments_v2/kallini_repro/results/babylm_not_random_100M/seed14/exp1_result.json (already complete)
SKIP experiments_v2/kallini_repro/results/babylm_parity_word_100M/seed41/exp1_result.json (already complete)
SKIP experiments_v2/kallini_repro/results/babylm_fixed_start_100M/seed41/exp1_result.json (already complete)
SKIP experiments_v2/kallini_repro/results/babylm_parity_tok_100M/seed41/exp1_result.json (already complete)
SKIP experiments_v2/kallini_repro/results/babylm_negtok_100M/seed41/exp1_result.json (already complete)
SKIP experiments_v2/kallini_repro/results/babylm_not_random_100M/seed41/exp1_result.json (already complete)
SKIP experiments_v2/kallini_repro/results/babylm_parity_word_100M/steps6000_seed0/exp1_result.json (already complete)
SKIP experiments_v2/kallini_repro/results/babylm_fixed_start_100M/steps6000_seed0/exp1_result.json (already complete)
SKIP experiments_v2/kallini_repro/results/babylm_shuffle_control_100M/steps6000_seed0/exp1_result.json (already complete)
SKIP experiments_v2/kallini_repro/results/babylm_shuffle_control_100M/seed0/exp1_result.json (already complete)
SKIP experiments_v2/kallini_repro/results/babylm_shuffle_nondeterministic_100M/seed0/exp1_result.json (already complete)
SKIP experiments_v2/kallini_repro/results/babylm_shuffle_deterministic21_100M/seed0/exp1_result.json (already complete)
SKIP experiments_v2/kallini_repro/results/babylm_shuffle_local3_100M/seed0/exp1_result.json (already complete)
SKIP experiments_v2/kallini_repro/results/babylm_shuffle_local10_100M/seed0/exp1_result.json (already complete)
SKIP experiments_v2/kallini_repro/results/babylm_shuffle_even_odd_100M/seed0/exp1_result.json (already complete)
SKIP experiments_v2/kallini_repro/results/babylm_reverse_control_100M/seed0/exp1_result.json (already complete)
SKIP experiments_v2/kallini_repro/results/babylm_reverse_partial_100M/seed0/exp1_result.json (already complete)
SKIP experiments_v2/kallini_repro/results/babylm_reverse_full_100M/seed0/exp1_result.json (already complete)
SKIP experiments_v2/kallini_repro/results/babylm_shuffle_control_100M/seed14/exp1_result.json (already complete)
SKIP experiments_v2/kallini_repro/results/babylm_shuffle_nondeterministic_100M/seed14/exp1_result.json (already complete)
SKIP experiments_v2/kallini_repro/results/babylm_shuffle_deterministic21_100M/seed14/exp1_result.json (already complete)
SKIP experiments_v2/kallini_repro/results/babylm_shuffle_local3_100M/seed14/exp1_result.json (already complete)
SKIP experiments_v2/kallini_repro/results/babylm_shuffle_local10_100M/seed14/exp1_result.json (already complete)
SKIP experiments_v2/kallini_repro/results/babylm_shuffle_even_odd_100M/seed14/exp1_result.json (already complete)
SKIP experiments_v2/kallini_repro/results/babylm_reverse_control_100M/seed14/exp1_result.json (already complete)
SKIP experiments_v2/kallini_repro/results/babylm_reverse_partial_100M/seed14/exp1_result.json (already complete)
SKIP experiments_v2/kallini_repro/results/babylm_reverse_full_100M/seed14/exp1_result.json (already complete)
SKIP experiments_v2/kallini_repro/results/babylm_shuffle_control_100M/seed41/exp1_result.json (already complete)
SKIP experiments_v2/kallini_repro/results/babylm_shuffle_nondeterministic_100M/seed41/exp1_result.json (already complete)
SKIP experiments_v2/kallini_repro/results/babylm_shuffle_deterministic21_100M/seed41/exp1_result.json (already complete)
SKIP experiments_v2/kallini_repro/results/babylm_shuffle_local3_100M/seed41/exp1_result.json (already complete)
SKIP experiments_v2/kallini_repro/results/babylm_shuffle_local10_100M/seed41/exp1_result.json (already complete)
SKIP experiments_v2/kallini_repro/results/babylm_shuffle_even_odd_100M/seed41/exp1_result.json (already complete)
SKIP experiments_v2/kallini_repro/results/babylm_reverse_control_100M/seed41/exp1_result.json (already complete)
SKIP experiments_v2/kallini_repro/results/babylm_reverse_partial_100M/seed41/exp1_result.json (already complete)
SKIP experiments_v2/kallini_repro/results/babylm_reverse_full_100M/seed41/exp1_result.json (already complete)
SKIP experiments_v2/kallini_repro/results/babylm_shuffle_control_100M/seed53/exp1_result.json (already complete)
SKIP experiments_v2/kallini_repro/results/babylm_reverse_full_100M/seed53/exp1_result.json (already complete)
SKIP experiments_v2/kallini_repro/results/babylm_parity_word_100M/seed53/exp1_result.json (already complete)
SKIP experiments_v2/kallini_repro/results/babylm_fixed_start_100M/seed53/exp1_result.json (already complete)
SKIP experiments_v2/kallini_repro/results/babylm_parity_tok_100M/seed53/exp1_result.json (already complete)
SKIP experiments_v2/kallini_repro/results/babylm_negtok_100M/seed53/exp1_result.json (already complete)
SKIP experiments_v2/kallini_repro/results/babylm_shuffle_control_100M/seed96/exp1_result.json (already complete)
SKIP experiments_v2/kallini_repro/results/babylm_reverse_full_100M/seed96/exp1_result.json (already complete)
SKIP experiments_v2/kallini_repro/results/babylm_parity_word_100M/seed96/exp1_result.json (already complete)
SKIP experiments_v2/kallini_repro/results/babylm_fixed_start_100M/seed96/exp1_result.json (already complete)
SKIP experiments_v2/kallini_repro/results/babylm_parity_tok_100M/seed96/exp1_result.json (already complete)
SKIP experiments_v2/kallini_repro/results/babylm_negtok_100M/seed96/exp1_result.json (already complete)
SKIP experiments_v2/kallini_repro/results/babylm_fixed_end_100M/seed0/exp1_result.json (already complete)
SKIP experiments_v2/kallini_repro/results/babylm_fixed_end_100M/seed14/exp1_result.json (already complete)
SKIP experiments_v2/kallini_repro/results/babylm_fixed_end_100M/seed41/exp1_result.json (already complete)
SKIP experiments_v2/kallini_repro/results/babylm_shuffle_control_100M/steps6000_seed14/exp1_result.json (already complete)
SKIP experiments_v2/kallini_repro/results/babylm_parity_word_100M/steps6000_seed14/exp1_result.json (already complete)
SKIP experiments_v2/kallini_repro/results/babylm_shuffle_control_100M/steps6000_seed41/exp1_result.json (already complete)
SKIP experiments_v2/kallini_repro/results/babylm_parity_word_100M/steps6000_seed41/exp1_result.json (already complete)
SKIP experiments_v2/kallini_repro/results/babylm_shuffle_control_100M/steps9000_seed0/exp1_result.json (already complete)
SKIP experiments_v2/kallini_repro/results/babylm_parity_word_100M/steps9000_seed0/exp1_result.json (already complete)
wrote /root/llm-impossible/experiments_v2/kallini_repro/results/exp1_summary.csv and /root/llm-impossible/experiments_v2/kallini_repro/results/exp1_summary.md
# Experiment 1 reproduction — geometric-mean test PPL

language | step 100 | step 300 | step 500 | step 1000 | step 2000 | step 3000
--- | --- | --- | --- | --- | --- | ---
shuffle_control | 298.3 (n=5) | 143.9 (n=5) | 199.1 (n=5) | 82.9 (n=5) | 52.6 (n=5) | 47.2 (n=5)
reverse_control | 280.5 (n=3) | 204.4 (n=3) | 116.2 (n=3) | 61.7 (n=3) | 47.4 (n=3) | 43.4 (n=3)
cald_shuf | 1130.8 (n=1) | 2052.0 (n=1) | 1554.5 (n=1) | 1523.3 (n=1) | 1810.6 (n=1) | 1952.4 (n=1)
fixed_end | 142.3 (n=3) | 138.1 (n=3) | 85.7 (n=3) | 43.9 (n=3) | 31.1 (n=3) | 28.4 (n=3)
fixed_start | 304.3 (n=5) | 478.4 (n=5) | 238.8 (n=5) | 101.6 (n=5) | 67.4 (n=5) | 61.2 (n=5)
negtok | 218.3 (n=5) | 248.0 (n=5) | 117.6 (n=5) | 59.9 (n=5) | 44.7 (n=5) | 39.8 (n=5)
not_random | 220.7 (n=3) | 231.8 (n=3) | 108.3 (n=3) | 57.3 (n=3) | 44.7 (n=3) | 41.2 (n=3)
parity_tok | 235.5 (n=5) | 188.0 (n=5) | 114.1 (n=5) | 61.9 (n=5) | 47.1 (n=5) | 42.7 (n=5)
parity_word | 208.9 (n=5) | 146.1 (n=5) | 100.4 (n=5) | 53.4 (n=5) | 40.6 (n=5) | 37.3 (n=5)
reverse_full | 443.5 (n=5) | 262.3 (n=5) | 215.8 (n=5) | 98.4 (n=5) | 73.2 (n=5) | 67.2 (n=5)
reverse_partial | 319.2 (n=3) | 189.3 (n=3) | 120.0 (n=3) | 67.2 (n=3) | 51.2 (n=3) | 46.6 (n=3)
shuffle_deterministic21 | 943.7 (n=3) | 788.9 (n=3) | 479.5 (n=3) | 297.5 (n=3) | 239.3 (n=3) | 205.6 (n=3)
shuffle_even_odd | 645.9 (n=3) | 544.1 (n=3) | 300.7 (n=3) | 113.0 (n=3) | 72.6 (n=3) | 63.5 (n=3)
shuffle_local10 | 848.8 (n=3) | 607.9 (n=3) | 385.9 (n=3) | 153.2 (n=3) | 105.8 (n=3) | 95.0 (n=3)
shuffle_local3 | 751.8 (n=3) | 540.9 (n=3) | 175.5 (n=3) | 103.1 (n=3) | 77.6 (n=3) | 69.9 (n=3)
shuffle_nondeterministic | 963.3 (n=3) | 877.5 (n=3) | 618.5 (n=3) | 455.8 (n=3) | 375.6 (n=3) | 337.5 (n=3)
SKIP experiments_v2/kallini_repro/results/babylm_parity_word_100M/seed0/exp1_result.json (already complete)
SKIP experiments_v2/kallini_repro/results/babylm_fixed_start_100M/seed0/exp1_result.json (already complete)
SKIP experiments_v2/kallini_repro/results/babylm_parity_tok_100M/seed0/exp1_result.json (already complete)
SKIP experiments_v2/kallini_repro/results/babylm_negtok_100M/seed0/exp1_result.json (already complete)
SKIP experiments_v2/kallini_repro/results/babylm_not_random_100M/seed0/exp1_result.json (already complete)
SKIP experiments_v2/kallini_repro/results/babylm_parity_word_100M/seed14/exp1_result.json (already complete)
SKIP experiments_v2/kallini_repro/results/babylm_fixed_start_100M/seed14/exp1_result.json (already complete)
SKIP experiments_v2/kallini_repro/results/babylm_parity_tok_100M/seed14/exp1_result.json (already complete)
SKIP experiments_v2/kallini_repro/results/babylm_negtok_100M/seed14/exp1_result.json (already complete)
SKIP experiments_v2/kallini_repro/results/babylm_not_random_100M/seed14/exp1_result.json (already complete)
SKIP experiments_v2/kallini_repro/results/babylm_parity_word_100M/seed41/exp1_result.json (already complete)
SKIP experiments_v2/kallini_repro/results/babylm_fixed_start_100M/seed41/exp1_result.json (already complete)
SKIP experiments_v2/kallini_repro/results/babylm_parity_tok_100M/seed41/exp1_result.json (already complete)
SKIP experiments_v2/kallini_repro/results/babylm_negtok_100M/seed41/exp1_result.json (already complete)
SKIP experiments_v2/kallini_repro/results/babylm_not_random_100M/seed41/exp1_result.json (already complete)
SKIP experiments_v2/kallini_repro/results/babylm_parity_word_100M/steps6000_seed0/exp1_result.json (already complete)
SKIP experiments_v2/kallini_repro/results/babylm_fixed_start_100M/steps6000_seed0/exp1_result.json (already complete)
SKIP experiments_v2/kallini_repro/results/babylm_shuffle_control_100M/steps6000_seed0/exp1_result.json (already complete)
SKIP experiments_v2/kallini_repro/results/babylm_shuffle_control_100M/seed0/exp1_result.json (already complete)
SKIP experiments_v2/kallini_repro/results/babylm_shuffle_nondeterministic_100M/seed0/exp1_result.json (already complete)
SKIP experiments_v2/kallini_repro/results/babylm_shuffle_deterministic21_100M/seed0/exp1_result.json (already complete)
SKIP experiments_v2/kallini_repro/results/babylm_shuffle_local3_100M/seed0/exp1_result.json (already complete)
SKIP experiments_v2/kallini_repro/results/babylm_shuffle_local10_100M/seed0/exp1_result.json (already complete)
SKIP experiments_v2/kallini_repro/results/babylm_shuffle_even_odd_100M/seed0/exp1_result.json (already complete)
SKIP experiments_v2/kallini_repro/results/babylm_reverse_control_100M/seed0/exp1_result.json (already complete)
SKIP experiments_v2/kallini_repro/results/babylm_reverse_partial_100M/seed0/exp1_result.json (already complete)
SKIP experiments_v2/kallini_repro/results/babylm_reverse_full_100M/seed0/exp1_result.json (already complete)
SKIP experiments_v2/kallini_repro/results/babylm_shuffle_control_100M/seed14/exp1_result.json (already complete)
SKIP experiments_v2/kallini_repro/results/babylm_shuffle_nondeterministic_100M/seed14/exp1_result.json (already complete)
SKIP experiments_v2/kallini_repro/results/babylm_shuffle_deterministic21_100M/seed14/exp1_result.json (already complete)
SKIP experiments_v2/kallini_repro/results/babylm_shuffle_local3_100M/seed14/exp1_result.json (already complete)
SKIP experiments_v2/kallini_repro/results/babylm_shuffle_local10_100M/seed14/exp1_result.json (already complete)
SKIP experiments_v2/kallini_repro/results/babylm_shuffle_even_odd_100M/seed14/exp1_result.json (already complete)
SKIP experiments_v2/kallini_repro/results/babylm_reverse_control_100M/seed14/exp1_result.json (already complete)
SKIP experiments_v2/kallini_repro/results/babylm_reverse_partial_100M/seed14/exp1_result.json (already complete)
SKIP experiments_v2/kallini_repro/results/babylm_reverse_full_100M/seed14/exp1_result.json (already complete)
SKIP experiments_v2/kallini_repro/results/babylm_shuffle_control_100M/seed41/exp1_result.json (already complete)
SKIP experiments_v2/kallini_repro/results/babylm_shuffle_nondeterministic_100M/seed41/exp1_result.json (already complete)
SKIP experiments_v2/kallini_repro/results/babylm_shuffle_deterministic21_100M/seed41/exp1_result.json (already complete)
SKIP experiments_v2/kallini_repro/results/babylm_shuffle_local3_100M/seed41/exp1_result.json (already complete)
SKIP experiments_v2/kallini_repro/results/babylm_shuffle_local10_100M/seed41/exp1_result.json (already complete)
SKIP experiments_v2/kallini_repro/results/babylm_shuffle_even_odd_100M/seed41/exp1_result.json (already complete)
SKIP experiments_v2/kallini_repro/results/babylm_reverse_control_100M/seed41/exp1_result.json (already complete)
SKIP experiments_v2/kallini_repro/results/babylm_reverse_partial_100M/seed41/exp1_result.json (already complete)
SKIP experiments_v2/kallini_repro/results/babylm_reverse_full_100M/seed41/exp1_result.json (already complete)
SKIP experiments_v2/kallini_repro/results/babylm_shuffle_control_100M/seed53/exp1_result.json (already complete)
SKIP experiments_v2/kallini_repro/results/babylm_reverse_full_100M/seed53/exp1_result.json (already complete)
SKIP experiments_v2/kallini_repro/results/babylm_parity_word_100M/seed53/exp1_result.json (already complete)
SKIP experiments_v2/kallini_repro/results/babylm_fixed_start_100M/seed53/exp1_result.json (already complete)
SKIP experiments_v2/kallini_repro/results/babylm_parity_tok_100M/seed53/exp1_result.json (already complete)
SKIP experiments_v2/kallini_repro/results/babylm_negtok_100M/seed53/exp1_result.json (already complete)
SKIP experiments_v2/kallini_repro/results/babylm_shuffle_control_100M/seed96/exp1_result.json (already complete)
SKIP experiments_v2/kallini_repro/results/babylm_reverse_full_100M/seed96/exp1_result.json (already complete)
SKIP experiments_v2/kallini_repro/results/babylm_parity_word_100M/seed96/exp1_result.json (already complete)
SKIP experiments_v2/kallini_repro/results/babylm_fixed_start_100M/seed96/exp1_result.json (already complete)
SKIP experiments_v2/kallini_repro/results/babylm_parity_tok_100M/seed96/exp1_result.json (already complete)
SKIP experiments_v2/kallini_repro/results/babylm_negtok_100M/seed96/exp1_result.json (already complete)
SKIP experiments_v2/kallini_repro/results/babylm_fixed_end_100M/seed0/exp1_result.json (already complete)
SKIP experiments_v2/kallini_repro/results/babylm_fixed_end_100M/seed14/exp1_result.json (already complete)
SKIP experiments_v2/kallini_repro/results/babylm_fixed_end_100M/seed41/exp1_result.json (already complete)
SKIP experiments_v2/kallini_repro/results/babylm_shuffle_control_100M/steps6000_seed14/exp1_result.json (already complete)
SKIP experiments_v2/kallini_repro/results/babylm_parity_word_100M/steps6000_seed14/exp1_result.json (already complete)
SKIP experiments_v2/kallini_repro/results/babylm_shuffle_control_100M/steps6000_seed41/exp1_result.json (already complete)
SKIP experiments_v2/kallini_repro/results/babylm_parity_word_100M/steps6000_seed41/exp1_result.json (already complete)
SKIP experiments_v2/kallini_repro/results/babylm_shuffle_control_100M/steps9000_seed0/exp1_result.json (already complete)
SKIP experiments_v2/kallini_repro/results/babylm_parity_word_100M/steps9000_seed0/exp1_result.json (already complete)
wrote /root/llm-impossible/experiments_v2/kallini_repro/results/exp1_summary.csv and /root/llm-impossible/experiments_v2/kallini_repro/results/exp1_summary.md
# Experiment 1 reproduction — geometric-mean test PPL

language | step 100 | step 300 | step 500 | step 1000 | step 2000 | step 3000
--- | --- | --- | --- | --- | --- | ---
shuffle_control | 298.3 (n=5) | 143.9 (n=5) | 199.1 (n=5) | 82.9 (n=5) | 52.6 (n=5) | 47.2 (n=5)
reverse_control | 280.5 (n=3) | 204.4 (n=3) | 116.2 (n=3) | 61.7 (n=3) | 47.4 (n=3) | 43.4 (n=3)
cald_shuf | 1130.8 (n=1) | 2052.0 (n=1) | 1554.5 (n=1) | 1523.3 (n=1) | 1810.6 (n=1) | 1952.4 (n=1)
fixed_end | 142.3 (n=3) | 138.1 (n=3) | 85.7 (n=3) | 43.9 (n=3) | 31.1 (n=3) | 28.4 (n=3)
fixed_start | 304.3 (n=5) | 478.4 (n=5) | 238.8 (n=5) | 101.6 (n=5) | 67.4 (n=5) | 61.2 (n=5)
negtok | 218.3 (n=5) | 248.0 (n=5) | 117.6 (n=5) | 59.9 (n=5) | 44.7 (n=5) | 39.8 (n=5)
not_random | 220.7 (n=3) | 231.8 (n=3) | 108.3 (n=3) | 57.3 (n=3) | 44.7 (n=3) | 41.2 (n=3)
parity_tok | 235.5 (n=5) | 188.0 (n=5) | 114.1 (n=5) | 61.9 (n=5) | 47.1 (n=5) | 42.7 (n=5)
parity_word | 208.9 (n=5) | 146.1 (n=5) | 100.4 (n=5) | 53.4 (n=5) | 40.6 (n=5) | 37.3 (n=5)
reverse_full | 443.5 (n=5) | 262.3 (n=5) | 215.8 (n=5) | 98.4 (n=5) | 73.2 (n=5) | 67.2 (n=5)
reverse_partial | 319.2 (n=3) | 189.3 (n=3) | 120.0 (n=3) | 67.2 (n=3) | 51.2 (n=3) | 46.6 (n=3)
shuffle_deterministic21 | 943.7 (n=3) | 788.9 (n=3) | 479.5 (n=3) | 297.5 (n=3) | 239.3 (n=3) | 205.6 (n=3)
shuffle_even_odd | 645.9 (n=3) | 544.1 (n=3) | 300.7 (n=3) | 113.0 (n=3) | 72.6 (n=3) | 63.5 (n=3)
shuffle_local10 | 848.8 (n=3) | 607.9 (n=3) | 385.9 (n=3) | 153.2 (n=3) | 105.8 (n=3) | 95.0 (n=3)
shuffle_local3 | 751.8 (n=3) | 540.9 (n=3) | 175.5 (n=3) | 103.1 (n=3) | 77.6 (n=3) | 69.9 (n=3)
shuffle_nondeterministic | 963.3 (n=3) | 877.5 (n=3) | 618.5 (n=3) | 455.8 (n=3) | 375.6 (n=3) | 337.5 (n=3)
SKIP experiments_v2/kallini_repro/results/babylm_parity_word_100M/seed0/exp1_result.json (already complete)
SKIP experiments_v2/kallini_repro/results/babylm_fixed_start_100M/seed0/exp1_result.json (already complete)
SKIP experiments_v2/kallini_repro/results/babylm_parity_tok_100M/seed0/exp1_result.json (already complete)
SKIP experiments_v2/kallini_repro/results/babylm_negtok_100M/seed0/exp1_result.json (already complete)
SKIP experiments_v2/kallini_repro/results/babylm_not_random_100M/seed0/exp1_result.json (already complete)
SKIP experiments_v2/kallini_repro/results/babylm_parity_word_100M/seed14/exp1_result.json (already complete)
SKIP experiments_v2/kallini_repro/results/babylm_fixed_start_100M/seed14/exp1_result.json (already complete)
SKIP experiments_v2/kallini_repro/results/babylm_parity_tok_100M/seed14/exp1_result.json (already complete)
SKIP experiments_v2/kallini_repro/results/babylm_negtok_100M/seed14/exp1_result.json (already complete)
SKIP experiments_v2/kallini_repro/results/babylm_not_random_100M/seed14/exp1_result.json (already complete)
SKIP experiments_v2/kallini_repro/results/babylm_parity_word_100M/seed41/exp1_result.json (already complete)
SKIP experiments_v2/kallini_repro/results/babylm_fixed_start_100M/seed41/exp1_result.json (already complete)
SKIP experiments_v2/kallini_repro/results/babylm_parity_tok_100M/seed41/exp1_result.json (already complete)
SKIP experiments_v2/kallini_repro/results/babylm_negtok_100M/seed41/exp1_result.json (already complete)
SKIP experiments_v2/kallini_repro/results/babylm_not_random_100M/seed41/exp1_result.json (already complete)
SKIP experiments_v2/kallini_repro/results/babylm_parity_word_100M/steps6000_seed0/exp1_result.json (already complete)
SKIP experiments_v2/kallini_repro/results/babylm_fixed_start_100M/steps6000_seed0/exp1_result.json (already complete)
SKIP experiments_v2/kallini_repro/results/babylm_shuffle_control_100M/steps6000_seed0/exp1_result.json (already complete)
SKIP experiments_v2/kallini_repro/results/babylm_shuffle_control_100M/seed0/exp1_result.json (already complete)
SKIP experiments_v2/kallini_repro/results/babylm_shuffle_nondeterministic_100M/seed0/exp1_result.json (already complete)
SKIP experiments_v2/kallini_repro/results/babylm_shuffle_deterministic21_100M/seed0/exp1_result.json (already complete)
SKIP experiments_v2/kallini_repro/results/babylm_shuffle_local3_100M/seed0/exp1_result.json (already complete)
SKIP experiments_v2/kallini_repro/results/babylm_shuffle_local10_100M/seed0/exp1_result.json (already complete)
SKIP experiments_v2/kallini_repro/results/babylm_shuffle_even_odd_100M/seed0/exp1_result.json (already complete)
SKIP experiments_v2/kallini_repro/results/babylm_reverse_control_100M/seed0/exp1_result.json (already complete)
SKIP experiments_v2/kallini_repro/results/babylm_reverse_partial_100M/seed0/exp1_result.json (already complete)
SKIP experiments_v2/kallini_repro/results/babylm_reverse_full_100M/seed0/exp1_result.json (already complete)
SKIP experiments_v2/kallini_repro/results/babylm_shuffle_control_100M/seed14/exp1_result.json (already complete)
SKIP experiments_v2/kallini_repro/results/babylm_shuffle_nondeterministic_100M/seed14/exp1_result.json (already complete)
SKIP experiments_v2/kallini_repro/results/babylm_shuffle_deterministic21_100M/seed14/exp1_result.json (already complete)
SKIP experiments_v2/kallini_repro/results/babylm_shuffle_local3_100M/seed14/exp1_result.json (already complete)
SKIP experiments_v2/kallini_repro/results/babylm_shuffle_local10_100M/seed14/exp1_result.json (already complete)
SKIP experiments_v2/kallini_repro/results/babylm_shuffle_even_odd_100M/seed14/exp1_result.json (already complete)
SKIP experiments_v2/kallini_repro/results/babylm_reverse_control_100M/seed14/exp1_result.json (already complete)
SKIP experiments_v2/kallini_repro/results/babylm_reverse_partial_100M/seed14/exp1_result.json (already complete)
SKIP experiments_v2/kallini_repro/results/babylm_reverse_full_100M/seed14/exp1_result.json (already complete)
SKIP experiments_v2/kallini_repro/results/babylm_shuffle_control_100M/seed41/exp1_result.json (already complete)
SKIP experiments_v2/kallini_repro/results/babylm_shuffle_nondeterministic_100M/seed41/exp1_result.json (already complete)
SKIP experiments_v2/kallini_repro/results/babylm_shuffle_deterministic21_100M/seed41/exp1_result.json (already complete)
SKIP experiments_v2/kallini_repro/results/babylm_shuffle_local3_100M/seed41/exp1_result.json (already complete)
SKIP experiments_v2/kallini_repro/results/babylm_shuffle_local10_100M/seed41/exp1_result.json (already complete)
SKIP experiments_v2/kallini_repro/results/babylm_shuffle_even_odd_100M/seed41/exp1_result.json (already complete)
SKIP experiments_v2/kallini_repro/results/babylm_reverse_control_100M/seed41/exp1_result.json (already complete)
SKIP experiments_v2/kallini_repro/results/babylm_reverse_partial_100M/seed41/exp1_result.json (already complete)
SKIP experiments_v2/kallini_repro/results/babylm_reverse_full_100M/seed41/exp1_result.json (already complete)
SKIP experiments_v2/kallini_repro/results/babylm_shuffle_control_100M/seed53/exp1_result.json (already complete)
SKIP experiments_v2/kallini_repro/results/babylm_reverse_full_100M/seed53/exp1_result.json (already complete)
SKIP experiments_v2/kallini_repro/results/babylm_parity_word_100M/seed53/exp1_result.json (already complete)
SKIP experiments_v2/kallini_repro/results/babylm_fixed_start_100M/seed53/exp1_result.json (already complete)
SKIP experiments_v2/kallini_repro/results/babylm_parity_tok_100M/seed53/exp1_result.json (already complete)
SKIP experiments_v2/kallini_repro/results/babylm_negtok_100M/seed53/exp1_result.json (already complete)
SKIP experiments_v2/kallini_repro/results/babylm_shuffle_control_100M/seed96/exp1_result.json (already complete)
SKIP experiments_v2/kallini_repro/results/babylm_reverse_full_100M/seed96/exp1_result.json (already complete)
SKIP experiments_v2/kallini_repro/results/babylm_parity_word_100M/seed96/exp1_result.json (already complete)
SKIP experiments_v2/kallini_repro/results/babylm_fixed_start_100M/seed96/exp1_result.json (already complete)
SKIP experiments_v2/kallini_repro/results/babylm_parity_tok_100M/seed96/exp1_result.json (already complete)
SKIP experiments_v2/kallini_repro/results/babylm_negtok_100M/seed96/exp1_result.json (already complete)
SKIP experiments_v2/kallini_repro/results/babylm_fixed_end_100M/seed0/exp1_result.json (already complete)
SKIP experiments_v2/kallini_repro/results/babylm_fixed_end_100M/seed14/exp1_result.json (already complete)
SKIP experiments_v2/kallini_repro/results/babylm_fixed_end_100M/seed41/exp1_result.json (already complete)
SKIP experiments_v2/kallini_repro/results/babylm_shuffle_control_100M/steps6000_seed14/exp1_result.json (already complete)
SKIP experiments_v2/kallini_repro/results/babylm_parity_word_100M/steps6000_seed14/exp1_result.json (already complete)
SKIP experiments_v2/kallini_repro/results/babylm_shuffle_control_100M/steps6000_seed41/exp1_result.json (already complete)
SKIP experiments_v2/kallini_repro/results/babylm_parity_word_100M/steps6000_seed41/exp1_result.json (already complete)
SKIP experiments_v2/kallini_repro/results/babylm_shuffle_control_100M/steps9000_seed0/exp1_result.json (already complete)
SKIP experiments_v2/kallini_repro/results/babylm_parity_word_100M/steps9000_seed0/exp1_result.json (already complete)
wrote /root/llm-impossible/experiments_v2/kallini_repro/results/exp1_summary.csv and /root/llm-impossible/experiments_v2/kallini_repro/results/exp1_summary.md
# Experiment 1 reproduction — geometric-mean test PPL

language | step 100 | step 300 | step 500 | step 1000 | step 2000 | step 3000
--- | --- | --- | --- | --- | --- | ---
shuffle_control | 298.3 (n=5) | 143.9 (n=5) | 199.1 (n=5) | 82.9 (n=5) | 52.6 (n=5) | 47.2 (n=5)
reverse_control | 280.5 (n=3) | 204.4 (n=3) | 116.2 (n=3) | 61.7 (n=3) | 47.4 (n=3) | 43.4 (n=3)
cald_shuf | 1130.8 (n=1) | 2052.0 (n=1) | 1554.5 (n=1) | 1523.3 (n=1) | 1810.6 (n=1) | 1952.4 (n=1)
fixed_end | 142.3 (n=3) | 138.1 (n=3) | 85.7 (n=3) | 43.9 (n=3) | 31.1 (n=3) | 28.4 (n=3)
fixed_start | 304.3 (n=5) | 478.4 (n=5) | 238.8 (n=5) | 101.6 (n=5) | 67.4 (n=5) | 61.2 (n=5)
negtok | 218.3 (n=5) | 248.0 (n=5) | 117.6 (n=5) | 59.9 (n=5) | 44.7 (n=5) | 39.8 (n=5)
not_random | 220.7 (n=3) | 231.8 (n=3) | 108.3 (n=3) | 57.3 (n=3) | 44.7 (n=3) | 41.2 (n=3)
parity_tok | 235.5 (n=5) | 188.0 (n=5) | 114.1 (n=5) | 61.9 (n=5) | 47.1 (n=5) | 42.7 (n=5)
parity_word | 208.9 (n=5) | 146.1 (n=5) | 100.4 (n=5) | 53.4 (n=5) | 40.6 (n=5) | 37.3 (n=5)
reverse_full | 443.5 (n=5) | 262.3 (n=5) | 215.8 (n=5) | 98.4 (n=5) | 73.2 (n=5) | 67.2 (n=5)
reverse_partial | 319.2 (n=3) | 189.3 (n=3) | 120.0 (n=3) | 67.2 (n=3) | 51.2 (n=3) | 46.6 (n=3)
shuffle_deterministic21 | 943.7 (n=3) | 788.9 (n=3) | 479.5 (n=3) | 297.5 (n=3) | 239.3 (n=3) | 205.6 (n=3)
shuffle_even_odd | 645.9 (n=3) | 544.1 (n=3) | 300.7 (n=3) | 113.0 (n=3) | 72.6 (n=3) | 63.5 (n=3)
shuffle_local10 | 848.8 (n=3) | 607.9 (n=3) | 385.9 (n=3) | 153.2 (n=3) | 105.8 (n=3) | 95.0 (n=3)
shuffle_local3 | 751.8 (n=3) | 540.9 (n=3) | 175.5 (n=3) | 103.1 (n=3) | 77.6 (n=3) | 69.9 (n=3)
shuffle_nondeterministic | 963.3 (n=3) | 877.5 (n=3) | 618.5 (n=3) | 455.8 (n=3) | 375.6 (n=3) | 337.5 (n=3)
SKIP experiments_v2/kallini_repro/results/babylm_parity_word_100M/seed0/exp1_result.json (already complete)
SKIP experiments_v2/kallini_repro/results/babylm_fixed_start_100M/seed0/exp1_result.json (already complete)
SKIP experiments_v2/kallini_repro/results/babylm_parity_tok_100M/seed0/exp1_result.json (already complete)
SKIP experiments_v2/kallini_repro/results/babylm_negtok_100M/seed0/exp1_result.json (already complete)
SKIP experiments_v2/kallini_repro/results/babylm_not_random_100M/seed0/exp1_result.json (already complete)
SKIP experiments_v2/kallini_repro/results/babylm_parity_word_100M/seed14/exp1_result.json (already complete)
SKIP experiments_v2/kallini_repro/results/babylm_fixed_start_100M/seed14/exp1_result.json (already complete)
SKIP experiments_v2/kallini_repro/results/babylm_parity_tok_100M/seed14/exp1_result.json (already complete)
SKIP experiments_v2/kallini_repro/results/babylm_negtok_100M/seed14/exp1_result.json (already complete)
SKIP experiments_v2/kallini_repro/results/babylm_not_random_100M/seed14/exp1_result.json (already complete)
SKIP experiments_v2/kallini_repro/results/babylm_parity_word_100M/seed41/exp1_result.json (already complete)
SKIP experiments_v2/kallini_repro/results/babylm_fixed_start_100M/seed41/exp1_result.json (already complete)
SKIP experiments_v2/kallini_repro/results/babylm_parity_tok_100M/seed41/exp1_result.json (already complete)
SKIP experiments_v2/kallini_repro/results/babylm_negtok_100M/seed41/exp1_result.json (already complete)
SKIP experiments_v2/kallini_repro/results/babylm_not_random_100M/seed41/exp1_result.json (already complete)
SKIP experiments_v2/kallini_repro/results/babylm_parity_word_100M/steps6000_seed0/exp1_result.json (already complete)
SKIP experiments_v2/kallini_repro/results/babylm_fixed_start_100M/steps6000_seed0/exp1_result.json (already complete)
SKIP experiments_v2/kallini_repro/results/babylm_shuffle_control_100M/steps6000_seed0/exp1_result.json (already complete)
SKIP experiments_v2/kallini_repro/results/babylm_shuffle_control_100M/seed0/exp1_result.json (already complete)
SKIP experiments_v2/kallini_repro/results/babylm_shuffle_nondeterministic_100M/seed0/exp1_result.json (already complete)
SKIP experiments_v2/kallini_repro/results/babylm_shuffle_deterministic21_100M/seed0/exp1_result.json (already complete)
SKIP experiments_v2/kallini_repro/results/babylm_shuffle_local3_100M/seed0/exp1_result.json (already complete)
SKIP experiments_v2/kallini_repro/results/babylm_shuffle_local10_100M/seed0/exp1_result.json (already complete)
