remote: 
remote: Create a pull request for 'v2-results-ladder-probe' on GitHub by visiting:        
remote:      https://github.com/xieguaiwu/LLMs-and-impossible-language-acquisition/pull/new/v2-results-ladder-probe        
remote: 
To https://github.com/xieguaiwu/LLMs-and-impossible-language-acquisition.git
 * [new branch]      8ae4852e5f7789214a55e0216fc5d960b8413e6f -> v2-results-ladder-probe
[2026-10-03T06:18:41+08:00] incremental publish OK -> v2-results-ladder-probe (cells=0)
To https://github.com/xieguaiwu/LLMs-and-impossible-language-acquisition.git
 + 8ae4852...06a4888 06a4888ff91abdfa73699c9d48e9ccebf105d1f6 -> v2-results-ladder-probe (forced update)
[2026-10-03T06:33:10+08:00] incremental publish OK -> v2-results-ladder-probe (cells=0)
To https://github.com/xieguaiwu/LLMs-and-impossible-language-acquisition.git
 + 06a4888...6147cf7 6147cf746ede312c575239328e64490c9ecc1207 -> v2-results-ladder-probe (forced update)
[2026-10-03T06:47:27+08:00] incremental publish OK -> v2-results-ladder-probe (cells=0)
To https://github.com/xieguaiwu/LLMs-and-impossible-language-acquisition.git
 + 6147cf7...c74f904 c74f9048933229b67210724187e11db83cb96410 -> v2-results-ladder-probe (forced update)
[2026-10-03T07:01:33+08:00] incremental publish OK -> v2-results-ladder-probe (cells=0)
To https://github.com/xieguaiwu/LLMs-and-impossible-language-acquisition.git
 + c74f904...d25194a d25194af5e4ca00951ca2336df61ec75e9e5b10a -> v2-results-ladder-probe (forced update)
[2026-10-03T07:16:00+08:00] incremental publish OK -> v2-results-ladder-probe (cells=0)
To https://github.com/xieguaiwu/LLMs-and-impossible-language-acquisition.git
 + d25194a...357458b 357458b9ee1dfa5adfbb2ef07fafcb04ac7da20b -> v2-results-ladder-probe (forced update)
[2026-10-03T07:30:28+08:00] incremental publish OK -> v2-results-ladder-probe (cells=0)
To https://github.com/xieguaiwu/LLMs-and-impossible-language-acquisition.git
 + 357458b...73d1bb5 73d1bb593374433a1fefe158f180ea6ee5572aaa -> v2-results-ladder-probe (forced update)
[2026-10-03T07:44:49+08:00] incremental publish OK -> v2-results-ladder-probe (cells=0)
To https://github.com/xieguaiwu/LLMs-and-impossible-language-acquisition.git
 + 73d1bb5...d6b1528 d6b15284cf11ddf10373c3507669d5b916aa333b -> v2-results-ladder-probe (forced update)
[2026-10-03T07:58:46+08:00] incremental publish OK -> v2-results-ladder-probe (cells=0)
To https://github.com/xieguaiwu/LLMs-and-impossible-language-acquisition.git
 + d6b1528...469bf65 469bf6578f71a663a12added3b758b06e345623b -> v2-results-ladder-probe (forced update)
[2026-10-03T08:12:53+08:00] incremental publish OK -> v2-results-ladder-probe (cells=0)
To https://github.com/xieguaiwu/LLMs-and-impossible-language-acquisition.git
 + 469bf65...4bfe6ff 4bfe6ffc411c85ad4744c903afab24b85b2206d2 -> v2-results-ladder-probe (forced update)
[2026-10-03T22:30:38+08:00] incremental publish OK -> v2-results-ladder-probe (cells=0)
To https://github.com/xieguaiwu/LLMs-and-impossible-language-acquisition.git
 + 4bfe6ff...76b232c 76b232c50859a1984a4761d4666a2572b5145e9f -> v2-results-ladder-probe (forced update)
[2026-10-04T07:47:23+08:00] incremental publish OK -> v2-results-ladder-probe (cells=0)
To https://github.com/xieguaiwu/LLMs-and-impossible-language-acquisition.git
 + 76b232c...2cabf6c 2cabf6ce6213e316374e32f23779b4cda04df486 -> v2-results-ladder-probe (forced update)
[2026-10-04T07:59:29+08:00] incremental publish OK -> v2-results-ladder-probe (cells=0)
To https://github.com/xieguaiwu/LLMs-and-impossible-language-acquisition.git
 + 2cabf6c...886b5c0 886b5c0d1e4eed45744005844e14ee19fe51f2a3 -> v2-results-ladder-probe (forced update)
[2026-10-04T08:11:33+08:00] incremental publish OK -> v2-results-ladder-probe (cells=0)
To https://github.com/xieguaiwu/LLMs-and-impossible-language-acquisition.git
 + 886b5c0...5b3665a 5b3665a45f10692cf1f07bf62235b296df8d1ed9 -> v2-results-ladder-probe (forced update)
[2026-10-04T08:23:48+08:00] incremental publish OK -> v2-results-ladder-probe (cells=0)
To https://github.com/xieguaiwu/LLMs-and-impossible-language-acquisition.git
 + 5b3665a...af58ad5 af58ad5466eb485cb7a2f5f6adef4c74af00e65e -> v2-results-ladder-probe (forced update)
[2026-10-04T08:36:04+08:00] incremental publish OK -> v2-results-ladder-probe (cells=0)
To https://github.com/xieguaiwu/LLMs-and-impossible-language-acquisition.git
 + af58ad5...279c149 279c1490a6b66c7968a595892d10820e1d0a7b4f -> v2-results-ladder-probe (forced update)
[2026-10-04T08:48:17+08:00] incremental publish OK -> v2-results-ladder-probe (cells=0)
To https://github.com/xieguaiwu/LLMs-and-impossible-language-acquisition.git
 + 279c149...cb739f6 cb739f67710f49a81e8cd6c10f923e139635d605 -> v2-results-ladder-probe (forced update)
[2026-10-04T09:00:08+08:00] incremental publish OK -> v2-results-ladder-probe (cells=0)
To https://github.com/xieguaiwu/LLMs-and-impossible-language-acquisition.git
 + cb739f6...3dbad63 3dbad6356dca36e7c6691358b0cd50eb92a45fa1 -> v2-results-ladder-probe (forced update)
[2026-10-04T09:12:17+08:00] incremental publish OK -> v2-results-ladder-probe (cells=0)
To https://github.com/xieguaiwu/LLMs-and-impossible-language-acquisition.git
 + 3dbad63...c1287a5 c1287a52d3277c6be06440c1eadde4622dc739d9 -> v2-results-ladder-probe (forced update)
[2026-10-04T09:24:25+08:00] incremental publish OK -> v2-results-ladder-probe (cells=0)
To https://github.com/xieguaiwu/LLMs-and-impossible-language-acquisition.git
 + c1287a5...26bac02 26bac024f33c7c9d99f4b4bddf36222442016807 -> v2-results-ladder-probe (forced update)
[2026-10-04T09:36:24+08:00] incremental publish OK -> v2-results-ladder-probe (cells=0)
To https://github.com/xieguaiwu/LLMs-and-impossible-language-acquisition.git
 + 26bac02...c946aa4 c946aa4b59eba98f9ce998db611430c2e0672d5c -> v2-results-ladder-probe (forced update)
[2026-10-04T09:48:36+08:00] incremental publish OK -> v2-results-ladder-probe (cells=0)
To https://github.com/xieguaiwu/LLMs-and-impossible-language-acquisition.git
 + c946aa4...3367c85 3367c85934e147f420f542aa9af350b7f88ba642 -> v2-results-ladder-probe (forced update)
[2026-10-04T10:00:45+08:00] incremental publish OK -> v2-results-ladder-probe (cells=0)
To https://github.com/xieguaiwu/LLMs-and-impossible-language-acquisition.git
 + 3367c85...f1972db f1972dbd931e4dee47fa1769e91ab5a08cfda2ce -> v2-results-ladder-probe (forced update)
[2026-10-04T10:13:00+08:00] incremental publish OK -> v2-results-ladder-probe (cells=0)
To https://github.com/xieguaiwu/LLMs-and-impossible-language-acquisition.git
 + f1972db...1ffaad4 1ffaad4a1cceeef9acf72d54e456cbaa41a09b55 -> v2-results-ladder-probe (forced update)
[2026-10-04T10:25:10+08:00] incremental publish OK -> v2-results-ladder-probe (cells=0)
To https://github.com/xieguaiwu/LLMs-and-impossible-language-acquisition.git
 + 1ffaad4...7edc222 7edc222af95c5cb3cadffd4eef76b2ccbff600d9 -> v2-results-ladder-probe (forced update)
[2026-10-04T10:37:51+08:00] incremental publish OK -> v2-results-ladder-probe (cells=0)
To https://github.com/xieguaiwu/LLMs-and-impossible-language-acquisition.git
 + 7edc222...075b985 075b985460ca861668fc7895be3c85450f3249b3 -> v2-results-ladder-probe (forced update)
[2026-10-04T10:51:30+08:00] incremental publish OK -> v2-results-ladder-probe (cells=0)
To https://github.com/xieguaiwu/LLMs-and-impossible-language-acquisition.git
 + 075b985...f2b3557 f2b35578a1ba922a61acbbb192f3e4c37012affb -> v2-results-ladder-probe (forced update)
[2026-10-04T11:04:34+08:00] incremental publish OK -> v2-results-ladder-probe (cells=0)
To https://github.com/xieguaiwu/LLMs-and-impossible-language-acquisition.git
 + f2b3557...fc98a86 fc98a86fc16477a9c4bcaab3116f94116f0a8f73 -> v2-results-ladder-probe (forced update)
[2026-10-04T11:16:58+08:00] incremental publish OK -> v2-results-ladder-probe (cells=0)
To https://github.com/xieguaiwu/LLMs-and-impossible-language-acquisition.git
 + fc98a86...79ba719 79ba719bea44f5575cb09517239a47703283d6a3 -> v2-results-ladder-probe (forced update)
[2026-10-04T11:29:17+08:00] incremental publish OK -> v2-results-ladder-probe (cells=0)
To https://github.com/xieguaiwu/LLMs-and-impossible-language-acquisition.git
 + 79ba719...72baae4 72baae4e077a576a8bd40278114c0bba111c0bab -> v2-results-ladder-probe (forced update)
[2026-10-04T11:41:43+08:00] incremental publish OK -> v2-results-ladder-probe (cells=0)
fatal: 无法访问 'https://github.com/xieguaiwu/LLMs-and-impossible-language-acquisition.git/'：gnutls_handshake() failed: The TLS connection was non-properly terminated.
[2026-10-04T11:54:04+08:00] incremental publish FAILED (cells=0)
To https://github.com/xieguaiwu/LLMs-and-impossible-language-acquisition.git
 + 72baae4...e9d0ce4 e9d0ce4bace2d3a2ab46826e1b1dc08501a76a04 -> v2-results-ladder-probe (forced update)
[2026-10-04T12:07:14+08:00] incremental publish OK -> v2-results-ladder-probe (cells=0)
To https://github.com/xieguaiwu/LLMs-and-impossible-language-acquisition.git
 + e9d0ce4...d6a87d2 d6a87d22f783087252a3e16230be4fc077c06f3c -> v2-results-ladder-probe (forced update)
[2026-10-04T12:19:40+08:00] incremental publish OK -> v2-results-ladder-probe (cells=0)
To https://github.com/xieguaiwu/LLMs-and-impossible-language-acquisition.git
 + d6a87d2...37c0931 37c0931cae19acf589da73ea1e7137ebf1273430 -> v2-results-ladder-probe (forced update)
[2026-10-04T12:31:54+08:00] incremental publish OK -> v2-results-ladder-probe (cells=0)
To https://github.com/xieguaiwu/LLMs-and-impossible-language-acquisition.git
 + 37c0931...8fc815f 8fc815f84ac5f4d7eb20d193e5da2a7e92fde294 -> v2-results-ladder-probe (forced update)
[2026-10-04T12:44:07+08:00] incremental publish OK -> v2-results-ladder-probe (cells=0)
To https://github.com/xieguaiwu/LLMs-and-impossible-language-acquisition.git
 + 8fc815f...e45b713 e45b71311a2277a15e69f38b7ae045e491cd8c72 -> v2-results-ladder-probe (forced update)
[2026-10-04T12:56:36+08:00] incremental publish OK -> v2-results-ladder-probe (cells=0)
To https://github.com/xieguaiwu/LLMs-and-impossible-language-acquisition.git
 + e45b713...851677a 851677a58ab784ed390b3c0e2a44a5aabf79afd1 -> v2-results-ladder-probe (forced update)
[2026-10-04T13:09:46+08:00] incremental publish OK -> v2-results-ladder-probe (cells=0)
To https://github.com/xieguaiwu/LLMs-and-impossible-language-acquisition.git
 + 851677a...ebfe22d ebfe22d8eac9740d21776dbb9d0ed7cb29ea9903 -> v2-results-ladder-probe (forced update)
[2026-10-04T13:22:51+08:00] incremental publish OK -> v2-results-ladder-probe (cells=0)
To https://github.com/xieguaiwu/LLMs-and-impossible-language-acquisition.git
 + ebfe22d...b05452e b05452e773283b2c530e9b88957ad6c0e313f846 -> v2-results-ladder-probe (forced update)
[2026-10-04T13:36:08+08:00] incremental publish OK -> v2-results-ladder-probe (cells=0)
To https://github.com/xieguaiwu/LLMs-and-impossible-language-acquisition.git
 + b05452e...9f40f60 9f40f60a8260b514d778bb634f2cbcc5deec3b22 -> v2-results-ladder-probe (forced update)
[2026-10-04T13:49:28+08:00] incremental publish OK -> v2-results-ladder-probe (cells=0)
To https://github.com/xieguaiwu/LLMs-and-impossible-language-acquisition.git
 + 9f40f60...cf5fe7a cf5fe7a3d6cb79679da998858ac2f57c3e9d5da4 -> v2-results-ladder-probe (forced update)
[2026-10-04T14:02:37+08:00] incremental publish OK -> v2-results-ladder-probe (cells=0)
To https://github.com/xieguaiwu/LLMs-and-impossible-language-acquisition.git
 + cf5fe7a...c653196 c653196545f62eab152428c2e342ae70f1062e36 -> v2-results-ladder-probe (forced update)
[2026-10-04T14:16:35+08:00] incremental publish OK -> v2-results-ladder-probe (cells=0)
To https://github.com/xieguaiwu/LLMs-and-impossible-language-acquisition.git
 + c653196...7d0d3dc 7d0d3dcacf2217769995d8bdb7776ac4c2295e4f -> v2-results-ladder-probe (forced update)
[2026-10-04T14:30:14+08:00] incremental publish OK -> v2-results-ladder-probe (cells=0)
To https://github.com/xieguaiwu/LLMs-and-impossible-language-acquisition.git
 + 7d0d3dc...ad0bc8c ad0bc8c7f330ce4ea716d2b2539824acf23ea3e7 -> v2-results-ladder-probe (forced update)
[2026-10-04T14:44:57+08:00] incremental publish OK -> v2-results-ladder-probe (cells=0)
To https://github.com/xieguaiwu/LLMs-and-impossible-language-acquisition.git
 + ad0bc8c...05ae6c9 05ae6c9cdedc590e61ed71992832a57fbf9da72d -> v2-results-ladder-probe (forced update)
[2026-10-04T14:58:28+08:00] incremental publish OK -> v2-results-ladder-probe (cells=0)
To https://github.com/xieguaiwu/LLMs-and-impossible-language-acquisition.git
 + 05ae6c9...4ce7aab 4ce7aab959acb972e2da4fe9924734ada9e390f8 -> v2-results-ladder-probe (forced update)
[2026-10-04T15:11:55+08:00] incremental publish OK -> v2-results-ladder-probe (cells=0)
To https://github.com/xieguaiwu/LLMs-and-impossible-language-acquisition.git
 + 4ce7aab...bd2a3d0 bd2a3d06629b6aeb46776c3512ddd0417b0c6629 -> v2-results-ladder-probe (forced update)
[2026-10-04T15:25:19+08:00] incremental publish OK -> v2-results-ladder-probe (cells=0)
To https://github.com/xieguaiwu/LLMs-and-impossible-language-acquisition.git
 + bd2a3d0...2a8efa3 2a8efa37a002732f058a8f3a96dc3d7f717680c7 -> v2-results-ladder-probe (forced update)
[2026-10-04T15:38:49+08:00] incremental publish OK -> v2-results-ladder-probe (cells=0)
To https://github.com/xieguaiwu/LLMs-and-impossible-language-acquisition.git
 + 2a8efa3...2f7b7dc 2f7b7dcb4af5591e6ddd2484b44530549dd9aaef -> v2-results-ladder-probe (forced update)
[2026-10-04T15:53:00+08:00] incremental publish OK -> v2-results-ladder-probe (cells=0)
To https://github.com/xieguaiwu/LLMs-and-impossible-language-acquisition.git
 + 2f7b7dc...5a2c61b 5a2c61bc2aa10c019ea39210614032daed7788fa -> v2-results-ladder-probe (forced update)
[2026-10-04T16:09:09+08:00] incremental publish OK -> v2-results-ladder-probe (cells=0)
To https://github.com/xieguaiwu/LLMs-and-impossible-language-acquisition.git
 + 5a2c61b...ed3ee5f ed3ee5f4afcf70887b6ee1f79eeea3fe679eb4c0 -> v2-results-ladder-probe (forced update)
[2026-10-04T16:23:07+08:00] incremental publish OK -> v2-results-ladder-probe (cells=0)
To https://github.com/xieguaiwu/LLMs-and-impossible-language-acquisition.git
 + ed3ee5f...720986e 720986e26e758be815e300076bc67a6875af859a -> v2-results-ladder-probe (forced update)
[2026-10-04T16:36:12+08:00] incremental publish OK -> v2-results-ladder-probe (cells=0)
To https://github.com/xieguaiwu/LLMs-and-impossible-language-acquisition.git
 + 720986e...32b0812 32b0812c85aa3832c3e34d2f4e0ce731ce22d88e -> v2-results-ladder-probe (forced update)
[2026-10-04T16:48:48+08:00] incremental publish OK -> v2-results-ladder-probe (cells=0)
To https://github.com/xieguaiwu/LLMs-and-impossible-language-acquisition.git
 + 32b0812...8144b23 8144b23e128c2791d68c8a24edda0eb82790fa98 -> v2-results-ladder-probe (forced update)
[2026-10-04T17:01:42+08:00] incremental publish OK -> v2-results-ladder-probe (cells=0)
To https://github.com/xieguaiwu/LLMs-and-impossible-language-acquisition.git
 + 8144b23...e279186 e2791869916b1f2c548629f752c2970eee5f7bc9 -> v2-results-ladder-probe (forced update)
[2026-10-04T17:14:34+08:00] incremental publish OK -> v2-results-ladder-probe (cells=0)
To https://github.com/xieguaiwu/LLMs-and-impossible-language-acquisition.git
 + e279186...34a50f8 34a50f8830a462820199514bbe662a75cfb23973 -> v2-results-ladder-probe (forced update)
[2026-10-04T17:28:35+08:00] incremental publish OK -> v2-results-ladder-probe (cells=0)
To https://github.com/xieguaiwu/LLMs-and-impossible-language-acquisition.git
 + 34a50f8...52f4761 52f47618087323c16f6a301ed2207d685781b806 -> v2-results-ladder-probe (forced update)
[2026-10-04T17:42:25+08:00] incremental publish OK -> v2-results-ladder-probe (cells=0)
To https://github.com/xieguaiwu/LLMs-and-impossible-language-acquisition.git
 + 52f4761...8f8ceab 8f8ceab6ec193ca78df9813c8447ded3495c8db3 -> v2-results-ladder-probe (forced update)
[2026-10-04T17:55:39+08:00] incremental publish OK -> v2-results-ladder-probe (cells=0)
To https://github.com/xieguaiwu/LLMs-and-impossible-language-acquisition.git
 + 8f8ceab...cadb61f cadb61f6ca30b815930dd36c40ea61d19b01c716 -> v2-results-ladder-probe (forced update)
[2026-10-04T18:08:42+08:00] incremental publish OK -> v2-results-ladder-probe (cells=0)
To https://github.com/xieguaiwu/LLMs-and-impossible-language-acquisition.git
 + cadb61f...b370dc4 b370dc403f99f984f8a5a39247d95f81a9aa4b2d -> v2-results-ladder-probe (forced update)
[2026-10-04T18:21:44+08:00] incremental publish OK -> v2-results-ladder-probe (cells=0)
To https://github.com/xieguaiwu/LLMs-and-impossible-language-acquisition.git
 + b370dc4...e983dba e983dbafb7972fba96ea7dc3c39c91fa965ba273 -> v2-results-ladder-probe (forced update)
[2026-10-04T18:35:18+08:00] incremental publish OK -> v2-results-ladder-probe (cells=0)
To https://github.com/xieguaiwu/LLMs-and-impossible-language-acquisition.git
 + e983dba...1c7a570 1c7a570d5a4f9590635c59af31e9f3cd80e3b281 -> v2-results-ladder-probe (forced update)
[2026-10-04T18:49:02+08:00] incremental publish OK -> v2-results-ladder-probe (cells=0)
To https://github.com/xieguaiwu/LLMs-and-impossible-language-acquisition.git
 + 1c7a570...396b05b 396b05b3d0d39407bd90582bbb3716f9fb4bef0d -> v2-results-ladder-probe (forced update)
[2026-10-04T19:02:08+08:00] incremental publish OK -> v2-results-ladder-probe (cells=0)
To https://github.com/xieguaiwu/LLMs-and-impossible-language-acquisition.git
 + 396b05b...6555d28 6555d28b486aae031b52c99b60475f3d52d407d8 -> v2-results-ladder-probe (forced update)
[2026-10-04T19:15:25+08:00] incremental publish OK -> v2-results-ladder-probe (cells=0)
To https://github.com/xieguaiwu/LLMs-and-impossible-language-acquisition.git
 + 6555d28...abf2aa3 abf2aa3b46a65c27e6c19a556c45e0cbe5e859cf -> v2-results-ladder-probe (forced update)
[2026-10-04T19:28:24+08:00] incremental publish OK -> v2-results-ladder-probe (cells=0)
To https://github.com/xieguaiwu/LLMs-and-impossible-language-acquisition.git
 + abf2aa3...6a1a443 6a1a44360baf98a85c7f19f2463d475aa36903bf -> v2-results-ladder-probe (forced update)
[2026-10-04T19:42:08+08:00] incremental publish OK -> v2-results-ladder-probe (cells=0)
To https://github.com/xieguaiwu/LLMs-and-impossible-language-acquisition.git
 + 6a1a443...5aaa88c 5aaa88c82ce8ef90313c78393da4a078b3d3173f -> v2-results-ladder-probe (forced update)
[2026-10-04T19:55:48+08:00] incremental publish OK -> v2-results-ladder-probe (cells=0)
To https://github.com/xieguaiwu/LLMs-and-impossible-language-acquisition.git
 + 5aaa88c...3e16660 3e166607b0712cbc0f2aaf41121dd0401fa85e0b -> v2-results-ladder-probe (forced update)
[2026-10-04T20:09:41+08:00] incremental publish OK -> v2-results-ladder-probe (cells=0)
To https://github.com/xieguaiwu/LLMs-and-impossible-language-acquisition.git
 + 3e16660...d4e6ff0 d4e6ff0b569b483f0dd9db3faffcf6174daedc7f -> v2-results-ladder-probe (forced update)
[2026-10-04T20:23:50+08:00] incremental publish OK -> v2-results-ladder-probe (cells=0)
To https://github.com/xieguaiwu/LLMs-and-impossible-language-acquisition.git
 + d4e6ff0...4340f9a 4340f9ad6b2b345a026a927b796559f32e267d49 -> v2-results-ladder-probe (forced update)
[2026-10-04T20:38:14+08:00] incremental publish OK -> v2-results-ladder-probe (cells=0)
To https://github.com/xieguaiwu/LLMs-and-impossible-language-acquisition.git
 + 4340f9a...8c0aeb1 8c0aeb1c96218d3fdbac6c5a0fd25d25a7072a6f -> v2-results-ladder-probe (forced update)
[2026-10-04T20:52:50+08:00] incremental publish OK -> v2-results-ladder-probe (cells=0)
To https://github.com/xieguaiwu/LLMs-and-impossible-language-acquisition.git
 + 8c0aeb1...28a759c 28a759c25dd7d680b3319e37802ea4fc9e31b7ec -> v2-results-ladder-probe (forced update)
[2026-10-04T21:07:12+08:00] incremental publish OK -> v2-results-ladder-probe (cells=0)
To https://github.com/xieguaiwu/LLMs-and-impossible-language-acquisition.git
 + 28a759c...661a351 661a351e6ab7458021bd77fec4ac0977d51ccb03 -> v2-results-ladder-probe (forced update)
[2026-10-04T21:22:06+08:00] incremental publish OK -> v2-results-ladder-probe (cells=0)
To https://github.com/xieguaiwu/LLMs-and-impossible-language-acquisition.git
 + 661a351...0be9955 0be995593899e0f4f520efa5ac98ac4dff805a2f -> v2-results-ladder-probe (forced update)
[2026-10-04T21:37:08+08:00] incremental publish OK -> v2-results-ladder-probe (cells=0)
To https://github.com/xieguaiwu/LLMs-and-impossible-language-acquisition.git
 + 0be9955...9019ea8 9019ea894966263849431504d698ca5201427bd4 -> v2-results-ladder-probe (forced update)
[2026-10-04T21:52:05+08:00] incremental publish OK -> v2-results-ladder-probe (cells=0)
To https://github.com/xieguaiwu/LLMs-and-impossible-language-acquisition.git
 + 9019ea8...4c28c6c 4c28c6c648dd39d977e7637d68c2dcc92fd62e3f -> v2-results-ladder-probe (forced update)
[2026-10-04T22:07:45+08:00] incremental publish OK -> v2-results-ladder-probe (cells=0)
To https://github.com/xieguaiwu/LLMs-and-impossible-language-acquisition.git
 + 4c28c6c...0ddef27 0ddef275d35fa5c5e7d32cad25a96e0b24e87569 -> v2-results-ladder-probe (forced update)
[2026-10-04T22:22:42+08:00] incremental publish OK -> v2-results-ladder-probe (cells=0)
To https://github.com/xieguaiwu/LLMs-and-impossible-language-acquisition.git
 + 0ddef27...04579ae 04579aef61209088c604c246df67c641b3774768 -> v2-results-ladder-probe (forced update)
[2026-10-04T22:38:04+08:00] incremental publish OK -> v2-results-ladder-probe (cells=0)
To https://github.com/xieguaiwu/LLMs-and-impossible-language-acquisition.git
 + 04579ae...819b936 819b9369e83a97bf2db2aceb86db96928f5334e9 -> v2-results-ladder-probe (forced update)
[2026-10-04T22:53:00+08:00] incremental publish OK -> v2-results-ladder-probe (cells=0)
To https://github.com/xieguaiwu/LLMs-and-impossible-language-acquisition.git
 + 819b936...0207c00 0207c00a816c7fa3b7761a8d734cb24c71fc0a8f -> v2-results-ladder-probe (forced update)
[2026-10-04T23:07:49+08:00] incremental publish OK -> v2-results-ladder-probe (cells=0)
To https://github.com/xieguaiwu/LLMs-and-impossible-language-acquisition.git
 + 0207c00...00560c9 00560c943265b5cd5da91547a113a8bf622c88df -> v2-results-ladder-probe (forced update)
[2026-10-04T23:23:14+08:00] incremental publish OK -> v2-results-ladder-probe (cells=0)
To https://github.com/xieguaiwu/LLMs-and-impossible-language-acquisition.git
 + 00560c9...5423d0c 5423d0c8b3192e226aa08f840090774eae35dc6d -> v2-results-ladder-probe (forced update)
[2026-10-04T23:38:37+08:00] incremental publish OK -> v2-results-ladder-probe (cells=0)
To https://github.com/xieguaiwu/LLMs-and-impossible-language-acquisition.git
 + 5423d0c...2817e06 2817e068dacfe802f49ddf637a5674a4bc4b5e3e -> v2-results-ladder-probe (forced update)
[2026-10-04T23:52:52+08:00] incremental publish OK -> v2-results-ladder-probe (cells=0)
To https://github.com/xieguaiwu/LLMs-and-impossible-language-acquisition.git
 + 2817e06...296ff2a 296ff2ab5367a64e44bae1a21e013fab6aeca543 -> v2-results-ladder-probe (forced update)
[2026-10-05T00:07:44+08:00] incremental publish OK -> v2-results-ladder-probe (cells=0)
To https://github.com/xieguaiwu/LLMs-and-impossible-language-acquisition.git
 + 296ff2a...7ce792c 7ce792c68110027b3aca124dad604f1dde133cfb -> v2-results-ladder-probe (forced update)
[2026-10-05T00:22:16+08:00] incremental publish OK -> v2-results-ladder-probe (cells=0)
To https://github.com/xieguaiwu/LLMs-and-impossible-language-acquisition.git
 + 7ce792c...8fe658b 8fe658bb58a0c7cd0a0574da2c95780b60b23469 -> v2-results-ladder-probe (forced update)
[2026-10-05T00:36:45+08:00] incremental publish OK -> v2-results-ladder-probe (cells=0)
To https://github.com/xieguaiwu/LLMs-and-impossible-language-acquisition.git
 + 8fe658b...2877652 2877652f4834d2b8722108427d62e3a3bf1857c3 -> v2-results-ladder-probe (forced update)
[2026-10-05T00:51:23+08:00] incremental publish OK -> v2-results-ladder-probe (cells=0)
To https://github.com/xieguaiwu/LLMs-and-impossible-language-acquisition.git
 + 2877652...b386bb9 b386bb9746e529955563d368ee219f62694a26bc -> v2-results-ladder-probe (forced update)
[2026-10-05T01:05:19+08:00] incremental publish OK -> v2-results-ladder-probe (cells=0)
To https://github.com/xieguaiwu/LLMs-and-impossible-language-acquisition.git
 + b386bb9...016a9e8 016a9e82e09b4259399787fd0a5f6fe6fa6b1e41 -> v2-results-ladder-probe (forced update)
[2026-10-05T01:19:17+08:00] incremental publish OK -> v2-results-ladder-probe (cells=0)
To https://github.com/xieguaiwu/LLMs-and-impossible-language-acquisition.git
 + 016a9e8...ae50ce9 ae50ce9d47300b20792ffdc482d81856e4fcdae8 -> v2-results-ladder-probe (forced update)
[2026-10-05T01:33:41+08:00] incremental publish OK -> v2-results-ladder-probe (cells=0)
To https://github.com/xieguaiwu/LLMs-and-impossible-language-acquisition.git
 + ae50ce9...4b93695 4b9369562e0b45e0aa545c5a9760ad2c9e3e2d3a -> v2-results-ladder-probe (forced update)
[2026-10-05T01:47:22+08:00] incremental publish OK -> v2-results-ladder-probe (cells=0)
To https://github.com/xieguaiwu/LLMs-and-impossible-language-acquisition.git
 + 4b93695...588c4cd 588c4cda130c57892f2e5b15a9abb42767279f1d -> v2-results-ladder-probe (forced update)
[2026-10-05T02:00:10+08:00] incremental publish OK -> v2-results-ladder-probe (cells=0)
To https://github.com/xieguaiwu/LLMs-and-impossible-language-acquisition.git
 + 588c4cd...3a466f8 3a466f8284860af7db85114b1c8bf3c6ba3aba6a -> v2-results-ladder-probe (forced update)
[2026-10-05T02:12:35+08:00] incremental publish OK -> v2-results-ladder-probe (cells=0)
To https://github.com/xieguaiwu/LLMs-and-impossible-language-acquisition.git
 + 3a466f8...057ff31 057ff3163890d979eabea1997ab75a05baa2a7fb -> v2-results-ladder-probe (forced update)
[2026-10-05T02:24:34+08:00] incremental publish OK -> v2-results-ladder-probe (cells=0)
To https://github.com/xieguaiwu/LLMs-and-impossible-language-acquisition.git
 + 057ff31...3b9417f 3b9417f5f72da4c889115a201eae4e67800b6d64 -> v2-results-ladder-probe (forced update)
[2026-10-05T02:36:42+08:00] incremental publish OK -> v2-results-ladder-probe (cells=0)
To https://github.com/xieguaiwu/LLMs-and-impossible-language-acquisition.git
 + 3b9417f...c82f221 c82f221d561fbfce51546196e72d78f7bbda4b61 -> v2-results-ladder-probe (forced update)
[2026-10-05T02:48:45+08:00] incremental publish OK -> v2-results-ladder-probe (cells=0)
To https://github.com/xieguaiwu/LLMs-and-impossible-language-acquisition.git
 + c82f221...bf94447 bf9444773d2fe69e90e1be6738a7523ac344b811 -> v2-results-ladder-probe (forced update)
[2026-10-05T03:00:57+08:00] incremental publish OK -> v2-results-ladder-probe (cells=0)
To https://github.com/xieguaiwu/LLMs-and-impossible-language-acquisition.git
 + bf94447...4f8652f 4f8652f46e89809c9e6294d373531a5bf2e82de6 -> v2-results-ladder-probe (forced update)
[2026-10-05T03:12:59+08:00] incremental publish OK -> v2-results-ladder-probe (cells=0)
To https://github.com/xieguaiwu/LLMs-and-impossible-language-acquisition.git
 + 4f8652f...e5fb6cc e5fb6ccf16bd0b16222d1269511232abf737bb6e -> v2-results-ladder-probe (forced update)
[2026-10-05T03:24:56+08:00] incremental publish OK -> v2-results-ladder-probe (cells=0)
To https://github.com/xieguaiwu/LLMs-and-impossible-language-acquisition.git
 + e5fb6cc...5412201 541220198f83e027f39fc73cfaf49edcca737c6e -> v2-results-ladder-probe (forced update)
[2026-10-05T03:36:50+08:00] incremental publish OK -> v2-results-ladder-probe (cells=0)
To https://github.com/xieguaiwu/LLMs-and-impossible-language-acquisition.git
 + 5412201...68240a0 68240a04dbb9a85d2de4c95abee1cbee9252a81e -> v2-results-ladder-probe (forced update)
[2026-10-05T03:48:34+08:00] incremental publish OK -> v2-results-ladder-probe (cells=0)
To https://github.com/xieguaiwu/LLMs-and-impossible-language-acquisition.git
 + 68240a0...68b9541 68b9541368116997b4cc3f531b806061a5b4bfd8 -> v2-results-ladder-probe (forced update)
[2026-10-05T04:00:21+08:00] incremental publish OK -> v2-results-ladder-probe (cells=0)
To https://github.com/xieguaiwu/LLMs-and-impossible-language-acquisition.git
 + 68b9541...bdf085d bdf085d996b24f566cee923991c274ace9581933 -> v2-results-ladder-probe (forced update)
[2026-10-05T04:12:19+08:00] incremental publish OK -> v2-results-ladder-probe (cells=0)
To https://github.com/xieguaiwu/LLMs-and-impossible-language-acquisition.git
 + bdf085d...7ccbf81 7ccbf81372931f46e4e4fd0ed2d160f18b08cf39 -> v2-results-ladder-probe (forced update)
[2026-10-05T04:24:28+08:00] incremental publish OK -> v2-results-ladder-probe (cells=0)
To https://github.com/xieguaiwu/LLMs-and-impossible-language-acquisition.git
 + 7ccbf81...1126822 112682201af334843d2768b902b4e1f3a25d6530 -> v2-results-ladder-probe (forced update)
[2026-10-05T04:36:27+08:00] incremental publish OK -> v2-results-ladder-probe (cells=0)
To https://github.com/xieguaiwu/LLMs-and-impossible-language-acquisition.git
 + 1126822...b334e91 b334e91ab51016079b96ff6407fad141fa90ddfc -> v2-results-ladder-probe (forced update)
[2026-10-05T04:48:12+08:00] incremental publish OK -> v2-results-ladder-probe (cells=0)
To https://github.com/xieguaiwu/LLMs-and-impossible-language-acquisition.git
 + b334e91...2538942 253894265a5f20a508b7a1d8e8e119091e1e7605 -> v2-results-ladder-probe (forced update)
[2026-10-05T05:00:03+08:00] incremental publish OK -> v2-results-ladder-probe (cells=0)
To https://github.com/xieguaiwu/LLMs-and-impossible-language-acquisition.git
 + 2538942...1f23735 1f237353651ff32cccbe2fd1912827ff028f9d91 -> v2-results-ladder-probe (forced update)
[2026-10-05T05:11:44+08:00] incremental publish OK -> v2-results-ladder-probe (cells=0)
To https://github.com/xieguaiwu/LLMs-and-impossible-language-acquisition.git
 + 1f23735...854e4d4 854e4d477410592a8537372ca0cae7990c91b9f7 -> v2-results-ladder-probe (forced update)
[2026-10-05T05:23:34+08:00] incremental publish OK -> v2-results-ladder-probe (cells=0)
To https://github.com/xieguaiwu/LLMs-and-impossible-language-acquisition.git
 + 854e4d4...99fc101 99fc1010322a3220d7d78d0e94bbc2845a78a506 -> v2-results-ladder-probe (forced update)
[2026-10-05T05:35:33+08:00] incremental publish OK -> v2-results-ladder-probe (cells=0)
To https://github.com/xieguaiwu/LLMs-and-impossible-language-acquisition.git
 + 99fc101...d3cefcb d3cefcbf634f6c214edf8b25ea5da1aafa47c932 -> v2-results-ladder-probe (forced update)
[2026-10-05T05:47:41+08:00] incremental publish OK -> v2-results-ladder-probe (cells=0)
To https://github.com/xieguaiwu/LLMs-and-impossible-language-acquisition.git
 + d3cefcb...96d3aa0 96d3aa0b64f8c75e1eb2e898de3fc20e21970d01 -> v2-results-ladder-probe (forced update)
[2026-10-05T05:59:37+08:00] incremental publish OK -> v2-results-ladder-probe (cells=0)
To https://github.com/xieguaiwu/LLMs-and-impossible-language-acquisition.git
 + 96d3aa0...262847a 262847ae22958f1f30e2d16bfe89068d2101adc0 -> v2-results-ladder-probe (forced update)
[2026-10-05T06:11:34+08:00] incremental publish OK -> v2-results-ladder-probe (cells=0)
To https://github.com/xieguaiwu/LLMs-and-impossible-language-acquisition.git
 + 262847ae...987a465d 987a465da570e506380433b3656fdf1a56f9b02c -> v2-results-ladder-probe (forced update)
[2026-10-05T06:23:26+08:00] incremental publish OK -> v2-results-ladder-probe (cells=0)
To https://github.com/xieguaiwu/LLMs-and-impossible-language-acquisition.git
 + 987a465d...70c90081 70c90081a2e17a135b5434d081720116ae2530a8 -> v2-results-ladder-probe (forced update)
[2026-10-05T06:35:23+08:00] incremental publish OK -> v2-results-ladder-probe (cells=0)
To https://github.com/xieguaiwu/LLMs-and-impossible-language-acquisition.git
 + 70c90081...f4dd6ea3 f4dd6ea37320bd4a859dc89d3c99c4f2d574096b -> v2-results-ladder-probe (forced update)
[2026-10-05T06:47:14+08:00] incremental publish OK -> v2-results-ladder-probe (cells=0)
To https://github.com/xieguaiwu/LLMs-and-impossible-language-acquisition.git
 + f4dd6ea3...35270621 35270621bc046d2cf2f275396ce02802cf036315 -> v2-results-ladder-probe (forced update)
[2026-10-05T06:59:04+08:00] incremental publish OK -> v2-results-ladder-probe (cells=0)
To https://github.com/xieguaiwu/LLMs-and-impossible-language-acquisition.git
 + 35270621...921f860e 921f860e8666da08767fde66bfaf646928c22e7d -> v2-results-ladder-probe (forced update)
[2026-10-05T07:11:05+08:00] incremental publish OK -> v2-results-ladder-probe (cells=0)
To https://github.com/xieguaiwu/LLMs-and-impossible-language-acquisition.git
 + 921f860e...042bd463 042bd46313466223650a815e64b6eea46ea0bb19 -> v2-results-ladder-probe (forced update)
[2026-10-05T07:23:21+08:00] incremental publish OK -> v2-results-ladder-probe (cells=0)
To https://github.com/xieguaiwu/LLMs-and-impossible-language-acquisition.git
 + 042bd463...edb8fe8e edb8fe8e39b9b5dd9ac5e2206e7d79e4f11c8eab -> v2-results-ladder-probe (forced update)
[2026-10-05T07:35:10+08:00] incremental publish OK -> v2-results-ladder-probe (cells=0)
To https://github.com/xieguaiwu/LLMs-and-impossible-language-acquisition.git
 + edb8fe8e...3fd9c6ae 3fd9c6aed1dde341d4087d9c6fd51701a11d7b2d -> v2-results-ladder-probe (forced update)
[2026-10-05T07:47:35+08:00] incremental publish OK -> v2-results-ladder-probe (cells=0)
To https://github.com/xieguaiwu/LLMs-and-impossible-language-acquisition.git
 + 3fd9c6ae...0da8fb9a 0da8fb9acf8672eed2616378f1f86b368744a063 -> v2-results-ladder-probe (forced update)
[2026-10-05T08:00:01+08:00] incremental publish OK -> v2-results-ladder-probe (cells=0)
To https://github.com/xieguaiwu/LLMs-and-impossible-language-acquisition.git
 + 0da8fb9a...e4141846 e4141846aa6de7484ce6e4d5d9995315058f7036 -> v2-results-ladder-probe (forced update)
[2026-10-05T08:13:04+08:00] incremental publish OK -> v2-results-ladder-probe (cells=0)
To https://github.com/xieguaiwu/LLMs-and-impossible-language-acquisition.git
 + e4141846...167d2c92 167d2c92f2f1ea83858308274f376e3b6f2d972f -> v2-results-ladder-probe (forced update)
[2026-10-05T08:25:34+08:00] incremental publish OK -> v2-results-ladder-probe (cells=0)
To https://github.com/xieguaiwu/LLMs-and-impossible-language-acquisition.git
 + 167d2c92...f7d15fe9 f7d15fe9d4fb2785fdc68be5a2123ff6c655cb4b -> v2-results-ladder-probe (forced update)
[2026-10-05T08:38:40+08:00] incremental publish OK -> v2-results-ladder-probe (cells=0)
To https://github.com/xieguaiwu/LLMs-and-impossible-language-acquisition.git
 + f7d15fe9...ad73b59a ad73b59ad0de1b4831fd478873306ccef01e2543 -> v2-results-ladder-probe (forced update)
[2026-10-05T08:51:29+08:00] incremental publish OK -> v2-results-ladder-probe (cells=0)
To https://github.com/xieguaiwu/LLMs-and-impossible-language-acquisition.git
 + ad73b59a...e7a83bc8 e7a83bc854de5671c863ea7877ce745d65f00ce1 -> v2-results-ladder-probe (forced update)
[2026-10-05T09:03:39+08:00] incremental publish OK -> v2-results-ladder-probe (cells=0)
To https://github.com/xieguaiwu/LLMs-and-impossible-language-acquisition.git
 + e7a83bc8...c833bd75 c833bd75163e8e2db49eceaa63ffddecbe431bfa -> v2-results-ladder-probe (forced update)
[2026-10-05T09:15:47+08:00] incremental publish OK -> v2-results-ladder-probe (cells=0)
To https://github.com/xieguaiwu/LLMs-and-impossible-language-acquisition.git
 + c833bd75...2e7ccbc5 2e7ccbc53a43e49a7fdbb2a42f4ff507d3196e1d -> v2-results-ladder-probe (forced update)
[2026-10-05T09:28:12+08:00] incremental publish OK -> v2-results-ladder-probe (cells=0)
To https://github.com/xieguaiwu/LLMs-and-impossible-language-acquisition.git
 + 2e7ccbc5...9810134b 9810134bd19f61f5a4cf1eb76c6e53d497f5db9c -> v2-results-ladder-probe (forced update)
[2026-10-05T09:40:50+08:00] incremental publish OK -> v2-results-ladder-probe (cells=0)
To https://github.com/xieguaiwu/LLMs-and-impossible-language-acquisition.git
 + 9810134b...11783789 1178378938be0460e171d8f32c0a5c6b5ecdf09f -> v2-results-ladder-probe (forced update)
[2026-10-05T09:53:32+08:00] incremental publish OK -> v2-results-ladder-probe (cells=0)
To https://github.com/xieguaiwu/LLMs-and-impossible-language-acquisition.git
 + 11783789...1187a474 1187a4748c448b18571e014ddbce7c340acf4f3d -> v2-results-ladder-probe (forced update)
[2026-10-05T10:06:00+08:00] incremental publish OK -> v2-results-ladder-probe (cells=0)
To https://github.com/xieguaiwu/LLMs-and-impossible-language-acquisition.git
 + 1187a474...1ad0e944 1ad0e94492f03e2f90a3b2ce863cd06e99340f11 -> v2-results-ladder-probe (forced update)
[2026-10-05T10:18:46+08:00] incremental publish OK -> v2-results-ladder-probe (cells=0)
To https://github.com/xieguaiwu/LLMs-and-impossible-language-acquisition.git
 + 1ad0e944...f1a8257f f1a8257f2551f25982480a7e25077039e5ad8ce2 -> v2-results-ladder-probe (forced update)
[2026-10-05T10:31:12+08:00] incremental publish OK -> v2-results-ladder-probe (cells=0)
To https://github.com/xieguaiwu/LLMs-and-impossible-language-acquisition.git
 + f1a8257f...d5fca7d5 d5fca7d522d322ce6c7353fa5d4e7be294dc2a9e -> v2-results-ladder-probe (forced update)
[2026-10-05T10:44:04+08:00] incremental publish OK -> v2-results-ladder-probe (cells=0)
To https://github.com/xieguaiwu/LLMs-and-impossible-language-acquisition.git
 + d5fca7d5...2858c9bd 2858c9bd75ec569051a024219071935eb478b8c5 -> v2-results-ladder-probe (forced update)
[2026-10-05T10:56:44+08:00] incremental publish OK -> v2-results-ladder-probe (cells=0)
To https://github.com/xieguaiwu/LLMs-and-impossible-language-acquisition.git
 + 2858c9bd...d6b623da d6b623da545c0dc032fd92a66469b04b3b35300f -> v2-results-ladder-probe (forced update)
[2026-10-05T11:09:23+08:00] incremental publish OK -> v2-results-ladder-probe (cells=0)
To https://github.com/xieguaiwu/LLMs-and-impossible-language-acquisition.git
 + d6b623da...b934b01c b934b01c382f124121b5d05e3c85bc3ad984e3c4 -> v2-results-ladder-probe (forced update)
[2026-10-05T11:21:54+08:00] incremental publish OK -> v2-results-ladder-probe (cells=0)
To https://github.com/xieguaiwu/LLMs-and-impossible-language-acquisition.git
 + b934b01c...faf77669 faf77669a7534370f6b6e8410508a97947813da8 -> v2-results-ladder-probe (forced update)
[2026-10-05T11:34:55+08:00] incremental publish OK -> v2-results-ladder-probe (cells=0)
To https://github.com/xieguaiwu/LLMs-and-impossible-language-acquisition.git
 + faf77669...9432a9b9 9432a9b9606abad43fec8d203225c45bb5f9fbe3 -> v2-results-ladder-probe (forced update)
[2026-10-05T11:47:53+08:00] incremental publish OK -> v2-results-ladder-probe (cells=0)
To https://github.com/xieguaiwu/LLMs-and-impossible-language-acquisition.git
 + 9432a9b9...8520fc23 8520fc23c78418853adf7b94c0e7eba1c7058c47 -> v2-results-ladder-probe (forced update)
[2026-10-05T12:00:44+08:00] incremental publish OK -> v2-results-ladder-probe (cells=0)
To https://github.com/xieguaiwu/LLMs-and-impossible-language-acquisition.git
 + 8520fc23...3dd1e447 3dd1e44700fafd034c8a0e58296f46655ca91974 -> v2-results-ladder-probe (forced update)
[2026-10-05T12:13:25+08:00] incremental publish OK -> v2-results-ladder-probe (cells=0)
To https://github.com/xieguaiwu/LLMs-and-impossible-language-acquisition.git
 + 3dd1e447...dd5162ea dd5162ea400152b04afa3d597f87b820e5a2bf8e -> v2-results-ladder-probe (forced update)
[2026-10-05T12:26:08+08:00] incremental publish OK -> v2-results-ladder-probe (cells=0)
To https://github.com/xieguaiwu/LLMs-and-impossible-language-acquisition.git
 + dd5162ea...f42fa468 f42fa468a99b9cc5089b493af33345bff124831b -> v2-results-ladder-probe (forced update)
[2026-10-05T12:39:04+08:00] incremental publish OK -> v2-results-ladder-probe (cells=0)
To https://github.com/xieguaiwu/LLMs-and-impossible-language-acquisition.git
 + f42fa468...87d75fad 87d75fad6e23889a671c2a04137f4ee4633f5dea -> v2-results-ladder-probe (forced update)
[2026-10-05T12:51:41+08:00] incremental publish OK -> v2-results-ladder-probe (cells=0)
To https://github.com/xieguaiwu/LLMs-and-impossible-language-acquisition.git
 + 87d75fad...ae17ea57 ae17ea578c182dd8f643d2e6089750e35dbc3adc -> v2-results-ladder-probe (forced update)
[2026-10-05T13:04:42+08:00] incremental publish OK -> v2-results-ladder-probe (cells=0)
To https://github.com/xieguaiwu/LLMs-and-impossible-language-acquisition.git
 + ae17ea57...d732ad53 d732ad537f1b2dc3b7efd0e46df4801bdcce9a59 -> v2-results-ladder-probe (forced update)
[2026-10-05T13:18:24+08:00] incremental publish OK -> v2-results-ladder-probe (cells=0)
To https://github.com/xieguaiwu/LLMs-and-impossible-language-acquisition.git
 + d732ad53...faeb0be2 faeb0be2aafd0afb553f869f1cf293f331e437c4 -> v2-results-ladder-probe (forced update)
[2026-10-05T13:31:02+08:00] incremental publish OK -> v2-results-ladder-probe (cells=0)
To https://github.com/xieguaiwu/LLMs-and-impossible-language-acquisition.git
 + faeb0be2...03c85d3d 03c85d3d37241a9a8be3ccb6e45d4c32befdc681 -> v2-results-ladder-probe (forced update)
[2026-10-05T13:43:13+08:00] incremental publish OK -> v2-results-ladder-probe (cells=0)
To https://github.com/xieguaiwu/LLMs-and-impossible-language-acquisition.git
 + 03c85d3d...12a0558f 12a0558f810c0adb877bd1bffa54a2ce973807bb -> v2-results-ladder-probe (forced update)
[2026-10-05T13:55:50+08:00] incremental publish OK -> v2-results-ladder-probe (cells=0)
To https://github.com/xieguaiwu/LLMs-and-impossible-language-acquisition.git
 + 12a0558f...07c713ec 07c713ecf11918e983b8da0c2c3eda90aff354b8 -> v2-results-ladder-probe (forced update)
[2026-10-05T14:09:15+08:00] incremental publish OK -> v2-results-ladder-probe (cells=0)
To https://github.com/xieguaiwu/LLMs-and-impossible-language-acquisition.git
 + 07c713ec...47992191 479921911cad1558abfa6a1883e6cbf2d7e4fbb2 -> v2-results-ladder-probe (forced update)
[2026-10-05T14:23:47+08:00] incremental publish OK -> v2-results-ladder-probe (cells=0)
To https://github.com/xieguaiwu/LLMs-and-impossible-language-acquisition.git
 + 47992191...e242e5c6 e242e5c687d6f236fae0894ad3cef352d9d8d7fe -> v2-results-ladder-probe (forced update)
[2026-10-05T14:37:09+08:00] incremental publish OK -> v2-results-ladder-probe (cells=0)
To https://github.com/xieguaiwu/LLMs-and-impossible-language-acquisition.git
 + e242e5c6...dced794e dced794e5efa0618e489a18c5f7b941ae3c8d78d -> v2-results-ladder-probe (forced update)
[2026-10-05T14:50:21+08:00] incremental publish OK -> v2-results-ladder-probe (cells=0)
To https://github.com/xieguaiwu/LLMs-and-impossible-language-acquisition.git
 + dced794e...af08e09f af08e09f340d4359bbe389a15b69d9000cc0df1d -> v2-results-ladder-probe (forced update)
[2026-10-05T15:03:47+08:00] incremental publish OK -> v2-results-ladder-probe (cells=0)
To https://github.com/xieguaiwu/LLMs-and-impossible-language-acquisition.git
 + af08e09f...32c8cde7 32c8cde71623dd0a7bd5ae5ed2a62e578cf26868 -> v2-results-ladder-probe (forced update)
[2026-10-05T15:16:55+08:00] incremental publish OK -> v2-results-ladder-probe (cells=0)
To https://github.com/xieguaiwu/LLMs-and-impossible-language-acquisition.git
 + 32c8cde7...d453df87 d453df8768e5f6c87c232fdf1e19f02bd408cb69 -> v2-results-ladder-probe (forced update)
[2026-10-05T15:30:42+08:00] incremental publish OK -> v2-results-ladder-probe (cells=0)
To https://github.com/xieguaiwu/LLMs-and-impossible-language-acquisition.git
 + d453df87...771a47d8 771a47d8c6acf128fecc3f0d83e0f697fdb34225 -> v2-results-ladder-probe (forced update)
[2026-10-05T15:45:21+08:00] incremental publish OK -> v2-results-ladder-probe (cells=0)
To https://github.com/xieguaiwu/LLMs-and-impossible-language-acquisition.git
 + 771a47d8...22af8a53 22af8a53c8ce08877f747f814ef9b1923f2ca2b2 -> v2-results-ladder-probe (forced update)
[2026-10-05T15:59:11+08:00] incremental publish OK -> v2-results-ladder-probe (cells=0)
To https://github.com/xieguaiwu/LLMs-and-impossible-language-acquisition.git
 + 22af8a53...5122cdfe 5122cdfe42ffe16147a04c0654df319dec75c839 -> v2-results-ladder-probe (forced update)
[2026-10-05T16:12:40+08:00] incremental publish OK -> v2-results-ladder-probe (cells=0)
To https://github.com/xieguaiwu/LLMs-and-impossible-language-acquisition.git
 + 5122cdfe...2b3cb90e 2b3cb90e39dd0c57d38535bfbd898d6a8208d846 -> v2-results-ladder-probe (forced update)
[2026-10-05T16:27:51+08:00] incremental publish OK -> v2-results-ladder-probe (cells=0)
To https://github.com/xieguaiwu/LLMs-and-impossible-language-acquisition.git
 + 2b3cb90e...9a0bf22c 9a0bf22ccadecc3515f74d96f9d902923021cc5b -> v2-results-ladder-probe (forced update)
[2026-10-05T16:43:29+08:00] incremental publish OK -> v2-results-ladder-probe (cells=0)
To https://github.com/xieguaiwu/LLMs-and-impossible-language-acquisition.git
 + b0cb18e9...33d87c39 33d87c392006d90add302c02dc1f3a0ccb942adb -> v2-results-ladder-probe (forced update)
[2026-10-05T16:56:29+08:00] incremental publish OK -> v2-results-ladder-probe (cells=0)
To https://github.com/xieguaiwu/LLMs-and-impossible-language-acquisition.git
 + 33d87c39...4ee9c575 4ee9c575cbec94aed779a37f03e86a059f96dbb1 -> v2-results-ladder-probe (forced update)
[2026-10-05T17:09:07+08:00] incremental publish OK -> v2-results-ladder-probe (cells=0)
To https://github.com/xieguaiwu/LLMs-and-impossible-language-acquisition.git
 + 94c057d0...f2c1978b f2c1978b376e8bec30b14646575bad0a5619233a -> v2-results-ladder-probe (forced update)
[2026-10-05T17:21:40+08:00] incremental publish OK -> v2-results-ladder-probe (cells=0)
To https://github.com/xieguaiwu/LLMs-and-impossible-language-acquisition.git
 + f2c1978b...f7f9598c f7f9598c23931e4524923b05de9cb44f356d10a5 -> v2-results-ladder-probe (forced update)
[2026-10-05T17:36:29+08:00] incremental publish OK -> v2-results-ladder-probe (cells=0)
To https://github.com/xieguaiwu/LLMs-and-impossible-language-acquisition.git
 + f7f9598c...7309af0a 7309af0a2cac099a2886d18dfa5e2147cff67183 -> v2-results-ladder-probe (forced update)
[2026-10-05T17:49:10+08:00] incremental publish OK -> v2-results-ladder-probe (cells=0)
To https://github.com/xieguaiwu/LLMs-and-impossible-language-acquisition.git
 + 7309af0a...7dee2265 7dee2265275909f7f20b41a5a2f56878a0367b4b -> v2-results-ladder-probe (forced update)
[2026-10-05T18:01:39+08:00] incremental publish OK -> v2-results-ladder-probe (cells=0)
To https://github.com/xieguaiwu/LLMs-and-impossible-language-acquisition.git
 + 7dee2265...e100b311 e100b3116babcf919aaaeeb219fe3d922acee03e -> v2-results-ladder-probe (forced update)
[2026-10-05T18:14:23+08:00] incremental publish OK -> v2-results-ladder-probe (cells=0)
To https://github.com/xieguaiwu/LLMs-and-impossible-language-acquisition.git
 + e100b311...bf35c0b2 bf35c0b2e1407dcec28b597b4b967a46c72589e7 -> v2-results-ladder-probe (forced update)
[2026-10-05T18:27:01+08:00] incremental publish OK -> v2-results-ladder-probe (cells=0)
To https://github.com/xieguaiwu/LLMs-and-impossible-language-acquisition.git
 + bf35c0b2...f883c774 f883c77445621349612c0ef2b9c4395515617284 -> v2-results-ladder-probe (forced update)
[2026-10-05T18:39:48+08:00] incremental publish OK -> v2-results-ladder-probe (cells=0)
To https://github.com/xieguaiwu/LLMs-and-impossible-language-acquisition.git
 + f883c774...fb2a07dc fb2a07dcd26ea3b53fb9545dd455b2e6551645a5 -> v2-results-ladder-probe (forced update)
[2026-10-05T18:52:39+08:00] incremental publish OK -> v2-results-ladder-probe (cells=0)
To https://github.com/xieguaiwu/LLMs-and-impossible-language-acquisition.git
 + fb2a07dc...b6074097 b60740973c7a342c1b6741f7b538c810200d2da7 -> v2-results-ladder-probe (forced update)
[2026-10-05T19:05:35+08:00] incremental publish OK -> v2-results-ladder-probe (cells=0)
To https://github.com/xieguaiwu/LLMs-and-impossible-language-acquisition.git
 + b6074097...cc0f0361 cc0f0361be7afc1ec282ee52c306354660cb105b -> v2-results-ladder-probe (forced update)
[2026-10-05T19:18:49+08:00] incremental publish OK -> v2-results-ladder-probe (cells=0)
To https://github.com/xieguaiwu/LLMs-and-impossible-language-acquisition.git
 + cc0f0361...b8361ad3 b8361ad3126abe9a962ca236e21e18984671f24d -> v2-results-ladder-probe (forced update)
[2026-10-05T19:31:43+08:00] incremental publish OK -> v2-results-ladder-probe (cells=0)
To https://github.com/xieguaiwu/LLMs-and-impossible-language-acquisition.git
 + b8361ad3...7e26b792 7e26b79269df93563ecc4fb4a81fa4ef11e8d7b7 -> v2-results-ladder-probe (forced update)
[2026-10-05T19:44:42+08:00] incremental publish OK -> v2-results-ladder-probe (cells=0)
To https://github.com/xieguaiwu/LLMs-and-impossible-language-acquisition.git
 + 7e26b792...d324e85a d324e85a51ae9f600ae31464f776049557abae5e -> v2-results-ladder-probe (forced update)
[2026-10-05T19:58:13+08:00] incremental publish OK -> v2-results-ladder-probe (cells=0)
To https://github.com/xieguaiwu/LLMs-and-impossible-language-acquisition.git
 + d324e85a...f7fbe1e2 f7fbe1e28792ddb753c959e46ca6c4b63aa2a109 -> v2-results-ladder-probe (forced update)
[2026-10-05T20:11:27+08:00] incremental publish OK -> v2-results-ladder-probe (cells=0)
To https://github.com/xieguaiwu/LLMs-and-impossible-language-acquisition.git
 + f7fbe1e2...d62c1465 d62c1465a304ad9d12d8847c50df70219fb90663 -> v2-results-ladder-probe (forced update)
[2026-10-05T20:25:00+08:00] incremental publish OK -> v2-results-ladder-probe (cells=0)
To https://github.com/xieguaiwu/LLMs-and-impossible-language-acquisition.git
 + d62c1465...0cfbe891 0cfbe891c9ad7aec72e370b541a5553996a88302 -> v2-results-ladder-probe (forced update)
[2026-10-05T20:39:40+08:00] incremental publish OK -> v2-results-ladder-probe (cells=0)
To https://github.com/xieguaiwu/LLMs-and-impossible-language-acquisition.git
 + 0cfbe891...1f350c55 1f350c55c2c60cff7fe1cf70bf3af241878347ab -> v2-results-ladder-probe (forced update)
[2026-10-05T20:55:07+08:00] incremental publish OK -> v2-results-ladder-probe (cells=0)
To https://github.com/xieguaiwu/LLMs-and-impossible-language-acquisition.git
 + 1f350c55...c4bf8479 c4bf8479b9c6f0bfc5e7328c1d34b711bba3ab0e -> v2-results-ladder-probe (forced update)
[2026-10-05T21:11:17+08:00] incremental publish OK -> v2-results-ladder-probe (cells=0)
To https://github.com/xieguaiwu/LLMs-and-impossible-language-acquisition.git
 + c4bf8479...769edbf9 769edbf976e45e988d9287bcba7458622e8658c0 -> v2-results-ladder-probe (forced update)
[2026-10-05T21:26:02+08:00] incremental publish OK -> v2-results-ladder-probe (cells=0)
To https://github.com/xieguaiwu/LLMs-and-impossible-language-acquisition.git
 + 769edbf9...1ca51968 1ca51968974eb4add0d1a0daf314e0a0d6668e17 -> v2-results-ladder-probe (forced update)
[2026-10-05T21:41:52+08:00] incremental publish OK -> v2-results-ladder-probe (cells=0)
To https://github.com/xieguaiwu/LLMs-and-impossible-language-acquisition.git
 + 1ca51968...f5f589c7 f5f589c7f80c805434f1239bd1e16ca4fa1ee6f2 -> v2-results-ladder-probe (forced update)
[2026-10-05T21:57:26+08:00] incremental publish OK -> v2-results-ladder-probe (cells=0)
To https://github.com/xieguaiwu/LLMs-and-impossible-language-acquisition.git
 + f5f589c7...d2643a2b d2643a2b80c1767778ab55ddf3d3e8c5815f7d2b -> v2-results-ladder-probe (forced update)
[2026-10-05T22:12:38+08:00] incremental publish OK -> v2-results-ladder-probe (cells=0)
To https://github.com/xieguaiwu/LLMs-and-impossible-language-acquisition.git
 + d2643a2b...e013ad7d e013ad7de0c9399804ce8a539760883c569d3b33 -> v2-results-ladder-probe (forced update)
[2026-10-05T22:27:52+08:00] incremental publish OK -> v2-results-ladder-probe (cells=0)
To https://github.com/xieguaiwu/LLMs-and-impossible-language-acquisition.git
 + e013ad7d...559e7a30 559e7a307bef753bd45139d1912709200eb043c5 -> v2-results-ladder-probe (forced update)
[2026-10-05T22:43:11+08:00] incremental publish OK -> v2-results-ladder-probe (cells=0)
To https://github.com/xieguaiwu/LLMs-and-impossible-language-acquisition.git
 + 559e7a30...10083753 1008375381b93bd2ee57a2e1f0685edc81e2057e -> v2-results-ladder-probe (forced update)
[2026-10-05T23:00:15+08:00] incremental publish OK -> v2-results-ladder-probe (cells=0)
To https://github.com/xieguaiwu/LLMs-and-impossible-language-acquisition.git
 + 10083753...86dc48c4 86dc48c477422c0e3f0cb53506f7e3b55f5a5e0b -> v2-results-ladder-probe (forced update)
[2026-10-05T23:16:01+08:00] incremental publish OK -> v2-results-ladder-probe (cells=0)
To https://github.com/xieguaiwu/LLMs-and-impossible-language-acquisition.git
 + 86dc48c4...f1997989 f199798907c4db5bafdebbedf3b73ce9d19bb6b9 -> v2-results-ladder-probe (forced update)
[2026-10-05T23:31:57+08:00] incremental publish OK -> v2-results-ladder-probe (cells=0)
To https://github.com/xieguaiwu/LLMs-and-impossible-language-acquisition.git
 + f1997989...4025855f 4025855fe188d8ca98b4c9e1413107ee8955e00e -> v2-results-ladder-probe (forced update)
[2026-10-05T23:47:50+08:00] incremental publish OK -> v2-results-ladder-probe (cells=0)
To https://github.com/xieguaiwu/LLMs-and-impossible-language-acquisition.git
 + 4025855f...09ed32da 09ed32da480dc8e74855259c8e9cf80cfeea54f4 -> v2-results-ladder-probe (forced update)
[2026-10-06T00:03:27+08:00] incremental publish OK -> v2-results-ladder-probe (cells=0)
To https://github.com/xieguaiwu/LLMs-and-impossible-language-acquisition.git
 + 09ed32da...44bb9978 44bb9978adbf4894a96ac032f10db89c7fd18f3a -> v2-results-ladder-probe (forced update)
[2026-10-06T00:21:39+08:00] incremental publish OK -> v2-results-ladder-probe (cells=0)
To https://github.com/xieguaiwu/LLMs-and-impossible-language-acquisition.git
 + 44bb9978...e478fb7a e478fb7ac12533df4ed5625fcae0fb8a57864406 -> v2-results-ladder-probe (forced update)
[2026-10-06T00:37:04+08:00] incremental publish OK -> v2-results-ladder-probe (cells=0)
To https://github.com/xieguaiwu/LLMs-and-impossible-language-acquisition.git
 + e478fb7a...f908ef97 f908ef97bc9866808a66668a97c9e7f0fd4b2a53 -> v2-results-ladder-probe (forced update)
[2026-10-06T00:51:22+08:00] incremental publish OK -> v2-results-ladder-probe (cells=0)
To https://github.com/xieguaiwu/LLMs-and-impossible-language-acquisition.git
 + f908ef97...93c3ebfe 93c3ebfe09df5732772f4cba47f2fadccc86f73e -> v2-results-ladder-probe (forced update)
[2026-10-06T01:05:37+08:00] incremental publish OK -> v2-results-ladder-probe (cells=0)
To https://github.com/xieguaiwu/LLMs-and-impossible-language-acquisition.git
 + 93c3ebfe...f2d35c8b f2d35c8bb85cab524a54bc494461b07d5cea725c -> v2-results-ladder-probe (forced update)
[2026-10-06T01:19:25+08:00] incremental publish OK -> v2-results-ladder-probe (cells=0)
To https://github.com/xieguaiwu/LLMs-and-impossible-language-acquisition.git
 + f2d35c8b...6b22b1d0 6b22b1d0abf9eced8bec5db1492d39dab9a5b725 -> v2-results-ladder-probe (forced update)
[2026-10-06T01:32:35+08:00] incremental publish OK -> v2-results-ladder-probe (cells=0)
To https://github.com/xieguaiwu/LLMs-and-impossible-language-acquisition.git
 + 6b22b1d0...90ec1fe6 90ec1fe67f5039de0b9f31fbcf7f0a65c3cfed2e -> v2-results-ladder-probe (forced update)
[2026-10-06T01:45:57+08:00] incremental publish OK -> v2-results-ladder-probe (cells=0)
To https://github.com/xieguaiwu/LLMs-and-impossible-language-acquisition.git
 + 90ec1fe6...9f11065c 9f11065c1b0f7b2c16e14c766393e8036c4fd32d -> v2-results-ladder-probe (forced update)
[2026-10-06T01:59:09+08:00] incremental publish OK -> v2-results-ladder-probe (cells=0)
To https://github.com/xieguaiwu/LLMs-and-impossible-language-acquisition.git
 + 9f11065c...556b1b33 556b1b3336d5b10eef4b2ddab1d2548ce2c4630f -> v2-results-ladder-probe (forced update)
[2026-10-06T02:11:59+08:00] incremental publish OK -> v2-results-ladder-probe (cells=0)
To https://github.com/xieguaiwu/LLMs-and-impossible-language-acquisition.git
 + 556b1b33...5607da96 5607da966cdcb124c471ffdd7714354ab5fc71b0 -> v2-results-ladder-probe (forced update)
[2026-10-06T02:24:25+08:00] incremental publish OK -> v2-results-ladder-probe (cells=0)
To https://github.com/xieguaiwu/LLMs-and-impossible-language-acquisition.git
 + 5607da96...01d3bd03 01d3bd03886b33434f2bc122d19fb933a764cfc2 -> v2-results-ladder-probe (forced update)
[2026-10-06T02:36:40+08:00] incremental publish OK -> v2-results-ladder-probe (cells=0)
To https://github.com/xieguaiwu/LLMs-and-impossible-language-acquisition.git
 + 01d3bd03...05ff3fc8 05ff3fc887b733f0277d4a863f305cd4b69ac116 -> v2-results-ladder-probe (forced update)
[2026-10-06T02:48:34+08:00] incremental publish OK -> v2-results-ladder-probe (cells=0)
To https://github.com/xieguaiwu/LLMs-and-impossible-language-acquisition.git
 + 05ff3fc8...dcbccc77 dcbccc77b097cc19ab2745e91ac330e684fa9515 -> v2-results-ladder-probe (forced update)
[2026-10-06T03:00:21+08:00] incremental publish OK -> v2-results-ladder-probe (cells=0)
To https://github.com/xieguaiwu/LLMs-and-impossible-language-acquisition.git
 + dcbccc77...6eac5801 6eac58015d27dfe27b75bc7bfaaed1336f9028d4 -> v2-results-ladder-probe (forced update)
[2026-10-06T03:12:14+08:00] incremental publish OK -> v2-results-ladder-probe (cells=0)
To https://github.com/xieguaiwu/LLMs-and-impossible-language-acquisition.git
 + 6eac5801...80892f17 80892f1772a794a57260d4ee7207dad00d3c1269 -> v2-results-ladder-probe (forced update)
[2026-10-06T03:23:58+08:00] incremental publish OK -> v2-results-ladder-probe (cells=0)
To https://github.com/xieguaiwu/LLMs-and-impossible-language-acquisition.git
 + 80892f17...98f63244 98f6324439b4017cf48d2705b2cd42dc52369d14 -> v2-results-ladder-probe (forced update)
[2026-10-06T03:35:52+08:00] incremental publish OK -> v2-results-ladder-probe (cells=0)
To https://github.com/xieguaiwu/LLMs-and-impossible-language-acquisition.git
 + 98f63244...8e14a8e7 8e14a8e78a6471b6c707d5ddeb7f90184ff3f762 -> v2-results-ladder-probe (forced update)
[2026-10-06T03:47:47+08:00] incremental publish OK -> v2-results-ladder-probe (cells=0)
To https://github.com/xieguaiwu/LLMs-and-impossible-language-acquisition.git
 + 8e14a8e7...b2620fc5 b2620fc55828a5fd0ece037af9a401e9d148eae7 -> v2-results-ladder-probe (forced update)
[2026-10-06T03:59:28+08:00] incremental publish OK -> v2-results-ladder-probe (cells=0)
To https://github.com/xieguaiwu/LLMs-and-impossible-language-acquisition.git
 + b2620fc5...0d60e967 0d60e96721e4fc2ba9e7820d151417868b605310 -> v2-results-ladder-probe (forced update)
[2026-10-06T04:11:09+08:00] incremental publish OK -> v2-results-ladder-probe (cells=0)
To https://github.com/xieguaiwu/LLMs-and-impossible-language-acquisition.git
 + 0d60e967...e7001dd6 e7001dd6cc4c7d64f5f45964170d2a627328b930 -> v2-results-ladder-probe (forced update)
[2026-10-06T04:23:19+08:00] incremental publish OK -> v2-results-ladder-probe (cells=0)
To https://github.com/xieguaiwu/LLMs-and-impossible-language-acquisition.git
 + e7001dd6...1cd4fe8d 1cd4fe8d7286b04247c49a818efd88a5b93bc287 -> v2-results-ladder-probe (forced update)
[2026-10-06T04:34:57+08:00] incremental publish OK -> v2-results-ladder-probe (cells=0)
To https://github.com/xieguaiwu/LLMs-and-impossible-language-acquisition.git
 + 1cd4fe8d...0ad69136 0ad691361a82200a2f2a071f0af8aa2486ced740 -> v2-results-ladder-probe (forced update)
[2026-10-06T04:46:29+08:00] incremental publish OK -> v2-results-ladder-probe (cells=0)
To https://github.com/xieguaiwu/LLMs-and-impossible-language-acquisition.git
 + 0ad69136...13f7e574 13f7e5742b7b8f717be73e80822dbf83835b51d1 -> v2-results-ladder-probe (forced update)
[2026-10-06T04:58:08+08:00] incremental publish OK -> v2-results-ladder-probe (cells=0)
To https://github.com/xieguaiwu/LLMs-and-impossible-language-acquisition.git
 + 13f7e574...f53cf220 f53cf2203fe3c80720968f8b527f03e4198f6e82 -> v2-results-ladder-probe (forced update)
[2026-10-06T05:10:04+08:00] incremental publish OK -> v2-results-ladder-probe (cells=0)
To https://github.com/xieguaiwu/LLMs-and-impossible-language-acquisition.git
 + f53cf220...218915bd 218915bd35f65f5fb180de1d43f3d4622c25933b -> v2-results-ladder-probe (forced update)
[2026-10-06T05:21:45+08:00] incremental publish OK -> v2-results-ladder-probe (cells=0)
To https://github.com/xieguaiwu/LLMs-and-impossible-language-acquisition.git
 + 218915bd...8be4cfd9 8be4cfd9144a1e982abf98f78609bfab0bb6c5d7 -> v2-results-ladder-probe (forced update)
[2026-10-06T05:33:36+08:00] incremental publish OK -> v2-results-ladder-probe (cells=0)
To https://github.com/xieguaiwu/LLMs-and-impossible-language-acquisition.git
 + 8be4cfd9...bf94616d bf94616db9dc5ea429c0f6487f02a0f7df587bd5 -> v2-results-ladder-probe (forced update)
[2026-10-06T05:45:18+08:00] incremental publish OK -> v2-results-ladder-probe (cells=0)
To https://github.com/xieguaiwu/LLMs-and-impossible-language-acquisition.git
 + bf94616d...edfec7b5 edfec7b5b2b52ec8cc3d0a1d08f7bfdc7fbcf8c0 -> v2-results-ladder-probe (forced update)
[2026-10-06T05:56:58+08:00] incremental publish OK -> v2-results-ladder-probe (cells=0)
To https://github.com/xieguaiwu/LLMs-and-impossible-language-acquisition.git
 + edfec7b5...fbd1eecd fbd1eecd1aca15b01ab1377ab199a2ec1e152376 -> v2-results-ladder-probe (forced update)
[2026-10-06T06:08:28+08:00] incremental publish OK -> v2-results-ladder-probe (cells=0)
To https://github.com/xieguaiwu/LLMs-and-impossible-language-acquisition.git
 + fbd1eecd...81582bea 81582beaa561b0886c4729e0f93d3b7735b8c36e -> v2-results-ladder-probe (forced update)
[2026-10-06T06:20:12+08:00] incremental publish OK -> v2-results-ladder-probe (cells=0)
To https://github.com/xieguaiwu/LLMs-and-impossible-language-acquisition.git
 + 81582bea...6760853b 6760853b2954cdc5feab4b416a67f2fcb9340c87 -> v2-results-ladder-probe (forced update)
[2026-10-06T06:31:57+08:00] incremental publish OK -> v2-results-ladder-probe (cells=0)
To https://github.com/xieguaiwu/LLMs-and-impossible-language-acquisition.git
 + 6760853b...34cfabba 34cfabbaea9d8a2826bbd736623870a99eb72a3c -> v2-results-ladder-probe (forced update)
[2026-10-06T06:44:26+08:00] incremental publish OK -> v2-results-ladder-probe (cells=0)
To https://github.com/xieguaiwu/LLMs-and-impossible-language-acquisition.git
 + 34cfabba...29f1794a 29f1794a0ae09a8ba6fa6c876ef4d927d3b8c350 -> v2-results-ladder-probe (forced update)
[2026-10-06T06:56:52+08:00] incremental publish OK -> v2-results-ladder-probe (cells=0)
To https://github.com/xieguaiwu/LLMs-and-impossible-language-acquisition.git
 + 29f1794a...d800df1b d800df1b5719846009d6cf37e6b7d516e6ff4549 -> v2-results-ladder-probe (forced update)
[2026-10-06T07:10:18+08:00] incremental publish OK -> v2-results-ladder-probe (cells=0)
To https://github.com/xieguaiwu/LLMs-and-impossible-language-acquisition.git
 + d800df1b...89b94917 89b94917803d75d1c831a6d82283b92a828f05e4 -> v2-results-ladder-probe (forced update)
[2026-10-06T07:22:06+08:00] incremental publish OK -> v2-results-ladder-probe (cells=0)
To https://github.com/xieguaiwu/LLMs-and-impossible-language-acquisition.git
 + 89b94917...7bd7702d 7bd7702d8b55b05c6be181ed2f228b17da6f1923 -> v2-results-ladder-probe (forced update)
[2026-10-06T07:33:37+08:00] incremental publish OK -> v2-results-ladder-probe (cells=0)
To https://github.com/xieguaiwu/LLMs-and-impossible-language-acquisition.git
 + 7bd7702d...bbaee013 bbaee0134170bd1d3f73956c172614ca400e73de -> v2-results-ladder-probe (forced update)
[2026-10-06T07:45:52+08:00] incremental publish OK -> v2-results-ladder-probe (cells=0)
remote: Internal Server Error        
remote: Request ID 8A80:28A607:489391:5C2177:6AC4399E        
remote: Time 2026-10-05T23:58:23Z
To https://github.com/xieguaiwu/LLMs-and-impossible-language-acquisition.git
 ! [remote rejected]   ac025de5ce0f02adb3365dfd3d97a20a2f9c005c -> v2-results-ladder-probe (Internal Server Error)
error: 无法推送一些引用到 'https://github.com/xieguaiwu/LLMs-and-impossible-language-acquisition.git'
[2026-10-06T07:58:23+08:00] incremental publish FAILED (cells=0)
To https://github.com/xieguaiwu/LLMs-and-impossible-language-acquisition.git
 + bbaee013...021600fe 021600fe06e3a3baf8e468d6296b73685d096902 -> v2-results-ladder-probe (forced update)
[2026-10-06T08:10:52+08:00] incremental publish OK -> v2-results-ladder-probe (cells=0)
To https://github.com/xieguaiwu/LLMs-and-impossible-language-acquisition.git
 + 021600fe...c33752ad c33752ad97a3c311bcd7456fc8898279d036b0bc -> v2-results-ladder-probe (forced update)
[2026-10-06T08:23:10+08:00] incremental publish OK -> v2-results-ladder-probe (cells=0)
To https://github.com/xieguaiwu/LLMs-and-impossible-language-acquisition.git
 + c33752ad...170ac203 170ac203fd1cf791fa165193428c170339f9f0c5 -> v2-results-ladder-probe (forced update)
[2026-10-06T08:35:30+08:00] incremental publish OK -> v2-results-ladder-probe (cells=0)
To https://github.com/xieguaiwu/LLMs-and-impossible-language-acquisition.git
 + 170ac203...9bd1ebc9 9bd1ebc9a3bcc9e855ae546324a6e3353cf93bbe -> v2-results-ladder-probe (forced update)
[2026-10-06T08:47:58+08:00] incremental publish OK -> v2-results-ladder-probe (cells=0)
To https://github.com/xieguaiwu/LLMs-and-impossible-language-acquisition.git
 + 9bd1ebc9...fa145087 fa145087c184625ded8cd87abd5f845669fb8263 -> v2-results-ladder-probe (forced update)
[2026-10-06T09:00:19+08:00] incremental publish OK -> v2-results-ladder-probe (cells=0)
To https://github.com/xieguaiwu/LLMs-and-impossible-language-acquisition.git
 + fa145087...24bb57f5 24bb57f524c317493e53b3ea571435e165b80f7a -> v2-results-ladder-probe (forced update)
[2026-10-06T09:13:30+08:00] incremental publish OK -> v2-results-ladder-probe (cells=0)
To https://github.com/xieguaiwu/LLMs-and-impossible-language-acquisition.git
 + 24bb57f5...f7bb0d4b f7bb0d4b4bd5813c55de7f7f27e215ca8706875f -> v2-results-ladder-probe (forced update)
[2026-10-06T09:28:01+08:00] incremental publish OK -> v2-results-ladder-probe (cells=0)
To https://github.com/xieguaiwu/LLMs-and-impossible-language-acquisition.git
 + f7bb0d4b...bedc6607 bedc6607b2684887e103be1b34be9aa9c9df9e1d -> v2-results-ladder-probe (forced update)
[2026-10-06T09:41:02+08:00] incremental publish OK -> v2-results-ladder-probe (cells=0)
To https://github.com/xieguaiwu/LLMs-and-impossible-language-acquisition.git
 + bedc6607...420417a6 420417a6922e6f1cab077008b9408d20e71662bc -> v2-results-ladder-probe (forced update)
[2026-10-06T09:54:30+08:00] incremental publish OK -> v2-results-ladder-probe (cells=0)
To https://github.com/xieguaiwu/LLMs-and-impossible-language-acquisition.git
 + 420417a6...9aa75a82 9aa75a8207075bd02afab3fca6e7ae8f69a6dbb4 -> v2-results-ladder-probe (forced update)
[2026-10-06T10:07:27+08:00] incremental publish OK -> v2-results-ladder-probe (cells=0)
To https://github.com/xieguaiwu/LLMs-and-impossible-language-acquisition.git
 + 9aa75a82...a557e018 a557e018e4554bdd144d5a4de1251976f99e5a2a -> v2-results-ladder-probe (forced update)
[2026-10-06T10:20:05+08:00] incremental publish OK -> v2-results-ladder-probe (cells=0)
To https://github.com/xieguaiwu/LLMs-and-impossible-language-acquisition.git
 + a557e018...c6335cf6 c6335cf64f82a88e4d66c93322d38eabdb506cb6 -> v2-results-ladder-probe (forced update)
[2026-10-06T10:32:58+08:00] incremental publish OK -> v2-results-ladder-probe (cells=0)
To https://github.com/xieguaiwu/LLMs-and-impossible-language-acquisition.git
 + c6335cf6...eba78bd3 eba78bd3b04aac616244683b7641c320255b7aae -> v2-results-ladder-probe (forced update)
[2026-10-06T10:46:24+08:00] incremental publish OK -> v2-results-ladder-probe (cells=0)
To https://github.com/xieguaiwu/LLMs-and-impossible-language-acquisition.git
 + eba78bd3...8519628f 8519628f3ee700a4399e21d3ab2fdebc32e610d4 -> v2-results-ladder-probe (forced update)
[2026-10-06T10:59:17+08:00] incremental publish OK -> v2-results-ladder-probe (cells=0)
To https://github.com/xieguaiwu/LLMs-and-impossible-language-acquisition.git
 + 8519628f...cef9acbe cef9acbeb0b6ffb6b50c32aa964d1a78c9d9407b -> v2-results-ladder-probe (forced update)
[2026-10-06T11:12:42+08:00] incremental publish OK -> v2-results-ladder-probe (cells=0)
To https://github.com/xieguaiwu/LLMs-and-impossible-language-acquisition.git
 + cef9acbe...1d3f541b 1d3f541b2811a61e5963d8db56dc11f01279ad9a -> v2-results-ladder-probe (forced update)
[2026-10-06T11:25:53+08:00] incremental publish OK -> v2-results-ladder-probe (cells=0)
To https://github.com/xieguaiwu/LLMs-and-impossible-language-acquisition.git
 + 1d3f541b...e22bc253 e22bc253706686266701ab45b6d7b9c721dce575 -> v2-results-ladder-probe (forced update)
[2026-10-06T11:38:43+08:00] incremental publish OK -> v2-results-ladder-probe (cells=0)
To https://github.com/xieguaiwu/LLMs-and-impossible-language-acquisition.git
 + e22bc253...bc95eae9 bc95eae97b1b478f641f885085537ea22e1c7357 -> v2-results-ladder-probe (forced update)
[2026-10-06T11:51:35+08:00] incremental publish OK -> v2-results-ladder-probe (cells=0)
To https://github.com/xieguaiwu/LLMs-and-impossible-language-acquisition.git
 + bc95eae9...0493b4b6 0493b4b618abc90758c6bf16896cef2f9bbccbd4 -> v2-results-ladder-probe (forced update)
[2026-10-06T12:04:24+08:00] incremental publish OK -> v2-results-ladder-probe (cells=0)
To https://github.com/xieguaiwu/LLMs-and-impossible-language-acquisition.git
 + 0493b4b6...77ed2d66 77ed2d66d5b23c5a0d9954e1a0cd0f23acfa4e7a -> v2-results-ladder-probe (forced update)
[2026-10-06T12:17:30+08:00] incremental publish OK -> v2-results-ladder-probe (cells=0)
To https://github.com/xieguaiwu/LLMs-and-impossible-language-acquisition.git
 + 77ed2d66...93da52f8 93da52f8d93ea3c27cf784735f567bb2df794ed7 -> v2-results-ladder-probe (forced update)
[2026-10-06T12:31:34+08:00] incremental publish OK -> v2-results-ladder-probe (cells=0)
To https://github.com/xieguaiwu/LLMs-and-impossible-language-acquisition.git
 + 93da52f8...9ac1465e 9ac1465e46d6ba1c2a3afdb6d3a9db844ee7b24d -> v2-results-ladder-probe (forced update)
[2026-10-06T12:49:28+08:00] incremental publish OK -> v2-results-ladder-probe (cells=0)
To https://github.com/xieguaiwu/LLMs-and-impossible-language-acquisition.git
 + 9ac1465e...799e0bdc 799e0bdc3ba661a975ca51af166926d116b0b1b1 -> v2-results-ladder-probe (forced update)
[2026-10-06T13:03:29+08:00] incremental publish OK -> v2-results-ladder-probe (cells=0)
To https://github.com/xieguaiwu/LLMs-and-impossible-language-acquisition.git
 + 799e0bdc...9cf58d83 9cf58d8371c89ba617155585816f6b3d54cdae98 -> v2-results-ladder-probe (forced update)
[2026-10-06T13:16:46+08:00] incremental publish OK -> v2-results-ladder-probe (cells=0)
To https://github.com/xieguaiwu/LLMs-and-impossible-language-acquisition.git
 + 9cf58d83...64c07ae0 64c07ae05ef4ec596f246ee5dc4f9766ce6521f7 -> v2-results-ladder-probe (forced update)
[2026-10-06T13:29:45+08:00] incremental publish OK -> v2-results-ladder-probe (cells=0)
To https://github.com/xieguaiwu/LLMs-and-impossible-language-acquisition.git
 + 64c07ae0...21c2cd3a 21c2cd3a130904f3eb38584e00579764ff2a390f -> v2-results-ladder-probe (forced update)
[2026-10-06T13:44:59+08:00] incremental publish OK -> v2-results-ladder-probe (cells=0)
To https://github.com/xieguaiwu/LLMs-and-impossible-language-acquisition.git
 + 21c2cd3a...7e1cb87c 7e1cb87c4b55a5a61ba5c20a08ea47baa74ecc97 -> v2-results-ladder-probe (forced update)
[2026-10-06T13:59:15+08:00] incremental publish OK -> v2-results-ladder-probe (cells=0)
To https://github.com/xieguaiwu/LLMs-and-impossible-language-acquisition.git
 + 7e1cb87c...cb5fb3e7 cb5fb3e7dd81a5b0fbb1af82246ce6405ae738bc -> v2-results-ladder-probe (forced update)
[2026-10-06T14:14:57+08:00] incremental publish OK -> v2-results-ladder-probe (cells=0)
To https://github.com/xieguaiwu/LLMs-and-impossible-language-acquisition.git
 + cb5fb3e7...e1943d35 e1943d35392ba4b894da90753c2c81c31136bfca -> v2-results-ladder-probe (forced update)
[2026-10-06T14:30:00+08:00] incremental publish OK -> v2-results-ladder-probe (cells=0)
To https://github.com/xieguaiwu/LLMs-and-impossible-language-acquisition.git
 + e1943d35...ce17500d ce17500d48932178fcc1fd2802c4c60d37e428ab -> v2-results-ladder-probe (forced update)
[2026-10-06T14:44:02+08:00] incremental publish OK -> v2-results-ladder-probe (cells=0)
To https://github.com/xieguaiwu/LLMs-and-impossible-language-acquisition.git
 + ce17500d...b672d28d b672d28d6057f7e2064f30db7563488545387c51 -> v2-results-ladder-probe (forced update)
[2026-10-06T14:59:17+08:00] incremental publish OK -> v2-results-ladder-probe (cells=0)
To https://github.com/xieguaiwu/LLMs-and-impossible-language-acquisition.git
 + b672d28d...8c6db70c 8c6db70c1090e6993b4d34d67a4c946d2154a335 -> v2-results-ladder-probe (forced update)
[2026-10-06T15:15:12+08:00] incremental publish OK -> v2-results-ladder-probe (cells=0)
To https://github.com/xieguaiwu/LLMs-and-impossible-language-acquisition.git
 + 8c6db70c...d4a23b73 d4a23b7366f4d19f0fd6ee0f0ce447fc276bfc86 -> v2-results-ladder-probe (forced update)
[2026-10-06T15:32:52+08:00] incremental publish OK -> v2-results-ladder-probe (cells=0)
To https://github.com/xieguaiwu/LLMs-and-impossible-language-acquisition.git
 + d4a23b73...fa800a77 fa800a77770ac94e2c8c3b5c686f3e068bef504d -> v2-results-ladder-probe (forced update)
[2026-10-06T15:50:20+08:00] incremental publish OK -> v2-results-ladder-probe (cells=0)
To https://github.com/xieguaiwu/LLMs-and-impossible-language-acquisition.git
 + fa800a77...fcb1a459 fcb1a459694aa4cabf307233d2e8e424d592f7c1 -> v2-results-ladder-probe (forced update)
[2026-10-06T16:09:32+08:00] incremental publish OK -> v2-results-ladder-probe (cells=0)
To https://github.com/xieguaiwu/LLMs-and-impossible-language-acquisition.git
 + fcb1a459...1ac877fc 1ac877fc861883350f5939437c0fdc09b47b0ca2 -> v2-results-ladder-probe (forced update)
[2026-10-06T16:25:33+08:00] incremental publish OK -> v2-results-ladder-probe (cells=0)
To https://github.com/xieguaiwu/LLMs-and-impossible-language-acquisition.git
 + 1ac877fc...ccd87caf ccd87caf4ed4a82342a7d2718ccb7a454437861a -> v2-results-ladder-probe (forced update)
[2026-10-06T16:39:40+08:00] incremental publish OK -> v2-results-ladder-probe (cells=0)
To https://github.com/xieguaiwu/LLMs-and-impossible-language-acquisition.git
 + ccd87caf...79ffcf9b 79ffcf9b807209f0c565f17e05ba32c69eac93ca -> v2-results-ladder-probe (forced update)
[2026-10-06T16:53:34+08:00] incremental publish OK -> v2-results-ladder-probe (cells=0)
To https://github.com/xieguaiwu/LLMs-and-impossible-language-acquisition.git
 + 79ffcf9b...f2f92418 f2f92418ed4a1dc868b6abbc1ee053c1b49ccc2c -> v2-results-ladder-probe (forced update)
[2026-10-06T17:07:23+08:00] incremental publish OK -> v2-results-ladder-probe (cells=0)
To https://github.com/xieguaiwu/LLMs-and-impossible-language-acquisition.git
 + f2f92418...2896b66a 2896b66a1422d5546f9efe1a9b9d52303ca696da -> v2-results-ladder-probe (forced update)
[2026-10-06T17:22:07+08:00] incremental publish OK -> v2-results-ladder-probe (cells=0)
To https://github.com/xieguaiwu/LLMs-and-impossible-language-acquisition.git
 + 2896b66a...2ac802df 2ac802df3560a6de781ab8a6c0af76f37112b35e -> v2-results-ladder-probe (forced update)
[2026-10-06T17:36:42+08:00] incremental publish OK -> v2-results-ladder-probe (cells=0)
To https://github.com/xieguaiwu/LLMs-and-impossible-language-acquisition.git
 + 2ac802df...beffb3d2 beffb3d21ffd7dfb864e1f2900ee2307bec17694 -> v2-results-ladder-probe (forced update)
[2026-10-06T17:50:58+08:00] incremental publish OK -> v2-results-ladder-probe (cells=0)
To https://github.com/xieguaiwu/LLMs-and-impossible-language-acquisition.git
 + beffb3d2...f802c39e f802c39e409cb9efbc3c056047126fed8becfa31 -> v2-results-ladder-probe (forced update)
[2026-10-06T18:04:03+08:00] incremental publish OK -> v2-results-ladder-probe (cells=0)
To https://github.com/xieguaiwu/LLMs-and-impossible-language-acquisition.git
 + f802c39e...a13fc244 a13fc244992f292ad7bcf640d3d34c33a7cc62c9 -> v2-results-ladder-probe (forced update)
[2026-10-06T18:17:18+08:00] incremental publish OK -> v2-results-ladder-probe (cells=0)
To https://github.com/xieguaiwu/LLMs-and-impossible-language-acquisition.git
 + a13fc244...59afc887 59afc88708880802928e3e292d8bd3757ccac32c -> v2-results-ladder-probe (forced update)
[2026-10-06T18:30:54+08:00] incremental publish OK -> v2-results-ladder-probe (cells=0)
To https://github.com/xieguaiwu/LLMs-and-impossible-language-acquisition.git
 + 59afc887...77c9baf0 77c9baf06108074291c3920368fafdada11fbdee -> v2-results-ladder-probe (forced update)
[2026-10-06T18:45:09+08:00] incremental publish OK -> v2-results-ladder-probe (cells=0)
To https://github.com/xieguaiwu/LLMs-and-impossible-language-acquisition.git
 + 77c9baf0...b537f5e2 b537f5e2783dff14f7e1ba98a1fffc25bfbf2025 -> v2-results-ladder-probe (forced update)
[2026-10-06T18:59:22+08:00] incremental publish OK -> v2-results-ladder-probe (cells=0)
To https://github.com/xieguaiwu/LLMs-and-impossible-language-acquisition.git
 + b537f5e2...9b83a3f2 9b83a3f2698c075066733ca8b4491c6a3b5102e7 -> v2-results-ladder-probe (forced update)
[2026-10-06T19:16:25+08:00] incremental publish OK -> v2-results-ladder-probe (cells=0)
To https://github.com/xieguaiwu/LLMs-and-impossible-language-acquisition.git
 + 9b83a3f2...23df8bcf 23df8bcf5af14b4c366eef269bbd272b653cfc8c -> v2-results-ladder-probe (forced update)
[2026-10-06T19:30:27+08:00] incremental publish OK -> v2-results-ladder-probe (cells=0)
To https://github.com/xieguaiwu/LLMs-and-impossible-language-acquisition.git
 + 23df8bcf...e28ff3ac e28ff3ac5a2f000d881a283e44e4d62b40b1872f -> v2-results-ladder-probe (forced update)
[2026-10-06T19:44:10+08:00] incremental publish OK -> v2-results-ladder-probe (cells=0)
To https://github.com/xieguaiwu/LLMs-and-impossible-language-acquisition.git
 + e28ff3ac...197bf763 197bf763d947ead0df398f2f435d31150150a17e -> v2-results-ladder-probe (forced update)
[2026-10-06T19:58:10+08:00] incremental publish OK -> v2-results-ladder-probe (cells=0)
To https://github.com/xieguaiwu/LLMs-and-impossible-language-acquisition.git
 + 197bf763...350073e1 350073e1f4290deae8430d1f5a9502b686cca9a4 -> v2-results-ladder-probe (forced update)
[2026-10-06T20:12:30+08:00] incremental publish OK -> v2-results-ladder-probe (cells=0)
To https://github.com/xieguaiwu/LLMs-and-impossible-language-acquisition.git
 + 350073e1...78d9e358 78d9e3582dcd49192293f1b39ce53b58743fb26a -> v2-results-ladder-probe (forced update)
[2026-10-06T20:28:07+08:00] incremental publish OK -> v2-results-ladder-probe (cells=0)
To https://github.com/xieguaiwu/LLMs-and-impossible-language-acquisition.git
 + 78d9e358...cf758598 cf758598eb4b229abe75ab9ecaf39aeecd46b041 -> v2-results-ladder-probe (forced update)
[2026-10-06T20:42:41+08:00] incremental publish OK -> v2-results-ladder-probe (cells=0)
To https://github.com/xieguaiwu/LLMs-and-impossible-language-acquisition.git
 + cf758598...7128e9e9 7128e9e9495b6a45c218ece37818e5c0723c8bbc -> v2-results-ladder-probe (forced update)
[2026-10-06T20:57:27+08:00] incremental publish OK -> v2-results-ladder-probe (cells=0)
To https://github.com/xieguaiwu/LLMs-and-impossible-language-acquisition.git
 + 7128e9e9...b37019db b37019db8a1406de6e824cc309f004be0c4f1c60 -> v2-results-ladder-probe (forced update)
[2026-10-06T21:12:26+08:00] incremental publish OK -> v2-results-ladder-probe (cells=0)
To https://github.com/xieguaiwu/LLMs-and-impossible-language-acquisition.git
 + b37019db...70cb8e72 70cb8e721b4c01751fb5aa2a4b948e59c4d73eb3 -> v2-results-ladder-probe (forced update)
[2026-10-06T21:26:54+08:00] incremental publish OK -> v2-results-ladder-probe (cells=0)
To https://github.com/xieguaiwu/LLMs-and-impossible-language-acquisition.git
 + 70cb8e72...9e3512f1 9e3512f1f0b303475ad9d86703e6f0c877e2ef11 -> v2-results-ladder-probe (forced update)
[2026-10-06T21:41:55+08:00] incremental publish OK -> v2-results-ladder-probe (cells=0)
To https://github.com/xieguaiwu/LLMs-and-impossible-language-acquisition.git
 + 9e3512f1...320583d2 320583d2534925a0abaa533707a2f30a5bc55702 -> v2-results-ladder-probe (forced update)
[2026-10-06T21:56:54+08:00] incremental publish OK -> v2-results-ladder-probe (cells=0)
To https://github.com/xieguaiwu/LLMs-and-impossible-language-acquisition.git
 + 320583d2...3df4481e 3df4481e60e0177ce3c796f8c6ec6c4fec0780bf -> v2-results-ladder-probe (forced update)
[2026-10-06T22:11:53+08:00] incremental publish OK -> v2-results-ladder-probe (cells=0)
To https://github.com/xieguaiwu/LLMs-and-impossible-language-acquisition.git
 + 3df4481e...5911eee9 5911eee9f9894571194d660681e8f7987ce18f78 -> v2-results-ladder-probe (forced update)
[2026-10-06T22:27:33+08:00] incremental publish OK -> v2-results-ladder-probe (cells=0)
To https://github.com/xieguaiwu/LLMs-and-impossible-language-acquisition.git
 + 5911eee9...88afbff7 88afbff7837596234aff7f7bf2cbce484f504946 -> v2-results-ladder-probe (forced update)
[2026-10-06T22:43:04+08:00] incremental publish OK -> v2-results-ladder-probe (cells=0)
To https://github.com/xieguaiwu/LLMs-and-impossible-language-acquisition.git
 + 88afbff7...b119bab6 b119bab65e874cca91318d68cfc516214ed2b62b -> v2-results-ladder-probe (forced update)
[2026-10-06T22:58:14+08:00] incremental publish OK -> v2-results-ladder-probe (cells=0)
To https://github.com/xieguaiwu/LLMs-and-impossible-language-acquisition.git
 + b119bab6...8083372d 8083372d6fa60e4c1ec0fb20b99ec9857448d3c3 -> v2-results-ladder-probe (forced update)
[2026-10-06T23:13:44+08:00] incremental publish OK -> v2-results-ladder-probe (cells=0)
To https://github.com/xieguaiwu/LLMs-and-impossible-language-acquisition.git
 + 8083372d...b7c5f9d7 b7c5f9d7da1459dd617b04c2c23d1069492bb8ea -> v2-results-ladder-probe (forced update)
[2026-10-06T23:29:29+08:00] incremental publish OK -> v2-results-ladder-probe (cells=0)
To https://github.com/xieguaiwu/LLMs-and-impossible-language-acquisition.git
 + b7c5f9d7...2254a95a 2254a95a48554377826cc4bc0fdf4df1ba4ce169 -> v2-results-ladder-probe (forced update)
[2026-10-06T23:45:14+08:00] incremental publish OK -> v2-results-ladder-probe (cells=0)
To https://github.com/xieguaiwu/LLMs-and-impossible-language-acquisition.git
 + 2254a95a...c7a67d62 c7a67d627a0de6b035b9304013316b2dfd2d5c0b -> v2-results-ladder-probe (forced update)
[2026-10-07T00:00:43+08:00] incremental publish OK -> v2-results-ladder-probe (cells=0)
To https://github.com/xieguaiwu/LLMs-and-impossible-language-acquisition.git
 + c7a67d62...fceeb26d fceeb26de8567f9a43514fd60af18f8376d2143c -> v2-results-ladder-probe (forced update)
[2026-10-07T00:16:55+08:00] incremental publish OK -> v2-results-ladder-probe (cells=0)
To https://github.com/xieguaiwu/LLMs-and-impossible-language-acquisition.git
 + fceeb26d...951fcf7a 951fcf7a2ee93a0edf8a4b7531d4e43060bdd45b -> v2-results-ladder-probe (forced update)
[2026-10-07T00:31:58+08:00] incremental publish OK -> v2-results-ladder-probe (cells=0)
To https://github.com/xieguaiwu/LLMs-and-impossible-language-acquisition.git
 + 951fcf7a...64878ae4 64878ae4fdc370ad0cf20e83ee07e8fa6ff69fa1 -> v2-results-ladder-probe (forced update)
[2026-10-07T00:45:59+08:00] incremental publish OK -> v2-results-ladder-probe (cells=0)
To https://github.com/xieguaiwu/LLMs-and-impossible-language-acquisition.git
 + 64878ae4...4beb73f5 4beb73f5299d56918c22e1859fbbac74aaf19053 -> v2-results-ladder-probe (forced update)
[2026-10-07T00:59:54+08:00] incremental publish OK -> v2-results-ladder-probe (cells=0)
To https://github.com/xieguaiwu/LLMs-and-impossible-language-acquisition.git
 + 4beb73f5...ec096028 ec0960280aa845f1315f1c44d7e28bdc8e25584d -> v2-results-ladder-probe (forced update)
[2026-10-07T01:14:03+08:00] incremental publish OK -> v2-results-ladder-probe (cells=0)
To https://github.com/xieguaiwu/LLMs-and-impossible-language-acquisition.git
 + ec096028...6e5b5f0a 6e5b5f0ac840e5cbdb170c2596e53563d677e44b -> v2-results-ladder-probe (forced update)
[2026-10-07T01:28:07+08:00] incremental publish OK -> v2-results-ladder-probe (cells=0)
To https://github.com/xieguaiwu/LLMs-and-impossible-language-acquisition.git
 + 6e5b5f0a...faa7a6a7 faa7a6a70b157d53f94f6275c7b22f0d228346d6 -> v2-results-ladder-probe (forced update)
[2026-10-07T01:41:51+08:00] incremental publish OK -> v2-results-ladder-probe (cells=0)
To https://github.com/xieguaiwu/LLMs-and-impossible-language-acquisition.git
 + faa7a6a7...35d7ec35 35d7ec3509f0f0ec96951081cb5bc096ca5d9f16 -> v2-results-ladder-probe (forced update)
[2026-10-07T01:55:04+08:00] incremental publish OK -> v2-results-ladder-probe (cells=0)
To https://github.com/xieguaiwu/LLMs-and-impossible-language-acquisition.git
 + 35d7ec35...f1395cf2 f1395cf24f22ead6efeb5d185ca38d456cb8b834 -> v2-results-ladder-probe (forced update)
[2026-10-07T02:07:46+08:00] incremental publish OK -> v2-results-ladder-probe (cells=0)
To https://github.com/xieguaiwu/LLMs-and-impossible-language-acquisition.git
 + f1395cf2...9043b433 9043b4330f56f577de1fa500f0c4f729906ff88b -> v2-results-ladder-probe (forced update)
[2026-10-07T02:20:01+08:00] incremental publish OK -> v2-results-ladder-probe (cells=0)
To https://github.com/xieguaiwu/LLMs-and-impossible-language-acquisition.git
 + 9043b433...7b850153 7b850153256160a28e5c2e344a8a1b335b69713d -> v2-results-ladder-probe (forced update)
[2026-10-07T02:31:52+08:00] incremental publish OK -> v2-results-ladder-probe (cells=0)
To https://github.com/xieguaiwu/LLMs-and-impossible-language-acquisition.git
 + 7b850153...ff60dae2 ff60dae2662605c097099874e64d508ed38d8df7 -> v2-results-ladder-probe (forced update)
[2026-10-07T02:43:37+08:00] incremental publish OK -> v2-results-ladder-probe (cells=0)
To https://github.com/xieguaiwu/LLMs-and-impossible-language-acquisition.git
 + ff60dae2...37e96a84 37e96a84c8e19be34683479f06bd3ab6a2bd94d7 -> v2-results-ladder-probe (forced update)
[2026-10-07T02:55:23+08:00] incremental publish OK -> v2-results-ladder-probe (cells=0)
To https://github.com/xieguaiwu/LLMs-and-impossible-language-acquisition.git
 + 37e96a84...62213e8a 62213e8a8f8213d7b27730951056c49e7f6ab14b -> v2-results-ladder-probe (forced update)
[2026-10-07T03:07:43+08:00] incremental publish OK -> v2-results-ladder-probe (cells=0)
To https://github.com/xieguaiwu/LLMs-and-impossible-language-acquisition.git
 + 62213e8a...2dd6fc8e 2dd6fc8ed7a4ca9311d3e7878bd63c9d61990750 -> v2-results-ladder-probe (forced update)
[2026-10-07T03:20:01+08:00] incremental publish OK -> v2-results-ladder-probe (cells=0)
To https://github.com/xieguaiwu/LLMs-and-impossible-language-acquisition.git
 + 2dd6fc8e...d8e8d3c8 d8e8d3c81a52466714d7ba698f86782930cfbc50 -> v2-results-ladder-probe (forced update)
[2026-10-07T03:31:52+08:00] incremental publish OK -> v2-results-ladder-probe (cells=0)
To https://github.com/xieguaiwu/LLMs-and-impossible-language-acquisition.git
 + d8e8d3c8...dce6346b dce6346bd23a759eaad7b37d05393974bad8f9fa -> v2-results-ladder-probe (forced update)
[2026-10-07T03:43:30+08:00] incremental publish OK -> v2-results-ladder-probe (cells=0)
To https://github.com/xieguaiwu/LLMs-and-impossible-language-acquisition.git
 + dce6346b...62369911 623699114becde121b9f87123b036273fd9cd05a -> v2-results-ladder-probe (forced update)
[2026-10-07T03:54:55+08:00] incremental publish OK -> v2-results-ladder-probe (cells=0)
To https://github.com/xieguaiwu/LLMs-and-impossible-language-acquisition.git
 + 62369911...b5887e4b b5887e4b1ed518ed25130a09fbd4b40dbed44377 -> v2-results-ladder-probe (forced update)
[2026-10-07T04:06:15+08:00] incremental publish OK -> v2-results-ladder-probe (cells=0)
To https://github.com/xieguaiwu/LLMs-and-impossible-language-acquisition.git
 + b5887e4b...6776645b 6776645b8533f76f1760b1e1b6450e734bba1bf9 -> v2-results-ladder-probe (forced update)
[2026-10-07T04:18:05+08:00] incremental publish OK -> v2-results-ladder-probe (cells=0)
To https://github.com/xieguaiwu/LLMs-and-impossible-language-acquisition.git
 + 6776645b...fe8d764b fe8d764b375b5d2c9aab690e0e7655e8c9453720 -> v2-results-ladder-probe (forced update)
[2026-10-07T04:29:35+08:00] incremental publish OK -> v2-results-ladder-probe (cells=0)
To https://github.com/xieguaiwu/LLMs-and-impossible-language-acquisition.git
 + fe8d764b...77cfca8c 77cfca8c101a1e1d8c2f53a30dacdda281948b84 -> v2-results-ladder-probe (forced update)
[2026-10-07T04:41:02+08:00] incremental publish OK -> v2-results-ladder-probe (cells=0)
To https://github.com/xieguaiwu/LLMs-and-impossible-language-acquisition.git
 + 77cfca8c...66c20b4d 66c20b4d4fe4af018ac7994ae061716c7884c28f -> v2-results-ladder-probe (forced update)
[2026-10-07T04:52:58+08:00] incremental publish OK -> v2-results-ladder-probe (cells=0)
To https://github.com/xieguaiwu/LLMs-and-impossible-language-acquisition.git
 + 66c20b4d...9ac72d01 9ac72d01a51e4d8f2d2a30239b2d97347d57c376 -> v2-results-ladder-probe (forced update)
[2026-10-07T05:04:58+08:00] incremental publish OK -> v2-results-ladder-probe (cells=0)
To https://github.com/xieguaiwu/LLMs-and-impossible-language-acquisition.git
 + 9ac72d01...72c6139e 72c6139e7d128ba53179a0f4087682b55aeb4c10 -> v2-results-ladder-probe (forced update)
[2026-10-07T05:17:06+08:00] incremental publish OK -> v2-results-ladder-probe (cells=0)
To https://github.com/xieguaiwu/LLMs-and-impossible-language-acquisition.git
 + 72c6139e...afc5a828 afc5a828b379a3cbed3c49f5ed96bee346a28f31 -> v2-results-ladder-probe (forced update)
[2026-10-07T05:28:49+08:00] incremental publish OK -> v2-results-ladder-probe (cells=0)
To https://github.com/xieguaiwu/LLMs-and-impossible-language-acquisition.git
 + afc5a828...bf6c6f05 bf6c6f05b5e1280ec264731ad56a74ff56113b91 -> v2-results-ladder-probe (forced update)
[2026-10-07T05:40:30+08:00] incremental publish OK -> v2-results-ladder-probe (cells=0)
To https://github.com/xieguaiwu/LLMs-and-impossible-language-acquisition.git
 + bf6c6f05...2a91db87 2a91db8729d58c69a18a3884a5317509b1d8597f -> v2-results-ladder-probe (forced update)
[2026-10-07T05:52:09+08:00] incremental publish OK -> v2-results-ladder-probe (cells=0)
To https://github.com/xieguaiwu/LLMs-and-impossible-language-acquisition.git
 + 2a91db87...b5a91b2f b5a91b2f3715b53231602432e4c4d8a88333d67b -> v2-results-ladder-probe (forced update)
[2026-10-07T06:03:41+08:00] incremental publish OK -> v2-results-ladder-probe (cells=0)
To https://github.com/xieguaiwu/LLMs-and-impossible-language-acquisition.git
 + b5a91b2f...dd0b837c dd0b837caa8686dde164365c6e405e0c7229a9d4 -> v2-results-ladder-probe (forced update)
[2026-10-07T06:15:23+08:00] incremental publish OK -> v2-results-ladder-probe (cells=0)
To https://github.com/xieguaiwu/LLMs-and-impossible-language-acquisition.git
 + dd0b837c...8456e4c7 8456e4c702a9593c43b5ebab95d8b345e2c26f60 -> v2-results-ladder-probe (forced update)
[2026-10-07T06:27:04+08:00] incremental publish OK -> v2-results-ladder-probe (cells=0)
To https://github.com/xieguaiwu/LLMs-and-impossible-language-acquisition.git
 + 8456e4c7...ec1b2ef3 ec1b2ef3d0ba0d9320c0a44b76eebc8b0f920f07 -> v2-results-ladder-probe (forced update)
[2026-10-07T06:38:51+08:00] incremental publish OK -> v2-results-ladder-probe (cells=0)
To https://github.com/xieguaiwu/LLMs-and-impossible-language-acquisition.git
 + ec1b2ef3...10ff2326 10ff2326e3ddbff534a7595e4b18b470e9a26514 -> v2-results-ladder-probe (forced update)
[2026-10-07T06:50:34+08:00] incremental publish OK -> v2-results-ladder-probe (cells=0)
To https://github.com/xieguaiwu/LLMs-and-impossible-language-acquisition.git
 + 10ff2326...d1b5dbc4 d1b5dbc4f9c7ea04fe01f23bd05cd370b5179386 -> v2-results-ladder-probe (forced update)
[2026-10-07T07:02:13+08:00] incremental publish OK -> v2-results-ladder-probe (cells=0)
To https://github.com/xieguaiwu/LLMs-and-impossible-language-acquisition.git
 + d1b5dbc4...c2527792 c25277927c2d882a70a46028227e88adab5cb169 -> v2-results-ladder-probe (forced update)
[2026-10-07T07:13:45+08:00] incremental publish OK -> v2-results-ladder-probe (cells=0)
To https://github.com/xieguaiwu/LLMs-and-impossible-language-acquisition.git
 + c2527792...88ad33de 88ad33de462fa8e8f1f364920f8164691a90a714 -> v2-results-ladder-probe (forced update)
[2026-10-07T07:25:22+08:00] incremental publish OK -> v2-results-ladder-probe (cells=0)
To https://github.com/xieguaiwu/LLMs-and-impossible-language-acquisition.git
 + 88ad33de...f7af0221 f7af0221a202129ffdd127b79d1903a9bafb2c87 -> v2-results-ladder-probe (forced update)
[2026-10-07T07:37:03+08:00] incremental publish OK -> v2-results-ladder-probe (cells=0)
To https://github.com/xieguaiwu/LLMs-and-impossible-language-acquisition.git
 + f7af0221...3850bfe3 3850bfe3b2d2761b8e082269953dc5815563ca8f -> v2-results-ladder-probe (forced update)
[2026-10-07T07:49:08+08:00] incremental publish OK -> v2-results-ladder-probe (cells=0)
To https://github.com/xieguaiwu/LLMs-and-impossible-language-acquisition.git
 + 3850bfe3...25a30874 25a308744c2b22f7d3342031dc42d5268d6f2485 -> v2-results-ladder-probe (forced update)
[2026-10-07T08:01:24+08:00] incremental publish OK -> v2-results-ladder-probe (cells=0)
To https://github.com/xieguaiwu/LLMs-and-impossible-language-acquisition.git
 + 25a30874...956b7ca0 956b7ca038fdda6dad4345a43760ee20df55f72f -> v2-results-ladder-probe (forced update)
[2026-10-07T08:13:39+08:00] incremental publish OK -> v2-results-ladder-probe (cells=0)
To https://github.com/xieguaiwu/LLMs-and-impossible-language-acquisition.git
 + 956b7ca0...e9c1304b e9c1304b031c7787bd4b8ca5862c4db41ff6a532 -> v2-results-ladder-probe (forced update)
[2026-10-07T08:25:57+08:00] incremental publish OK -> v2-results-ladder-probe (cells=0)
To https://github.com/xieguaiwu/LLMs-and-impossible-language-acquisition.git
 + e9c1304b...c6233f3c c6233f3c3ee6cd29a15cc44000a9657b2b384cb0 -> v2-results-ladder-probe (forced update)
[2026-10-07T08:38:12+08:00] incremental publish OK -> v2-results-ladder-probe (cells=0)
To https://github.com/xieguaiwu/LLMs-and-impossible-language-acquisition.git
 + c6233f3c...227ba02e 227ba02e0d588c3be3f5bfc4dc895076d8eb20de -> v2-results-ladder-probe (forced update)
[2026-10-07T08:50:30+08:00] incremental publish OK -> v2-results-ladder-probe (cells=0)
To https://github.com/xieguaiwu/LLMs-and-impossible-language-acquisition.git
 + 227ba02e...e2fe2f6c e2fe2f6cca3ac1781d17414262625497f4d469bc -> v2-results-ladder-probe (forced update)
[2026-10-07T09:10:45+08:00] incremental publish OK -> v2-results-ladder-probe (cells=0)
To https://github.com/xieguaiwu/LLMs-and-impossible-language-acquisition.git
 + e2fe2f6c...594be5c2 594be5c2911e734bfccadd8e783c49121375f3c5 -> v2-results-ladder-probe (forced update)
[2026-10-07T09:28:55+08:00] incremental publish OK -> v2-results-ladder-probe (cells=0)
To https://github.com/xieguaiwu/LLMs-and-impossible-language-acquisition.git
 + 594be5c2...93681701 9368170191c544f8aea44bbc76fe6bb8feaf8a81 -> v2-results-ladder-probe (forced update)
[2026-10-07T09:43:14+08:00] incremental publish OK -> v2-results-ladder-probe (cells=0)
To https://github.com/xieguaiwu/LLMs-and-impossible-language-acquisition.git
 + 93681701...d83cc476 d83cc476b0b5f51bfc4958d77e2e4e6f62c87b1d -> v2-results-ladder-probe (forced update)
[2026-10-07T09:56:52+08:00] incremental publish OK -> v2-results-ladder-probe (cells=0)
To https://github.com/xieguaiwu/LLMs-and-impossible-language-acquisition.git
 + d83cc476...e7b6c758 e7b6c75803ec21526dee54505718d714c0278d61 -> v2-results-ladder-probe (forced update)
[2026-10-07T10:10:03+08:00] incremental publish OK -> v2-results-ladder-probe (cells=0)
To https://github.com/xieguaiwu/LLMs-and-impossible-language-acquisition.git
 + e7b6c758...57686575 5768657531d035725d5e927358be3dbcfcacaa50 -> v2-results-ladder-probe (forced update)
[2026-10-07T10:22:25+08:00] incremental publish OK -> v2-results-ladder-probe (cells=0)
To https://github.com/xieguaiwu/LLMs-and-impossible-language-acquisition.git
 + 57686575...1add23aa 1add23aac1916fee97e0ea4c548c416f57d1cfbc -> v2-results-ladder-probe (forced update)
[2026-10-07T10:35:00+08:00] incremental publish OK -> v2-results-ladder-probe (cells=0)
To https://github.com/xieguaiwu/LLMs-and-impossible-language-acquisition.git
 + 1add23aa...ecb27a0c ecb27a0caa82261e44024d543cd3511bff13138b -> v2-results-ladder-probe (forced update)
[2026-10-07T10:48:59+08:00] incremental publish OK -> v2-results-ladder-probe (cells=0)
To https://github.com/xieguaiwu/LLMs-and-impossible-language-acquisition.git
 + ecb27a0c...bf89b2ae bf89b2aec8c5b6eef4f03bace41ed6cf9ba62858 -> v2-results-ladder-probe (forced update)
[2026-10-07T11:03:04+08:00] incremental publish OK -> v2-results-ladder-probe (cells=0)
To https://github.com/xieguaiwu/LLMs-and-impossible-language-acquisition.git
 + bf89b2ae...7f6d008d 7f6d008d2091109d80b772664feb66c64b953106 -> v2-results-ladder-probe (forced update)
[2026-10-07T11:16:33+08:00] incremental publish OK -> v2-results-ladder-probe (cells=0)
To https://github.com/xieguaiwu/LLMs-and-impossible-language-acquisition.git
 + 7f6d008d...ebf1649c ebf1649ceab7f17f21159722db0e4cc911c0abee -> v2-results-ladder-probe (forced update)
[2026-10-07T11:29:19+08:00] incremental publish OK -> v2-results-ladder-probe (cells=0)
To https://github.com/xieguaiwu/LLMs-and-impossible-language-acquisition.git
 + ebf1649c...a2124e01 a2124e01872b085795dd170748a642e72edde774 -> v2-results-ladder-probe (forced update)
[2026-10-07T11:42:14+08:00] incremental publish OK -> v2-results-ladder-probe (cells=0)
To https://github.com/xieguaiwu/LLMs-and-impossible-language-acquisition.git
 + a2124e01...950765f9 950765f9854fe1ffa356b48dbb2e3ba3e15cb972 -> v2-results-ladder-probe (forced update)
[2026-10-07T11:55:33+08:00] incremental publish OK -> v2-results-ladder-probe (cells=0)
To https://github.com/xieguaiwu/LLMs-and-impossible-language-acquisition.git
 + 950765f9...d8dcc4e2 d8dcc4e21db09e3b32c28f07cb408b422141c57c -> v2-results-ladder-probe (forced update)
[2026-10-07T12:09:53+08:00] incremental publish OK -> v2-results-ladder-probe (cells=0)
To https://github.com/xieguaiwu/LLMs-and-impossible-language-acquisition.git
 + d8dcc4e2...169f5d89 169f5d89bc606b52c344f1a1c645852c5de027fb -> v2-results-ladder-probe (forced update)
[2026-10-07T12:22:51+08:00] incremental publish OK -> v2-results-ladder-probe (cells=0)
To https://github.com/xieguaiwu/LLMs-and-impossible-language-acquisition.git
 + 169f5d89...ed103483 ed103483173a4af40eaede917e315591571f9140 -> v2-results-ladder-probe (forced update)
[2026-10-07T12:35:34+08:00] incremental publish OK -> v2-results-ladder-probe (cells=0)
To https://github.com/xieguaiwu/LLMs-and-impossible-language-acquisition.git
 + ed103483...6507805d 6507805d357e67f2f3a5ab9168e0d0fa1c74caf0 -> v2-results-ladder-probe (forced update)
[2026-10-07T12:48:09+08:00] incremental publish OK -> v2-results-ladder-probe (cells=0)
To https://github.com/xieguaiwu/LLMs-and-impossible-language-acquisition.git
 + 6507805d...ac117a77 ac117a777f1644a2709bb9d0171c284409999307 -> v2-results-ladder-probe (forced update)
[2026-10-07T13:00:53+08:00] incremental publish OK -> v2-results-ladder-probe (cells=0)
To https://github.com/xieguaiwu/LLMs-and-impossible-language-acquisition.git
 + ac117a77...4185f764 4185f76419353a2a169332e1fcfb85556b9827b4 -> v2-results-ladder-probe (forced update)
[2026-10-07T13:13:33+08:00] incremental publish OK -> v2-results-ladder-probe (cells=0)
To https://github.com/xieguaiwu/LLMs-and-impossible-language-acquisition.git
 + 4185f764...a16c922e a16c922e6d438189a733e9b64dddea201248dce2 -> v2-results-ladder-probe (forced update)
[2026-10-07T13:26:28+08:00] incremental publish OK -> v2-results-ladder-probe (cells=0)
To https://github.com/xieguaiwu/LLMs-and-impossible-language-acquisition.git
 + a16c922e...212c51ea 212c51ea73b57236c77758cf34426af361ab652b -> v2-results-ladder-probe (forced update)
[2026-10-07T13:39:47+08:00] incremental publish OK -> v2-results-ladder-probe (cells=0)
To https://github.com/xieguaiwu/LLMs-and-impossible-language-acquisition.git
 + 212c51ea...5310ffb0 5310ffb0b269f0c368392e144f797b69c25cae76 -> v2-results-ladder-probe (forced update)
[2026-10-07T13:52:40+08:00] incremental publish OK -> v2-results-ladder-probe (cells=0)
To https://github.com/xieguaiwu/LLMs-and-impossible-language-acquisition.git
 + 5310ffb0...d4ec690f d4ec690f2bea96b98367eb3b8b3844a863235631 -> v2-results-ladder-probe (forced update)
[2026-10-07T14:05:27+08:00] incremental publish OK -> v2-results-ladder-probe (cells=0)
To https://github.com/xieguaiwu/LLMs-and-impossible-language-acquisition.git
 + d4ec690f...853c08a1 853c08a12f732135c551fd7fb2ae3b4c8f1e7f78 -> v2-results-ladder-probe (forced update)
[2026-10-07T14:18:37+08:00] incremental publish OK -> v2-results-ladder-probe (cells=0)
To https://github.com/xieguaiwu/LLMs-and-impossible-language-acquisition.git
 + 853c08a1...6fd1ddd8 6fd1ddd8ec664dc562380ba40b901165497e1387 -> v2-results-ladder-probe (forced update)
[2026-10-07T14:31:54+08:00] incremental publish OK -> v2-results-ladder-probe (cells=0)
To https://github.com/xieguaiwu/LLMs-and-impossible-language-acquisition.git
 + 6fd1ddd8...7b2277c5 7b2277c597b89760894ca87884e95912199a9fbf -> v2-results-ladder-probe (forced update)
[2026-10-07T14:45:13+08:00] incremental publish OK -> v2-results-ladder-probe (cells=0)
To https://github.com/xieguaiwu/LLMs-and-impossible-language-acquisition.git
 + 7b2277c5...f4523ad9 f4523ad98d84fc0c321c9d58af7c8499d9152d7e -> v2-results-ladder-probe (forced update)
[2026-10-07T14:58:25+08:00] incremental publish OK -> v2-results-ladder-probe (cells=0)
To https://github.com/xieguaiwu/LLMs-and-impossible-language-acquisition.git
 + f4523ad9...5636c205 5636c205748aa6681fa4b3fed52db7c304d0ad9c -> v2-results-ladder-probe (forced update)
[2026-10-07T15:11:35+08:00] incremental publish OK -> v2-results-ladder-probe (cells=0)
To https://github.com/xieguaiwu/LLMs-and-impossible-language-acquisition.git
 + 5636c205...06aae546 06aae546d54beebdb1b17c2d500dd89db567f999 -> v2-results-ladder-probe (forced update)
[2026-10-07T15:25:08+08:00] incremental publish OK -> v2-results-ladder-probe (cells=0)
To https://github.com/xieguaiwu/LLMs-and-impossible-language-acquisition.git
 + 06aae546...af6f3767 af6f376741def8fe63b441a38a07fdad6a21c6fa -> v2-results-ladder-probe (forced update)
[2026-10-07T15:38:13+08:00] incremental publish OK -> v2-results-ladder-probe (cells=0)
To https://github.com/xieguaiwu/LLMs-and-impossible-language-acquisition.git
 + af6f3767...4ae883f5 4ae883f5a64c757be620e476101bb1af57872c02 -> v2-results-ladder-probe (forced update)
[2026-10-07T15:51:17+08:00] incremental publish OK -> v2-results-ladder-probe (cells=0)
To https://github.com/xieguaiwu/LLMs-and-impossible-language-acquisition.git
 + 4ae883f5...6340354e 6340354eea2fc537b817eec53862e1ec0cdffc53 -> v2-results-ladder-probe (forced update)
[2026-10-07T16:04:01+08:00] incremental publish OK -> v2-results-ladder-probe (cells=0)
To https://github.com/xieguaiwu/LLMs-and-impossible-language-acquisition.git
 + 6340354e...0f4c01d8 0f4c01d85e05ab854f65f44727f9fe4c352fa8d4 -> v2-results-ladder-probe (forced update)
[2026-10-07T16:16:44+08:00] incremental publish OK -> v2-results-ladder-probe (cells=0)
To https://github.com/xieguaiwu/LLMs-and-impossible-language-acquisition.git
 + 0f4c01d8...257df587 257df5870b89fcf12a66fde3f48db05c26ce0978 -> v2-results-ladder-probe (forced update)
[2026-10-07T16:29:17+08:00] incremental publish OK -> v2-results-ladder-probe (cells=0)
To https://github.com/xieguaiwu/LLMs-and-impossible-language-acquisition.git
 + 257df587...ac481327 ac4813276f8ecc1f4ff238c972fb4ccaf53ba83c -> v2-results-ladder-probe (forced update)
[2026-10-07T16:41:57+08:00] incremental publish OK -> v2-results-ladder-probe (cells=0)
To https://github.com/xieguaiwu/LLMs-and-impossible-language-acquisition.git
 + ac481327...8e655179 8e65517980b84dc046918315bc3a78d8c94b9a42 -> v2-results-ladder-probe (forced update)
[2026-10-07T16:54:36+08:00] incremental publish OK -> v2-results-ladder-probe (cells=0)
To https://github.com/xieguaiwu/LLMs-and-impossible-language-acquisition.git
 + 8e655179...f2acc1dc f2acc1dcb29679d30770517e839272e8212cad72 -> v2-results-ladder-probe (forced update)
[2026-10-07T17:07:05+08:00] incremental publish OK -> v2-results-ladder-probe (cells=0)
To https://github.com/xieguaiwu/LLMs-and-impossible-language-acquisition.git
 + f2acc1dc...a2763d08 a2763d081cb7ddbdd44ad26296dede1fbdbc3c37 -> v2-results-ladder-probe (forced update)
[2026-10-07T17:19:56+08:00] incremental publish OK -> v2-results-ladder-probe (cells=0)
To https://github.com/xieguaiwu/LLMs-and-impossible-language-acquisition.git
 + a2763d08...1850cc33 1850cc338c71a51d3c12e06170576a5e34b78e41 -> v2-results-ladder-probe (forced update)
[2026-10-07T17:34:58+08:00] incremental publish OK -> v2-results-ladder-probe (cells=0)
To https://github.com/xieguaiwu/LLMs-and-impossible-language-acquisition.git
 + 1850cc33...57d2b179 57d2b179760f508b2f75ea5ef003fcfe5cbd45bf -> v2-results-ladder-probe (forced update)
[2026-10-07T17:47:24+08:00] incremental publish OK -> v2-results-ladder-probe (cells=0)
To https://github.com/xieguaiwu/LLMs-and-impossible-language-acquisition.git
 + 57d2b179...0ad8bcef 0ad8bcefb1479aaee22fca491bb76cfb57302ab5 -> v2-results-ladder-probe (forced update)
[2026-10-07T18:00:01+08:00] incremental publish OK -> v2-results-ladder-probe (cells=0)
To https://github.com/xieguaiwu/LLMs-and-impossible-language-acquisition.git
 + 0ad8bcef...9353412c 9353412c83a122269809591c4ae8247362c181f2 -> v2-results-ladder-probe (forced update)
[2026-10-07T18:12:12+08:00] incremental publish OK -> v2-results-ladder-probe (cells=0)
To https://github.com/xieguaiwu/LLMs-and-impossible-language-acquisition.git
 + 9353412c...347028e7 347028e739ea7a4c6873a25705968cdfb8328cab -> v2-results-ladder-probe (forced update)
[2026-10-07T18:24:51+08:00] incremental publish OK -> v2-results-ladder-probe (cells=0)
To https://github.com/xieguaiwu/LLMs-and-impossible-language-acquisition.git
 + 347028e7...c01a97c9 c01a97c9f3c34e0738fdf46369eac6a0e6ca6158 -> v2-results-ladder-probe (forced update)
[2026-10-07T18:37:20+08:00] incremental publish OK -> v2-results-ladder-probe (cells=0)
To https://github.com/xieguaiwu/LLMs-and-impossible-language-acquisition.git
 + c01a97c9...8c8a110d 8c8a110d7ec0196cf5fe903048945472b847f28d -> v2-results-ladder-probe (forced update)
[2026-10-07T18:49:39+08:00] incremental publish OK -> v2-results-ladder-probe (cells=0)
To https://github.com/xieguaiwu/LLMs-and-impossible-language-acquisition.git
 + 8c8a110d...81dee2d2 81dee2d2f0e21e6b2a8bc379e4d9651852d5e1ed -> v2-results-ladder-probe (forced update)
[2026-10-07T19:02:04+08:00] incremental publish OK -> v2-results-ladder-probe (cells=0)
To https://github.com/xieguaiwu/LLMs-and-impossible-language-acquisition.git
 + 81dee2d2...f72658ab f72658ab528958b08507cc3d081048a1c1b719b7 -> v2-results-ladder-probe (forced update)
[2026-10-07T19:14:39+08:00] incremental publish OK -> v2-results-ladder-probe (cells=0)
To https://github.com/xieguaiwu/LLMs-and-impossible-language-acquisition.git
 + f72658ab...98c4a237 98c4a2370548f047574b40823673fc4792f6bc65 -> v2-results-ladder-probe (forced update)
[2026-10-07T19:27:17+08:00] incremental publish OK -> v2-results-ladder-probe (cells=0)
To https://github.com/xieguaiwu/LLMs-and-impossible-language-acquisition.git
 + 98c4a237...ca5afe1d ca5afe1d24905252c75e1031bb5f616f5de936bb -> v2-results-ladder-probe (forced update)
[2026-10-07T19:39:56+08:00] incremental publish OK -> v2-results-ladder-probe (cells=0)
To https://github.com/xieguaiwu/LLMs-and-impossible-language-acquisition.git
 + ca5afe1d...738af16e 738af16e6dd2dad174edae3411b77fc8d678ccd8 -> v2-results-ladder-probe (forced update)
[2026-10-07T19:53:28+08:00] incremental publish OK -> v2-results-ladder-probe (cells=0)
To https://github.com/xieguaiwu/LLMs-and-impossible-language-acquisition.git
 + 738af16e...574de472 574de4727a9c5c45613f9d494ae958de2c5c54da -> v2-results-ladder-probe (forced update)
[2026-10-07T20:06:53+08:00] incremental publish OK -> v2-results-ladder-probe (cells=0)
To https://github.com/xieguaiwu/LLMs-and-impossible-language-acquisition.git
 + 574de472...1f9c0f41 1f9c0f41ad4782e768fd63ba4ed4c271dd36eb03 -> v2-results-ladder-probe (forced update)
[2026-10-07T20:20:56+08:00] incremental publish OK -> v2-results-ladder-probe (cells=0)
To https://github.com/xieguaiwu/LLMs-and-impossible-language-acquisition.git
 + 1f9c0f41...5baad5fb 5baad5fb740c087b9a0411f421d0850df43359f8 -> v2-results-ladder-probe (forced update)
[2026-10-07T20:42:49+08:00] incremental publish OK -> v2-results-ladder-probe (cells=0)
To https://github.com/xieguaiwu/LLMs-and-impossible-language-acquisition.git
 + 5baad5fb...6392cdb1 6392cdb169aa246f4f67a7fa88dfb83385e0b401 -> v2-results-ladder-probe (forced update)
[2026-10-07T20:56:59+08:00] incremental publish OK -> v2-results-ladder-probe (cells=0)
To https://github.com/xieguaiwu/LLMs-and-impossible-language-acquisition.git
 + 6392cdb1...1ff95994 1ff95994b9374b5fde058bbffea7ea19fd7cb8f3 -> v2-results-ladder-probe (forced update)
[2026-10-07T21:11:11+08:00] incremental publish OK -> v2-results-ladder-probe (cells=0)
To https://github.com/xieguaiwu/LLMs-and-impossible-language-acquisition.git
 + 1ff95994...b0aba2da b0aba2da505304e15f0d76007d5d7e9b4fc0a38c -> v2-results-ladder-probe (forced update)
[2026-10-07T21:26:09+08:00] incremental publish OK -> v2-results-ladder-probe (cells=0)
To https://github.com/xieguaiwu/LLMs-and-impossible-language-acquisition.git
 + b0aba2da...82c597df 82c597df936c47aa7789c1dc5b7f38d2a1784c47 -> v2-results-ladder-probe (forced update)
[2026-10-07T21:40:39+08:00] incremental publish OK -> v2-results-ladder-probe (cells=0)
To https://github.com/xieguaiwu/LLMs-and-impossible-language-acquisition.git
 + 82c597df...caf3ad3f caf3ad3f8564695b71dde10991afbaa41634b92d -> v2-results-ladder-probe (forced update)
[2026-10-07T21:56:48+08:00] incremental publish OK -> v2-results-ladder-probe (cells=0)
To https://github.com/xieguaiwu/LLMs-and-impossible-language-acquisition.git
 + caf3ad3f...55de8fd7 55de8fd714d935cc50fabdf1a51cd1fab0d85c59 -> v2-results-ladder-probe (forced update)
[2026-10-07T22:11:16+08:00] incremental publish OK -> v2-results-ladder-probe (cells=0)
To https://github.com/xieguaiwu/LLMs-and-impossible-language-acquisition.git
 + 55de8fd7...c9b36fcd c9b36fcdd113668ebaad72f4ca2065ab02fb5a53 -> v2-results-ladder-probe (forced update)
[2026-10-07T22:25:52+08:00] incremental publish OK -> v2-results-ladder-probe (cells=0)
To https://github.com/xieguaiwu/LLMs-and-impossible-language-acquisition.git
 + c9b36fcd...4d7f5fb2 4d7f5fb26c9001ea1a4320906696c9cb7d79ad78 -> v2-results-ladder-probe (forced update)
[2026-10-07T22:40:44+08:00] incremental publish OK -> v2-results-ladder-probe (cells=0)
To https://github.com/xieguaiwu/LLMs-and-impossible-language-acquisition.git
 + 4d7f5fb2...81592dfb 81592dfbc319f246b0f142fdb2fce52db85292a5 -> v2-results-ladder-probe (forced update)
[2026-10-07T22:55:39+08:00] incremental publish OK -> v2-results-ladder-probe (cells=0)
remote: Internal Server Error        
remote: Request ID 8830:1E9781:BD20E:1355A6:6AC660EA        
remote: Time 2026-10-07T15:10:35Z
To https://github.com/xieguaiwu/LLMs-and-impossible-language-acquisition.git
 ! [remote rejected]   fe0684dcfa5fa5666e718f751d70e825a0c0f361 -> v2-results-ladder-probe (Internal Server Error)
error: 无法推送一些引用到 'https://github.com/xieguaiwu/LLMs-and-impossible-language-acquisition.git'
[2026-10-07T23:10:35+08:00] incremental publish FAILED (cells=0)
To https://github.com/xieguaiwu/LLMs-and-impossible-language-acquisition.git
 + 81592dfb...e264b64d e264b64d53d1813a3eef6f504452cf4209b0e3e7 -> v2-results-ladder-probe (forced update)
[2026-10-07T23:25:19+08:00] incremental publish OK -> v2-results-ladder-probe (cells=0)
To https://github.com/xieguaiwu/LLMs-and-impossible-language-acquisition.git
 + e264b64d...212cb5f1 212cb5f152c4cd88ce740b1a8f6f25d9a82c165e -> v2-results-ladder-probe (forced update)
[2026-10-07T23:39:40+08:00] incremental publish OK -> v2-results-ladder-probe (cells=0)
